USE,CATEGORY,ELIGIBILITY_COEFFICIENT,RULE_VERSION,EVIDENCE_NOTE
AD_GRASS,DEEP_WELL_DRAINED,1,SC3_STAGEA_PRINCIPAL_V1,"Released livestock land is already grassland; continuing grass biomass use is physically admissible on mapped mineral grassland resource."
AD_GRASS,SHALLOW_WELL_DRAINED,1,SC3_STAGEA_PRINCIPAL_V1,"Released livestock land is already grassland; continuing grass biomass use is physically admissible on mapped mineral grassland resource."
AD_GRASS,POORLY_DRAINED,1,SC3_STAGEA_PRINCIPAL_V1,"Released livestock land is already grassland; continuing grass biomass use is physically admissible, although productivity may be lower and is not encoded as hard eligibility."
AD_GRASS,POORLY_DRAINED_PEATY,1,SC3_STAGEA_PRINCIPAL_V1,"Released livestock land is already grassland; continuing grass biomass use is physically admissible. Peaty status affects opportunity and environmental interpretation rather than binary grass eligibility."
AD_GRASS,ALLUVIUM,1,SC3_STAGEA_PRINCIPAL_V1,"Released livestock land is already grassland; continuing grass biomass use is physically admissible on alluvial agricultural resource."
AD_GRASS,PEAT,1,SC3_STAGEA_PRINCIPAL_V1,"Released livestock land is already grassland; grass biomass use is physically possible on agricultural peat grassland, while restoration implications are assessed separately."
AD_GRASS,MISCELLANEOUS,0,SC3_STAGEA_PRINCIPAL_V1,"Miscellaneous class lacks a sufficiently interpretable soil/drainage basis for principal productive eligibility."
BIOREFINERY_GRASS,DEEP_WELL_DRAINED,1,SC3_STAGEA_PRINCIPAL_V1,"Released livestock land is already grassland; continuing grass biomass use is physically admissible on mapped mineral grassland resource."
BIOREFINERY_GRASS,SHALLOW_WELL_DRAINED,1,SC3_STAGEA_PRINCIPAL_V1,"Released livestock land is already grassland; continuing grass biomass use is physically admissible on mapped mineral grassland resource."
BIOREFINERY_GRASS,POORLY_DRAINED,1,SC3_STAGEA_PRINCIPAL_V1,"Released livestock land is already grassland; continuing grass biomass use is physically admissible, although productivity may be lower and is not encoded as hard eligibility."
BIOREFINERY_GRASS,POORLY_DRAINED_PEATY,1,SC3_STAGEA_PRINCIPAL_V1,"Released livestock land is already grassland; continuing grass biomass use is physically admissible. Peaty status affects opportunity and environmental interpretation rather than binary grass eligibility."
BIOREFINERY_GRASS,ALLUVIUM,1,SC3_STAGEA_PRINCIPAL_V1,"Released livestock land is already grassland; continuing grass biomass use is physically admissible on alluvial agricultural resource."
BIOREFINERY_GRASS,PEAT,1,SC3_STAGEA_PRINCIPAL_V1,"Released livestock land is already grassland; grass biomass use is physically possible on agricultural peat grassland, while restoration implications are assessed separately."
BIOREFINERY_GRASS,MISCELLANEOUS,0,SC3_STAGEA_PRINCIPAL_V1,"Miscellaneous class lacks a sufficiently interpretable soil/drainage basis for principal productive eligibility."
WILLOW,DEEP_WELL_DRAINED,1,SC3_STAGEA_PRINCIPAL_V1,"Irish SRC guidance states most agricultural soils can support willow where moisture is adequate; deep well-drained mineral soils are retained as physically eligible."
WILLOW,SHALLOW_WELL_DRAINED,1,SC3_STAGEA_PRINCIPAL_V1,"Irish SRC guidance supports willow on agricultural soils where cultivation depth and moisture are adequate; shallow well-drained mineral soils are retained as physically eligible at this screening scale."
WILLOW,POORLY_DRAINED,0,SC3_STAGEA_PRINCIPAL_V1,"Teagasc SRC guidance advises avoiding sites prone to frequent waterlogging and boggy conditions; poorly drained class is conservatively excluded."
WILLOW,POORLY_DRAINED_PEATY,0,SC3_STAGEA_PRINCIPAL_V1,"Peaty and waterlogged conditions are inconsistent with principal SRC willow site guidance; conservatively excluded."
WILLOW,ALLUVIUM,1,SC3_STAGEA_PRINCIPAL_V1,"Willow benefits from moisture-retentive soils and can tolerate occasional inundation; alluvium retained as physically eligible at broad screening scale."
WILLOW,PEAT,0,SC3_STAGEA_PRINCIPAL_V1,"Teagasc SRC guidance advises avoiding highly organic or peaty soils; excluded."
WILLOW,MISCELLANEOUS,0,SC3_STAGEA_PRINCIPAL_V1,"Miscellaneous class lacks a sufficiently interpretable soil/drainage basis for principal productive eligibility."
ADDITIONAL_TILLAGE,DEEP_WELL_DRAINED,1,SC3_STAGEA_PRINCIPAL_V1,"Irish soil-use guidance identifies freely/well-drained mineral soils as the principal highly suitable tillage resource."
ADDITIONAL_TILLAGE,SHALLOW_WELL_DRAINED,1,SC3_STAGEA_PRINCIPAL_V1,"Irish soil-use guidance recognises some shallow well-drained soils as suitable or moderately suitable for tillage; retained at broad screening scale."
ADDITIONAL_TILLAGE,POORLY_DRAINED,0,SC3_STAGEA_PRINCIPAL_V1,"Poor drainage imposes machinery, aeration and cultivation limitations; conservatively excluded from principal additional-tillage eligibility."
ADDITIONAL_TILLAGE,POORLY_DRAINED_PEATY,0,SC3_STAGEA_PRINCIPAL_V1,"Poor drainage and peaty conditions impose strong cultivation limitations; excluded."
ADDITIONAL_TILLAGE,ALLUVIUM,0,SC3_STAGEA_PRINCIPAL_V1,"Alluvium is heterogeneous and flood/drainage status is not resolved by this broad class; conservatively excluded from principal tillage eligibility."
ADDITIONAL_TILLAGE,PEAT,0,SC3_STAGEA_PRINCIPAL_V1,"Peat is excluded from principal additional-tillage eligibility."
ADDITIONAL_TILLAGE,MISCELLANEOUS,0,SC3_STAGEA_PRINCIPAL_V1,"Miscellaneous class lacks a sufficiently interpretable soil/drainage basis for principal productive eligibility."
FOREST,DEEP_WELL_DRAINED,1,SC3_STAGEA_PRINCIPAL_V1,"Irish afforestation guidance accepts free-draining agricultural soils; deep well-drained mineral resource is physically eligible."
FOREST,SHALLOW_WELL_DRAINED,1,SC3_STAGEA_PRINCIPAL_V1,"Mineral agricultural soils without peat are retained as physically eligible at this broad screening stage; productivity and statutory constraints are separate."
FOREST,POORLY_DRAINED,1,SC3_STAGEA_PRINCIPAL_V1,"Irish Forestry for Fibre guidance explicitly allows surface-water gleys without a peat layer; poorly drained mineral soils retained as physically eligible."
FOREST,POORLY_DRAINED_PEATY,0,SC3_STAGEA_PRINCIPAL_V1,"Peat-bearing poorly drained resource is conservatively excluded from principal productive forestry eligibility."
FOREST,ALLUVIUM,0,SC3_STAGEA_PRINCIPAL_V1,"Alluvial class is heterogeneous and may include flood-prone land; without finer site evidence it is conservatively excluded from principal forestry eligibility."
FOREST,PEAT,0,SC3_STAGEA_PRINCIPAL_V1,"Principal productive forestry screen excludes peat; environmental/restoration treatment remains separate."
FOREST,MISCELLANEOUS,0,SC3_STAGEA_PRINCIPAL_V1,"Miscellaneous class lacks a sufficiently interpretable soil/drainage basis for principal productive eligibility."
