YEAR,LEVEL,AREA,NUTS3_REGION,AGRICULTURAL_HOLDINGS,TOTAL_UAA_HA,MEAN_FARM_SIZE_HA,MEDIAN_FARM_SIZE_HA,MEAN_AGE_HOLDER,MEDIAN_AGE_HOLDER,FEMALE_HOLDERS,FEMALE_SHARE_PCT,MALE_HOLDERS,MALE_SHARE_PCT,SOURCE_TABLE,SOURCE_TYPE,SOURCE_URL,NOTES
2013,State,Ireland,,139595,4536434,32.5,23.7,55.7,56.0,16550,11.9,123045,88.1,FSS 2013 / FSS 2023 historical comparison,Official CSO structural anchor,https://www.cso.ie/en/releasesandpublications/ep/p-fss/farmstructuresurvey2023/,"National anchor. Intended for temporal control, not ED observation."
2016,State,Ireland,,137560,4455795,32.4,23.3,56.3,56.0,16108,11.7,121452,88.3,FSS 2016 / FSS 2023 historical comparison,Official CSO structural anchor,https://www.cso.ie/en/releasesandpublications/ep/p-fss/farmstructuresurvey2023/,"National anchor. Intended for temporal control, not ED observation."
2020,State,Ireland,,135037,4509256,33.4,23.3,57.2,57.0,18101,13.4,116936,86.6,Census of Agriculture 2020; Table 3.6 / FSS comparison,Official CSO census anchor,https://www.cso.ie/en/releasesandpublications/ep/p-coa/censusofagriculture2020-preliminaryresults/demographicprofileoffarmholders/,National 2020 anchor. ED-level 2020 values in the master remain authoritative.
2023,State,Ireland,,133174,4620096,34.7,21.3,59.4,60.0,17519,13.2,115655,86.8,"FSS 2023 Tables 2.1, 3.1, 3.6",Official CSO survey anchor,https://www.cso.ie/en/releasesandpublications/ep/p-fss/farmstructuresurvey2023/,National 2023 structural and demographic control.
2020,County,Cavan,Border,5111,,,,56.4,57.0,574,11.2,4537,88.8,Census of Agriculture 2020 Tables 3.3 and 3.6,Official CSO county census control,https://www.cso.ie/en/releasesandpublications/ep/p-coa/censusofagriculture2020-preliminaryresults/demographicprofileoffarmholders/,Use for 2020->2023 county holdings/age/gender control. ED 2020 baseline remains fixed.
2020,County,Donegal,Border,9347,,,,56.6,56.0,1254,13.4,8093,86.6,Census of Agriculture 2020 Tables 3.3 and 3.6,Official CSO county census control,https://www.cso.ie/en/releasesandpublications/ep/p-coa/censusofagriculture2020-preliminaryresults/demographicprofileoffarmholders/,Use for 2020->2023 county holdings/age/gender control. ED 2020 baseline remains fixed.
2020,County,Leitrim,Border,3445,,,,57.9,59.0,535,15.5,2910,84.5,Census of Agriculture 2020 Tables 3.3 and 3.6,Official CSO county census control,https://www.cso.ie/en/releasesandpublications/ep/p-coa/censusofagriculture2020-preliminaryresults/demographicprofileoffarmholders/,Use for 2020->2023 county holdings/age/gender control. ED 2020 baseline remains fixed.
2020,County,Monaghan,Border,4478,,,,56.0,56.0,467,10.4,4011,89.6,Census of Agriculture 2020 Tables 3.3 and 3.6,Official CSO county census control,https://www.cso.ie/en/releasesandpublications/ep/p-coa/censusofagriculture2020-preliminaryresults/demographicprofileoffarmholders/,Use for 2020->2023 county holdings/age/gender control. ED 2020 baseline remains fixed.
2020,County,Sligo,Border,4181,,,,58.7,59.0,605,14.5,3576,85.5,Census of Agriculture 2020 Tables 3.3 and 3.6,Official CSO county census control,https://www.cso.ie/en/releasesandpublications/ep/p-coa/censusofagriculture2020-preliminaryresults/demographicprofileoffarmholders/,Use for 2020->2023 county holdings/age/gender control. ED 2020 baseline remains fixed.
2020,County,Galway,West,12717,,,,59.2,60.0,1755,13.8,10962,86.2,Census of Agriculture 2020 Tables 3.3 and 3.6,Official CSO county census control,https://www.cso.ie/en/releasesandpublications/ep/p-coa/censusofagriculture2020-preliminaryresults/demographicprofileoffarmholders/,Use for 2020->2023 county holdings/age/gender control. ED 2020 baseline remains fixed.
2020,County,Mayo,West,11920,,,,59.1,60.0,1902,16.0,10018,84.0,Census of Agriculture 2020 Tables 3.3 and 3.6,Official CSO county census control,https://www.cso.ie/en/releasesandpublications/ep/p-coa/censusofagriculture2020-preliminaryresults/demographicprofileoffarmholders/,Use for 2020->2023 county holdings/age/gender control. ED 2020 baseline remains fixed.
2020,County,Roscommon,West,6089,,,,58.4,59.0,784,12.9,5305,87.1,Census of Agriculture 2020 Tables 3.3 and 3.6,Official CSO county census control,https://www.cso.ie/en/releasesandpublications/ep/p-coa/censusofagriculture2020-preliminaryresults/demographicprofileoffarmholders/,Use for 2020->2023 county holdings/age/gender control. ED 2020 baseline remains fixed.
2020,County,Clare,Mid-West,6297,,,,57.3,58.0,847,13.5,5450,86.5,Census of Agriculture 2020 Tables 3.3 and 3.6,Official CSO county census control,https://www.cso.ie/en/releasesandpublications/ep/p-coa/censusofagriculture2020-preliminaryresults/demographicprofileoffarmholders/,Use for 2020->2023 county holdings/age/gender control. ED 2020 baseline remains fixed.
2020,County,Limerick,Mid-West,5630,,,,56.8,57.0,735,13.1,4895,86.9,Census of Agriculture 2020 Tables 3.3 and 3.6,Official CSO county census control,https://www.cso.ie/en/releasesandpublications/ep/p-coa/censusofagriculture2020-preliminaryresults/demographicprofileoffarmholders/,Use for 2020->2023 county holdings/age/gender control. ED 2020 baseline remains fixed.
2020,County,Tipperary,Mid-West,7404,,,,56.0,56.0,944,12.7,6460,87.3,Census of Agriculture 2020 Tables 3.3 and 3.6,Official CSO county census control,https://www.cso.ie/en/releasesandpublications/ep/p-coa/censusofagriculture2020-preliminaryresults/demographicprofileoffarmholders/,Use for 2020->2023 county holdings/age/gender control. ED 2020 baseline remains fixed.
2020,County,Carlow,South-East,1723,,,,57.0,57.0,202,11.7,1521,88.3,Census of Agriculture 2020 Tables 3.3 and 3.6,Official CSO county census control,https://www.cso.ie/en/releasesandpublications/ep/p-coa/censusofagriculture2020-preliminaryresults/demographicprofileoffarmholders/,Use for 2020->2023 county holdings/age/gender control. ED 2020 baseline remains fixed.
2020,County,Kilkenny,South-East,3573,,,,56.0,56.0,393,11.0,3180,89.0,Census of Agriculture 2020 Tables 3.3 and 3.6,Official CSO county census control,https://www.cso.ie/en/releasesandpublications/ep/p-coa/censusofagriculture2020-preliminaryresults/demographicprofileoffarmholders/,Use for 2020->2023 county holdings/age/gender control. ED 2020 baseline remains fixed.
2020,County,Waterford,South-East,2600,,,,56.3,56.0,385,14.8,2215,85.2,Census of Agriculture 2020 Tables 3.3 and 3.6,Official CSO county census control,https://www.cso.ie/en/releasesandpublications/ep/p-coa/censusofagriculture2020-preliminaryresults/demographicprofileoffarmholders/,Use for 2020->2023 county holdings/age/gender control. ED 2020 baseline remains fixed.
2020,County,Wexford,South-East,4330,,,,56.0,56.0,606,14.0,3724,86.0,Census of Agriculture 2020 Tables 3.3 and 3.6,Official CSO county census control,https://www.cso.ie/en/releasesandpublications/ep/p-coa/censusofagriculture2020-preliminaryresults/demographicprofileoffarmholders/,Use for 2020->2023 county holdings/age/gender control. ED 2020 baseline remains fixed.
2020,County,Cork,South-West,13704,,,,55.5,55.0,1927,14.1,11777,85.9,Census of Agriculture 2020 Tables 3.3 and 3.6,Official CSO county census control,https://www.cso.ie/en/releasesandpublications/ep/p-coa/censusofagriculture2020-preliminaryresults/demographicprofileoffarmholders/,Use for 2020->2023 county holdings/age/gender control. ED 2020 baseline remains fixed.
2020,County,Kerry,South-West,8207,,,,56.8,57.0,1158,14.1,7049,85.9,Census of Agriculture 2020 Tables 3.3 and 3.6,Official CSO county census control,https://www.cso.ie/en/releasesandpublications/ep/p-coa/censusofagriculture2020-preliminaryresults/demographicprofileoffarmholders/,Use for 2020->2023 county holdings/age/gender control. ED 2020 baseline remains fixed.
2020,County,Dublin,Mid-East and Dublin,699,,,,58.5,59.0,92,13.2,607,86.8,Census of Agriculture 2020 Tables 3.3 and 3.6,Official CSO county census control,https://www.cso.ie/en/releasesandpublications/ep/p-coa/censusofagriculture2020-preliminaryresults/demographicprofileoffarmholders/,Use for 2020->2023 county holdings/age/gender control. ED 2020 baseline remains fixed.
2020,County,Kildare,Mid-East and Dublin,2534,,,,57.9,58.0,322,12.7,2212,87.3,Census of Agriculture 2020 Tables 3.3 and 3.6,Official CSO county census control,https://www.cso.ie/en/releasesandpublications/ep/p-coa/censusofagriculture2020-preliminaryresults/demographicprofileoffarmholders/,Use for 2020->2023 county holdings/age/gender control. ED 2020 baseline remains fixed.
2020,County,Louth,Mid-East and Dublin,1629,,,,58.0,58.0,208,12.8,1421,87.2,Census of Agriculture 2020 Tables 3.3 and 3.6,Official CSO county census control,https://www.cso.ie/en/releasesandpublications/ep/p-coa/censusofagriculture2020-preliminaryresults/demographicprofileoffarmholders/,Use for 2020->2023 county holdings/age/gender control. ED 2020 baseline remains fixed.
2020,County,Meath,Mid-East and Dublin,4508,,,,57.9,58.0,601,13.3,3907,86.7,Census of Agriculture 2020 Tables 3.3 and 3.6,Official CSO county census control,https://www.cso.ie/en/releasesandpublications/ep/p-coa/censusofagriculture2020-preliminaryresults/demographicprofileoffarmholders/,Use for 2020->2023 county holdings/age/gender control. ED 2020 baseline remains fixed.
2020,County,Wicklow,Mid-East and Dublin,2456,,,,57.3,57.0,346,14.1,2110,85.9,Census of Agriculture 2020 Tables 3.3 and 3.6,Official CSO county census control,https://www.cso.ie/en/releasesandpublications/ep/p-coa/censusofagriculture2020-preliminaryresults/demographicprofileoffarmholders/,Use for 2020->2023 county holdings/age/gender control. ED 2020 baseline remains fixed.
2020,County,Laois,Midlands,3203,,,,56.3,56.0,361,11.3,2842,88.7,Census of Agriculture 2020 Tables 3.3 and 3.6,Official CSO county census control,https://www.cso.ie/en/releasesandpublications/ep/p-coa/censusofagriculture2020-preliminaryresults/demographicprofileoffarmholders/,Use for 2020->2023 county holdings/age/gender control. ED 2020 baseline remains fixed.
2020,County,Longford,Midlands,2515,,,,57.4,58.0,315,12.5,2200,87.5,Census of Agriculture 2020 Tables 3.3 and 3.6,Official CSO county census control,https://www.cso.ie/en/releasesandpublications/ep/p-coa/censusofagriculture2020-preliminaryresults/demographicprofileoffarmholders/,Use for 2020->2023 county holdings/age/gender control. ED 2020 baseline remains fixed.
2020,County,Offaly,Midlands,3300,,,,56.4,56.0,384,11.6,2916,88.4,Census of Agriculture 2020 Tables 3.3 and 3.6,Official CSO county census control,https://www.cso.ie/en/releasesandpublications/ep/p-coa/censusofagriculture2020-preliminaryresults/demographicprofileoffarmholders/,Use for 2020->2023 county holdings/age/gender control. ED 2020 baseline remains fixed.
2020,County,Westmeath,Midlands,3437,,,,57.5,58.0,399,11.6,3038,88.4,Census of Agriculture 2020 Tables 3.3 and 3.6,Official CSO county census control,https://www.cso.ie/en/releasesandpublications/ep/p-coa/censusofagriculture2020-preliminaryresults/demographicprofileoffarmholders/,Use for 2020->2023 county holdings/age/gender control. ED 2020 baseline remains fixed.
2023,County,Cavan,Border,5069,,25.3,18.2,58.2,59.0,577,11.4,4492,88.6,"FSS 2023 Tables 2.2, 3.2 and 3.6",Official CSO county survey control,https://www.cso.ie/en/releasesandpublications/ep/p-fss/farmstructuresurvey2023/,"Use as 2023 county control for holdings, farm size, age and optional holder-sex metrics."
2023,County,Donegal,Border,9333,,32.1,17.1,58.0,58.0,1286,13.8,8047,86.2,"FSS 2023 Tables 2.2, 3.2 and 3.6",Official CSO county survey control,https://www.cso.ie/en/releasesandpublications/ep/p-fss/farmstructuresurvey2023/,"Use as 2023 county control for holdings, farm size, age and optional holder-sex metrics."
2023,County,Leitrim,Border,3458,,26.9,17.9,59.4,60.0,532,15.4,2926,84.6,"FSS 2023 Tables 2.2, 3.2 and 3.6",Official CSO county survey control,https://www.cso.ie/en/releasesandpublications/ep/p-fss/farmstructuresurvey2023/,"Use as 2023 county control for holdings, farm size, age and optional holder-sex metrics."
2023,County,Monaghan,Border,4420,,22.4,16.6,58.1,59.0,453,10.2,3967,89.8,"FSS 2023 Tables 2.2, 3.2 and 3.6",Official CSO county survey control,https://www.cso.ie/en/releasesandpublications/ep/p-fss/farmstructuresurvey2023/,"Use as 2023 county control for holdings, farm size, age and optional holder-sex metrics."
2023,County,Sligo,Border,4086,,27.7,17.6,60.0,61.0,578,14.1,3508,85.9,"FSS 2023 Tables 2.2, 3.2 and 3.6",Official CSO county survey control,https://www.cso.ie/en/releasesandpublications/ep/p-fss/farmstructuresurvey2023/,"Use as 2023 county control for holdings, farm size, age and optional holder-sex metrics."
2023,County,Galway,West,12587,,29.9,17.7,60.9,62.0,1659,13.2,10928,86.8,"FSS 2023 Tables 2.2, 3.2 and 3.6",Official CSO county survey control,https://www.cso.ie/en/releasesandpublications/ep/p-fss/farmstructuresurvey2023/,"Use as 2023 county control for holdings, farm size, age and optional holder-sex metrics."
2023,County,Mayo,West,11670,,29.7,15.3,60.8,62.0,1814,15.5,9856,84.5,"FSS 2023 Tables 2.2, 3.2 and 3.6",Official CSO county survey control,https://www.cso.ie/en/releasesandpublications/ep/p-fss/farmstructuresurvey2023/,"Use as 2023 county control for holdings, farm size, age and optional holder-sex metrics."
2023,County,Roscommon,West,5947,,24.0,18.1,60.2,61.0,737,12.4,5210,87.6,"FSS 2023 Tables 2.2, 3.2 and 3.6",Official CSO county survey control,https://www.cso.ie/en/releasesandpublications/ep/p-fss/farmstructuresurvey2023/,"Use as 2023 county control for holdings, farm size, age and optional holder-sex metrics."
2023,County,Clare,Mid-West,6251,,31.5,23.0,59.4,60.0,817,13.1,5434,86.9,"FSS 2023 Tables 2.2, 3.2 and 3.6",Official CSO county survey control,https://www.cso.ie/en/releasesandpublications/ep/p-fss/farmstructuresurvey2023/,"Use as 2023 county control for holdings, farm size, age and optional holder-sex metrics."
2023,County,Limerick,Mid-West,5495,,35.8,25.1,59.7,60.0,708,12.9,4787,87.1,"FSS 2023 Tables 2.2, 3.2 and 3.6",Official CSO county survey control,https://www.cso.ie/en/releasesandpublications/ep/p-fss/farmstructuresurvey2023/,"Use as 2023 county control for holdings, farm size, age and optional holder-sex metrics."
2023,County,Tipperary,Mid-West,7289,,42.8,29.7,59.1,60.0,904,12.4,6385,87.6,"FSS 2023 Tables 2.2, 3.2 and 3.6",Official CSO county survey control,https://www.cso.ie/en/releasesandpublications/ep/p-fss/farmstructuresurvey2023/,"Use as 2023 county control for holdings, farm size, age and optional holder-sex metrics."
2023,County,Carlow,South-East,1735,,38.9,27.3,59.3,60.0,190,11.0,1545,89.0,"FSS 2023 Tables 2.2, 3.2 and 3.6",Official CSO county survey control,https://www.cso.ie/en/releasesandpublications/ep/p-fss/farmstructuresurvey2023/,"Use as 2023 county control for holdings, farm size, age and optional holder-sex metrics."
2023,County,Kilkenny,South-East,3479,,44.8,33.8,60.0,61.0,374,10.8,3105,89.2,"FSS 2023 Tables 2.2, 3.2 and 3.6",Official CSO county survey control,https://www.cso.ie/en/releasesandpublications/ep/p-fss/farmstructuresurvey2023/,"Use as 2023 county control for holdings, farm size, age and optional holder-sex metrics."
2023,County,Waterford,South-East,2589,,49.6,32.2,59.9,60.0,364,14.1,2225,85.9,"FSS 2023 Tables 2.2, 3.2 and 3.6",Official CSO county survey control,https://www.cso.ie/en/releasesandpublications/ep/p-fss/farmstructuresurvey2023/,"Use as 2023 county control for holdings, farm size, age and optional holder-sex metrics."
2023,County,Wexford,South-East,4261,,41.3,28.1,59.0,59.0,580,13.6,3681,86.4,"FSS 2023 Tables 2.2, 3.2 and 3.6",Official CSO county survey control,https://www.cso.ie/en/releasesandpublications/ep/p-fss/farmstructuresurvey2023/,"Use as 2023 county control for holdings, farm size, age and optional holder-sex metrics."
2023,County,Cork,South-West,13484,,39.6,28.7,58.5,59.0,1845,13.7,11639,86.3,"FSS 2023 Tables 2.2, 3.2 and 3.6",Official CSO county survey control,https://www.cso.ie/en/releasesandpublications/ep/p-fss/farmstructuresurvey2023/,"Use as 2023 county control for holdings, farm size, age and optional holder-sex metrics."
2023,County,Kerry,South-West,8031,,41.7,24.5,58.8,59.0,1125,14.0,6906,86.0,"FSS 2023 Tables 2.2, 3.2 and 3.6",Official CSO county survey control,https://www.cso.ie/en/releasesandpublications/ep/p-fss/farmstructuresurvey2023/,"Use as 2023 county control for holdings, farm size, age and optional holder-sex metrics."
2023,County,Dublin,Mid-East and Dublin,680,,46.8,19.7,60.6,61.0,87,12.8,593,87.2,"FSS 2023 Tables 2.2, 3.2 and 3.6",Official CSO county survey control,https://www.cso.ie/en/releasesandpublications/ep/p-fss/farmstructuresurvey2023/,"Use as 2023 county control for holdings, farm size, age and optional holder-sex metrics."
2023,County,Kildare,Mid-East and Dublin,2580,,43.2,24.5,60.0,60.0,343,13.3,2237,86.7,"FSS 2023 Tables 2.2, 3.2 and 3.6",Official CSO county survey control,https://www.cso.ie/en/releasesandpublications/ep/p-fss/farmstructuresurvey2023/,"Use as 2023 county control for holdings, farm size, age and optional holder-sex metrics."
2023,County,Louth,Mid-East and Dublin,1591,,37.3,19.8,59.9,60.0,200,12.6,1391,87.4,"FSS 2023 Tables 2.2, 3.2 and 3.6",Official CSO county survey control,https://www.cso.ie/en/releasesandpublications/ep/p-fss/farmstructuresurvey2023/,"Use as 2023 county control for holdings, farm size, age and optional holder-sex metrics."
2023,County,Meath,Mid-East and Dublin,4438,,41.4,24.3,59.9,61.0,588,13.2,3850,86.8,"FSS 2023 Tables 2.2, 3.2 and 3.6",Official CSO county survey control,https://www.cso.ie/en/releasesandpublications/ep/p-fss/farmstructuresurvey2023/,"Use as 2023 county control for holdings, farm size, age and optional holder-sex metrics."
2023,County,Wicklow,Mid-East and Dublin,2372,,51.5,28.3,59.7,60.0,325,13.7,2047,86.3,"FSS 2023 Tables 2.2, 3.2 and 3.6",Official CSO county survey control,https://www.cso.ie/en/releasesandpublications/ep/p-fss/farmstructuresurvey2023/,"Use as 2023 county control for holdings, farm size, age and optional holder-sex metrics."
2023,County,Laois,Midlands,3163,,37.3,26.5,59.4,60.0,356,11.3,2807,88.7,"FSS 2023 Tables 2.2, 3.2 and 3.6",Official CSO county survey control,https://www.cso.ie/en/releasesandpublications/ep/p-fss/farmstructuresurvey2023/,"Use as 2023 county control for holdings, farm size, age and optional holder-sex metrics."
2023,County,Longford,Midlands,2485,,23.1,15.7,59.6,60.0,305,12.3,2180,87.7,"FSS 2023 Tables 2.2, 3.2 and 3.6",Official CSO county survey control,https://www.cso.ie/en/releasesandpublications/ep/p-fss/farmstructuresurvey2023/,"Use as 2023 county control for holdings, farm size, age and optional holder-sex metrics."
2023,County,Offaly,Midlands,3259,,35.3,25.0,58.9,59.0,372,11.4,2887,88.6,"FSS 2023 Tables 2.2, 3.2 and 3.6",Official CSO county survey control,https://www.cso.ie/en/releasesandpublications/ep/p-fss/farmstructuresurvey2023/,"Use as 2023 county control for holdings, farm size, age and optional holder-sex metrics."
2023,County,Westmeath,Midlands,3422,,35.0,23.5,59.5,60.0,400,11.7,3022,88.3,"FSS 2023 Tables 2.2, 3.2 and 3.6",Official CSO county survey control,https://www.cso.ie/en/releasesandpublications/ep/p-fss/farmstructuresurvey2023/,"Use as 2023 county control for holdings, farm size, age and optional holder-sex metrics."
