Cohorts,2012,2013,2014,2015,2016,2017,2018,2019,2020
dairy_cows,1100.55,1122.85,1177.05,1267.85,1346.55,1388,1425,1465.3,1511.85
suckler_cows,1138.25,1117.7,1085.1,1064.5,1072.85,1049.65,1015.1,978.3,953
DxD_calves_m,296.5645213,255.1559659,234.5921405,265.7475147,298.1811946,260.9159772,244.2807165,229.5288809,248.6034044
DxD_calves_f,317.1101436,326.9200433,320.0101979,330.2353347,348.3256571,334.0051836,341.4743493,352.5200998,353.7365672
DxB_calves_m,178.7573218,175.7599948,204.4162991,243.7462715,256.6594085,291.4678002,293.4747108,292.0779527,320.162304
DxB_calves_f,177.239151,173.9147654,203.0680363,239.5647149,255.1718361,288.4017837,289.0438936,298.3403244,318.9379177
BxB_calves_m,508.4598136,453.322441,453.3163834,472.0607381,457.9758399,452.656449,419.9440475,397.1175568,405.9951708
BxB_calves_f,503.6538949,448.173658,449.9147874,463.7442591,455.0608037,447.6101827,413.3934535,405.2589693,404.151345
DxD_heifers_less_2_yr,309.4110422,319.3228429,309.8870959,324.9929814,342.3354005,327.6591318,335.0696058,346.4328988,346.5882016
DxD_steers_less_2_yr,288.9538761,243.0464062,220.9132191,259.8780396,294.2253826,255.6108175,238.1159093,221.6635921,239.4693704
DxB_heifers_less_2_yr,172.8172683,169.3764591,196.9989006,231.8758581,249.1977753,281.2709298,282.1299899,291.0900046,308.3218997
DxB_steers_less_2_yr,171.1895463,166.8804921,194.0350883,236.859199,249.8371777,282.3173868,283.8365389,282.5184184,309.2563276
BxB_heifers_less_2_yr,491.2628471,436.63808,436.6930949,449.0650263,444.490538,436.646917,403.5799837,395.4852962,390.8494704
BxB_steers_less_2_yr,487.3304178,430.8421194,430.7762674,458.8987406,445.9107183,438.6046199,406.2820319,384.245136,392.3285725
DxD_heifers_more_2_yr,10.01626148,9.340901777,9.734517434,11.31404613,11.54629654,10.36540938,10.7058075,9.814366617,10.46702461
DxD_steers_more_2_yr,51.81383458,35.09163578,57.59830987,68.39640077,59.56341366,40.40115429,46.1852497,43.56112643,58.23656831
DxB_heifers_more_2_yr,12.9307554,13.10321861,16.27307619,11.31783292,8.544601529,10.75201789,13.04670175,16.56374597,20.2147923
DxB_steers_more_2_yr,55.9590056,50.99509009,64.25631445,65.84221897,54.95376947,60.04095045,59.55263548,60.33820421,71.21756859
BxB_heifers_more_2_yr,30.70943737,38.55788132,55.71158601,48.94855478,38.67824228,42.21306441,49.24735161,50.10495523,56.56798695
BxB_steers_more_2_yr,82.09358661,68.53318041,87.03239569,86.38909389,50.28057717,45.22967361,46.53828397,40.12310278,62.66366722
bulls,51.15,50.15,52.4,54.2,54.95,55.1,54.8,53.45,50.95
Lowland ewes,2036.08,2016.4,1977.64,1960.16,1964.08,2095.4,2039.04,1997.28,2137.04
Upland ewes,509.02,504.1,494.41,490.04,491.02,523.85,509.76,499.32,534.26
Lowland lamb_less_1_yr,830.3896,872.6124,940.018,883.1768,860.7548,950.5376,941.8396,918.744,960.3852
Lowland male_less_1_yr,830.3896,872.6124,940.018,883.1768,860.7548,950.5376,941.8396,918.744,960.3852
Lowland lamb_more_1_yr,115.9529002,111.64,96.76517558,109.5052,128.7504,121.6568,128.4956,130.8344,102.7080746
Lowland ram,61.24,61.52,60.36,59.72,60.96,65.64,63.16,62.52,68.76
Upland lamb_less_1_yr,207.5974,218.1531,235.0045,220.7942,215.1887,237.6344,235.4599,229.686,240.0963
Upland male_less_1_yr,207.5974,218.1531,235.0045,220.7942,215.1887,237.6344,235.4599,229.686,240.0963
Upland lamb_more_1_yr,28.98822504,27.91,24.1912939,27.3763,32.1876,30.4142,32.1239,32.7086,25.67701864
Upland ram,15.31,15.38,15.09,14.93,15.24,16.41,15.79,15.63,17.19
