CENSUS_YEAR,COUNTY,TOTAL_CATTLE,DAIRY_COW,OTHER_COW,TOTAL_SHEEP,SOURCE
2010,Carlow,93795,10616,17458,154888,"CSO Census of Agriculture 2010 Final Results, Tables 8A and 8B"
2010,Cavan,219463,30638,49148,67237,"CSO Census of Agriculture 2010 Final Results, Tables 8A and 8B"
2010,Clare,276947,25409,76935,28405,"CSO Census of Agriculture 2010 Final Results, Tables 8A and 8B"
2010,Cork,990603,284050,93783,247766,"CSO Census of Agriculture 2010 Final Results, Tables 8A and 8B"
2010,Donegal,191288,15456,47203,576463,"CSO Census of Agriculture 2010 Final Results, Tables 8A and 8B"
2010,Dublin,23555,2745,4372,38052,"CSO Census of Agriculture 2010 Final Results, Tables 8A and 8B"
2010,Galway,420205,24928,109092,530267,"CSO Census of Agriculture 2010 Final Results, Tables 8A and 8B"
2010,Kerry,323957,84444,48924,433546,"CSO Census of Agriculture 2010 Final Results, Tables 8A and 8B"
2010,Kildare,124962,11444,20327,142881,"CSO Census of Agriculture 2010 Final Results, Tables 8A and 8B"
2010,Kilkenny,321177,58725,41762,108406,"CSO Census of Agriculture 2010 Final Results, Tables 8A and 8B"
2010,Laois,223965,27536,37902,56916,"CSO Census of Agriculture 2010 Final Results, Tables 8A and 8B"
2010,Leitrim,68795,1860,26830,121793,"CSO Census of Agriculture 2010 Final Results, Tables 8A and 8B"
2010,Limerick,388129,94066,44214,25478,"CSO Census of Agriculture 2010 Final Results, Tables 8A and 8B"
2010,Longford,114923,7307,29116,38782,"CSO Census of Agriculture 2010 Final Results, Tables 8A and 8B"
2010,Louth,80919,11935,13188,67000,"CSO Census of Agriculture 2010 Final Results, Tables 8A and 8B"
2010,Mayo,281150,15243,82279,490076,"CSO Census of Agriculture 2010 Final Results, Tables 8A and 8B"
2010,Meath,295557,44267,44050,194747,"CSO Census of Agriculture 2010 Final Results, Tables 8A and 8B"
2010,Monaghan,199501,30261,35376,44622,"CSO Census of Agriculture 2010 Final Results, Tables 8A and 8B"
2010,Offaly,222486,20527,36404,91189,"CSO Census of Agriculture 2010 Final Results, Tables 8A and 8B"
2010,Roscommon,206648,4891,58943,242593,"CSO Census of Agriculture 2010 Final Results, Tables 8A and 8B"
2010,Sligo,115814,7434,33607,156586,"CSO Census of Agriculture 2010 Final Results, Tables 8A and 8B"
2010,Tipperary,599079,113339,74186,171095,"CSO Census of Agriculture 2010 Final Results, Tables 8A and 8B (North and South Tipperary summed)"
2010,Waterford,241791,56535,29830,96279,"CSO Census of Agriculture 2010 Final Results, Tables 8A and 8B"
2010,Westmeath,206745,17763,42682,116809,"CSO Census of Agriculture 2010 Final Results, Tables 8A and 8B"
2010,Wexford,256174,51800,36697,185570,"CSO Census of Agriculture 2010 Final Results, Tables 8A and 8B"
2010,Wicklow,118957,17536,24121,317978,"CSO Census of Agriculture 2010 Final Results, Tables 8A and 8B"
2020,Carlow,106861,18042,14955,153237,"CSO Census of Agriculture 2020 Preliminary Results, Tables 4.2 and 4.4"
2020,Cavan,231843,39316,42756,113614,"CSO Census of Agriculture 2020 Preliminary Results, Tables 4.2 and 4.4"
2020,Clare,296194,34903,70856,41810,"CSO Census of Agriculture 2020 Preliminary Results, Tables 4.2 and 4.4"
2020,Cork,1104794,389123,72242,238836,"CSO Census of Agriculture 2020 Preliminary Results, Tables 4.2 and 4.4"
2020,Donegal,187133,22156,39740,751609,"CSO Census of Agriculture 2020 Preliminary Results, Tables 4.2 and 4.4"
2020,Dublin,24704,2960,3656,35098,"CSO Census of Agriculture 2020 Preliminary Results, Tables 4.2 and 4.4"
2020,Galway,449083,39369,100062,602087,"CSO Census of Agriculture 2020 Preliminary Results, Tables 4.2 and 4.4"
2020,Kerry,349930,102382,46559,478203,"CSO Census of Agriculture 2020 Preliminary Results, Tables 4.2 and 4.4"
2020,Kildare,143493,20544,17706,160034,"CSO Census of Agriculture 2020 Preliminary Results, Tables 4.2 and 4.4"
2020,Kilkenny,373951,100988,30826,98026,"CSO Census of Agriculture 2020 Preliminary Results, Tables 4.2 and 4.4"
2020,Laois,263543,50262,30945,65345,"CSO Census of Agriculture 2020 Preliminary Results, Tables 4.2 and 4.4"
2020,Leitrim,65311,1844,23785,154326,"CSO Census of Agriculture 2020 Preliminary Results, Tables 4.2 and 4.4"
2020,Limerick,456291,125411,36123,34151,"CSO Census of Agriculture 2020 Preliminary Results, Tables 4.2 and 4.4"
2020,Longford,119830,11817,25551,57926,"CSO Census of Agriculture 2020 Preliminary Results, Tables 4.2 and 4.4"
2020,Louth,94924,18963,11725,76722,"CSO Census of Agriculture 2020 Preliminary Results, Tables 4.2 and 4.4"
2020,Mayo,283210,19009,74152,632121,"CSO Census of Agriculture 2020 Preliminary Results, Tables 4.2 and 4.4"
2020,Meath,324363,67246,35714,246529,"CSO Census of Agriculture 2020 Preliminary Results, Tables 4.2 and 4.4"
2020,Monaghan,218190,38303,31304,73391,"CSO Census of Agriculture 2020 Preliminary Results, Tables 4.2 and 4.4"
2020,Offaly,254688,35738,30154,103701,"CSO Census of Agriculture 2020 Preliminary Results, Tables 4.2 and 4.4"
2020,Roscommon,216827,8936,53552,276129,"CSO Census of Agriculture 2020 Preliminary Results, Tables 4.2 and 4.4"
2020,Sligo,113518,8251,30400,207494,"CSO Census of Agriculture 2020 Preliminary Results, Tables 4.2 and 4.4"
2020,Tipperary,700341,180352,53232,160109,"CSO Census of Agriculture 2020 Preliminary Results, Tables 4.2 and 4.4"
2020,Waterford,270583,89900,18513,92146,"CSO Census of Agriculture 2020 Preliminary Results, Tables 4.2 and 4.4"
2020,Westmeath,231955,31524,37957,146883,"CSO Census of Agriculture 2020 Preliminary Results, Tables 4.2 and 4.4"
2020,Wexford,301601,83741,29729,197314,"CSO Census of Agriculture 2020 Preliminary Results, Tables 4.2 and 4.4"
2020,Wicklow,131382,26601,21086,323367,"CSO Census of Agriculture 2020 Preliminary Results, Tables 4.2 and 4.4"
