Year,Region and County,UNIT,Total cattle,Cows,Dairy cows,Other cows,Bulls,Cattle: 2 years and over,Cattle male: 2 years and over,Cattle female: 2 years and over,Cattle: 1-2 years,Cattle male: 1-2 years,Cattle female: 1-2 years,Cattle: under 1 year,Cattle male: under 1 year,Cattle female: under 1 year,Total cattle: male,Total cattle: female
2015,Carlow,000 Head,100,30.3,12.9,17.3,0.8,11.1,5.7,5.4,27.1,13,14.2,30.8,15.6,15.2,35,65
2015,Cavan,000 Head,223,81.4,35.8,45.5,2.3,22.1,8.5,13.6,49.2,19.4,29.8,68,31.8,36.2,62.1,160.9
2015,Clare,000 Head,286.4,104.4,30.7,73.7,3.5,31.3,16,15.3,57.6,26.9,30.7,89.6,44.7,44.9,91.1,195.3
2015,Cork,000 Head,1059.1,421.4,339.5,82,7.2,87.6,46.8,40.8,242.6,102.6,140,300.2,134.9,165.3,291.6,767.5
2015,Donegal,000 Head,185.5,60.9,18.9,42,2,17.1,6.9,10.1,47.4,24.6,22.8,58.1,30.6,27.5,64.1,121.3
2015,Dublin,000 Head,23,6.9,2.9,4,0.2,4.1,1.7,2.4,5.8,2.3,3.5,6,3,3,7.2,15.8
2015,Galway,000 Head,438.3,136.5,31.2,105.3,4.3,58.4,28.5,30,104.5,48.1,56.5,134.5,67.2,67.3,148,290.2
2015,Kerry,000 Head,340.1,144.6,97.9,46.8,3.1,27.9,12.1,15.8,64,22.5,41.5,100.4,44.5,55.9,82.2,257.9
2015,Kildare,000 Head,136.7,35.1,14,21.2,1,24.9,16,8.9,39.6,20.6,19,36.2,18.8,17.3,56.4,80.3
2015,Kilkenny,000 Head,349.4,110.7,73.1,37.6,2.1,37.5,23.7,13.8,95.4,49.3,46.1,103.7,53,50.6,128.2,221.2
2015,Laois,000 Head,242.9,69.6,35.5,34.1,1.7,31.9,18.3,13.5,68,36.2,31.8,71.8,38.3,33.5,94.4,148.5
2015,Leitrim,000 Head,65,27.4,2.1,25.4,1.1,5.4,1,4.4,9.1,2.8,6.2,22,10.6,11.4,15.5,49.5
2015,Limerick,000 Head,409,148.6,109.7,39,2.8,47.8,27.7,20.1,92.7,42.3,50.5,117,57.1,59.9,129.8,279.1
2015,Longford,000 Head,113.6,35.8,8.9,26.9,1.2,15.9,8.4,7.4,28.3,13.6,14.6,32.5,16.3,16.1,39.6,74
2015,Louth,000 Head,87.1,26.4,14.3,12.1,0.6,15.3,8.2,7.1,22.3,9.7,12.6,22.5,10.2,12.4,28.7,58.5
2015,Mayo,000 Head,281.5,97.1,17.8,79.4,3,33.3,13.9,19.4,60.9,26.3,34.6,87.2,42.9,44.2,86.1,195.4
2015,Meath,000 Head,309.3,92.4,53.4,39.1,1.8,52.3,28,24.3,83.5,40,43.4,79.3,38,41.3,107.8,201.4
2015,Monaghan,000 Head,206.7,67.2,34.4,32.8,1.9,25.1,10.9,14.2,53.1,24.1,29,59.4,28.2,31.1,65.1,141.6
2015,Offaly,000 Head,233.6,59.3,25.6,33.6,1.5,33.3,16.8,16.6,69.9,32.7,37.2,69.6,35.6,33.9,86.6,147
2015,Roscommon,000 Head,210.5,64,6.8,57.2,2.3,29.7,13.9,15.8,51.4,24,27.5,63.1,31.7,31.4,71.8,138.7
2015,Sligo,000 Head,113.5,39.9,8.1,31.8,1.1,13,4.8,8.2,23.9,10.1,13.7,35.6,17.6,18,33.7,79.8
2015,Tipperary,000 Head,663,210.1,146.3,63.8,4,79.8,51.1,28.7,172.9,86.5,86.4,196.2,100.6,95.6,242.2,420.8
2015,Waterford,000 Head,258,96.3,71.4,24.9,1.6,23.9,14,9.8,61.6,27.4,34.2,74.6,34.6,40,77.7,180.3
2015,Westmeath,000 Head,221,65.2,23.3,41.9,1.6,35.2,17.1,18.1,57,24.8,32.2,62,29.9,32.1,73.4,147.6
2015,Wexford,000 Head,285.3,97.7,62.1,35.5,1.9,25.7,12,13.7,76.2,35.4,40.8,83.8,40.4,43.5,89.6,195.6
2015,Wicklow,000 Head,122.3,42.3,19.3,23,1.1,12.2,5.3,6.9,28.3,11.6,16.8,38.4,18.3,20.1,36.2,86.1
2016,Carlow,000 Head,104.3,31.9,14.4,17.5,0.8,9.7,5.1,4.6,29.6,14.4,15.3,32.3,16.8,15.6,37,67.3
2016,Cavan,000 Head,230.2,84.9,37.5,47.4,2.4,17.8,6.9,10.8,54.8,21.9,32.9,70.4,33.9,36.4,65.1,165.1
2016,Clare,000 Head,294.2,107.6,31.9,75.7,3.5,27.2,14.5,12.8,63.5,31.1,32.4,92.4,45.9,46.5,94.9,199.3
2016,Cork,000 Head,1105.5,445.7,363,82.7,7.4,77.1,43.4,33.7,258.7,112.4,146.3,316.7,145.2,171.5,308.4,797.2
2016,Donegal,000 Head,189,63,20.1,42.9,2.1,14.2,5.5,8.7,49.5,25.8,23.7,60.1,31.9,28.2,65.3,123.6
2016,Dublin,000 Head,23.2,7.2,3.2,4,0.1,3.5,1.3,2.2,6.6,2.8,3.8,5.8,2.8,3,7,16.2
2016,Galway,000 Head,448.6,143.6,34.2,109.5,4.3,51.9,26.5,25.5,114.3,54,60.3,134.4,67.2,67.2,151.9,296.7
2016,Kerry,000 Head,350.3,150.8,102.1,48.7,3,23.5,10.7,12.8,70.5,26.6,43.9,102.5,45.2,57.3,85.5,264.8
2016,Kildare,000 Head,141.4,37.1,15.8,21.4,1,22.4,14,8.4,43.1,22.8,20.4,37.8,20,17.8,57.7,83.6
2016,Kilkenny,000 Head,362,117.4,80.2,37.2,2.2,32.5,21.2,11.3,101.6,53,48.5,108.3,56,52.3,132.4,229.6
2016,Laois,000 Head,252.8,75.6,40.2,35.4,1.7,26.8,16.1,10.7,74,40.1,33.9,74.7,39.7,35,97.5,155.2
2016,Leitrim,000 Head,65.4,27.8,2,25.9,1,4.1,0.8,3.3,10.3,3.3,7,22.1,10.7,11.5,15.8,49.7
2016,Limerick,000 Head,432.5,156.1,115.7,40.3,2.9,42.4,25.9,16.5,105.2,50.4,54.8,125.9,62.4,63.6,141.5,291
2016,Longford,000 Head,117.2,37.7,9.7,28,1.2,13.7,7.4,6.3,30.7,14.8,15.9,33.9,16.9,17,40.3,76.9
2016,Louth,000 Head,88.9,27.9,15.5,12.4,0.6,13,6.7,6.3,24.5,10.5,13.9,23,10.7,12.2,28.6,60.3
2016,Mayo,000 Head,286.7,100.2,18.4,81.8,3,28.6,12.5,16.1,66.6,29.2,37.4,88.4,43.8,44.5,88.5,198.2
2016,Meath,000 Head,320.5,98.8,58.1,40.7,1.8,45.9,24.4,21.5,91.1,43.5,47.6,83,40.8,42.2,110.5,210
2016,Monaghan,000 Head,213.9,71.2,36.9,34.3,1.9,20.8,9,11.8,59,27.9,31.1,61.1,29.2,31.9,68,145.9
2016,Offaly,000 Head,246,63,28.6,34.4,1.5,30.5,15.5,15.1,77.8,37.4,40.4,73.3,38,35.3,92.2,153.8
2016,Roscommon,000 Head,217.7,67.1,7.5,59.6,2.3,25.6,12,13.6,57.2,26.2,31,65.5,33.4,32,74,143.7
2016,Sligo,000 Head,116.3,41.2,8.3,32.9,1.1,11.2,4.2,7,26,11.2,14.8,36.8,17.8,19,34.2,82
2016,Tipperary,000 Head,693.7,224,159.8,64.2,4.2,70.5,45.4,25.1,187.5,94.2,93.4,207.5,108.5,99,252.3,441.5
2016,Waterford,000 Head,268.8,102.7,78.4,24.3,1.7,21.6,13.6,8,64.3,28.7,35.6,78.5,36.8,41.8,80.7,188.1
2016,Westmeath,000 Head,229,69.8,26.2,43.6,1.6,30.8,15.3,15.5,62.4,27.2,35.2,64.4,30.8,33.6,74.9,154.1
2016,Wexford,000 Head,297.1,104.7,69.3,35.4,1.9,21.6,10.3,11.3,81.4,38.1,43.3,87.5,42.4,45.1,92.7,204.4
2016,Wicklow,000 Head,125.9,44.7,21,23.6,1.1,10.2,4.4,5.7,30.3,12.6,17.7,39.7,19.1,20.6,37.2,88.7
2017,Carlow,000 Head,107.3,32,14.9,17.1,0.8,10.4,5.2,5.2,30.5,14.9,15.6,33.6,17.5,16.1,38.4,68.9
2017,Cavan,000 Head,232.7,84.4,37.3,47,2.4,20.5,8.1,12.5,56,23.2,32.7,69.5,32.6,36.9,66.3,166.4
2017,Clare,000 Head,296.1,107.4,32.7,74.8,3.5,29.2,15.3,13.9,64.5,31.2,33.3,91.4,45.2,46.2,95.2,200.9
2017,Cork,000 Head,1119.9,449.6,369.6,79.9,7.3,81.2,45.8,35.3,265.9,116.5,149.4,315.9,142.2,173.7,311.9,808
2017,Donegal,000 Head,185.7,61.7,19.9,41.8,2.1,14.5,5.5,9,49.5,26.5,23.1,58,31,27,65,120.7
2017,Dublin,000 Head,24.3,6.9,3.1,3.8,0.1,4.8,1.6,3.2,6.8,2.5,4.3,5.5,2.6,3,6.8,17.4
2017,Galway,000 Head,453,142.8,35.4,107.4,4.2,56.9,28.7,28.2,113.6,52.2,61.4,135.4,67.2,68.3,152.3,300.7
2017,Kerry,000 Head,344.5,147.9,99.9,48,3.1,25.4,11.9,13.5,70,25.9,44.1,98.2,42.4,55.8,83.3,261.2
2017,Kildare,000 Head,147.4,38.3,17.2,21.1,0.9,24.2,15,9.2,45.5,24.5,21,38.5,19.5,19,59.9,87.5
2017,Kilkenny,000 Head,376,121.2,85.3,35.8,2.2,34,22,12,105.1,55.1,50,113.5,58.6,54.9,137.9,238.1
2017,Laois,000 Head,264.9,76.8,41.9,34.9,1.7,28.8,17.1,11.7,79.3,42.6,36.7,78.3,41.7,36.6,103.1,161.8
2017,Leitrim,000 Head,64.5,27.3,2,25.4,1,4.6,1,3.6,10.1,3.2,6.9,21.5,10.3,11.2,15.5,49
2017,Limerick,000 Head,447.9,156.4,116.9,39.5,3,47.3,28.9,18.4,112.6,53,59.5,128.7,62.5,66.2,147.4,300.6
2017,Longford,000 Head,117.6,37.2,9.7,27.4,1.2,15.5,8.1,7.4,30.8,14.7,16.1,32.9,16.1,16.8,40.1,77.5
2017,Louth,000 Head,94.4,28.8,16.6,12.2,0.6,16.2,8.5,7.7,25.5,11.2,14.3,23.3,10.7,12.5,31,63.4
2017,Mayo,000 Head,284.6,98,17.9,80.1,3,31.3,13.1,18.3,65.2,28.5,36.7,87.1,43,44.1,87.5,197.1
2017,Meath,000 Head,332.1,101.6,60.7,40.8,1.7,50.7,27.3,23.4,95.9,45.6,50.3,82.2,38.5,43.7,113.1,219
2017,Monaghan,000 Head,215.8,70.4,36.2,34.2,1.9,23.6,10.4,13.2,59.8,28,31.8,60.1,28.8,31.3,69.1,146.7
2017,Offaly,000 Head,259.3,63.7,29.9,33.9,1.5,34.1,18,16.1,82.1,39.8,42.2,77.8,39.8,38.1,99.1,160.2
2017,Roscommon,000 Head,215,64.8,7,57.8,2.4,28.6,13.1,15.6,57.3,26,31.4,61.8,31.1,30.7,72.5,142.5
2017,Sligo,000 Head,115.1,40.7,8.2,32.5,1.1,11.6,4.3,7.3,25.8,10.7,15.1,35.8,17.4,18.4,33.5,81.6
2017,Tipperary,000 Head,716.6,228.3,165.6,62.6,4.2,77.2,50.2,27,198,100.8,97.2,209,105.7,103.2,260.9,455.7
2017,Waterford,000 Head,276.3,104.4,81.6,22.8,1.8,22,13.6,8.4,68.5,31.1,37.5,79.6,36.9,42.7,83.4,192.9
2017,Westmeath,000 Head,235.7,69.8,27.5,42.3,1.6,34.3,17.1,17.2,66.4,28.2,38.2,63.7,30.4,33.3,77.2,158.5
2017,Wexford,000 Head,305.3,107,72.6,34.4,2,23.9,11.4,12.5,83.9,39.4,44.5,88.6,42.3,46.3,95.1,210.2
2017,Wicklow,000 Head,131.5,46.2,23,23.2,1.1,11.3,4.8,6.5,31.8,13.3,18.4,41.1,19.6,21.6,38.8,92.7
2018,Carlow,000 Head,109.7,32.4,16,16.4,0.8,11.8,5.8,6,32.2,16.1,16.1,32.6,16.7,15.9,39.4,70.4
2018,Cavan,000 Head,228.4,82.5,37.5,45,2.4,20.2,7.8,12.5,55.7,22.7,33,67.6,32,35.6,64.8,163.6
2018,Clare,000 Head,289.4,105.8,33.1,72.7,3.5,28.2,14.7,13.5,63.7,31.2,32.4,88.3,43.6,44.7,93,196.4
2018,Cork,000 Head,1125,455.9,378.2,77.7,7.4,84.8,48,36.8,266.8,115.7,151.1,310.1,138.1,172,309.3,815.8
2018,Donegal,000 Head,183,60.8,20.6,40.2,2.1,13.9,4.8,9.1,49.2,26.5,22.7,57.1,30.3,26.8,63.7,119.4
2018,Dublin,000 Head,24.6,7.2,2.9,4.3,0.1,5,1.5,3.5,6.6,2.5,4.2,5.8,2.6,3.1,6.7,17.9
2018,Galway,000 Head,446.8,140.9,36.2,104.7,4.3,55.9,27.6,28.3,114.2,52.3,61.9,131.6,64.5,67,148.7,298.2
2018,Kerry,000 Head,342.2,147.6,100.6,47.1,3,25.7,11.7,14,68,24.5,43.4,97.8,41.4,56.4,80.7,261.4
2018,Kildare,000 Head,148.8,38.3,17.8,20.5,0.9,26.7,16.3,10.4,46.2,24,22.2,36.7,18.4,18.3,59.6,89.2
2018,Kilkenny,000 Head,378.3,124.6,90.1,34.5,2.2,35.9,23.8,12.1,106,54.8,51.2,109.6,54.6,55,135.4,242.9
2018,Laois,000 Head,271.7,79.7,45,34.7,1.8,31.4,19,12.4,81.6,43.8,37.8,77.1,40.2,37,104.8,166.9
2018,Leitrim,000 Head,62.3,25.9,2,24,1,4.5,1,3.5,10.1,3.2,7,20.7,10,10.7,15.2,47.1
2018,Limerick,000 Head,443.9,156.8,118.9,37.8,2.9,48.2,28.6,19.5,111.6,51.5,60.1,124.4,59.6,64.8,142.7,301.2
2018,Longford,000 Head,114.8,36.3,10,26.4,1.2,15.5,7.8,7.7,30.2,14,16.1,31.6,15.5,16.1,38.5,76.3
2018,Louth,000 Head,94.6,29.7,17.4,12.3,0.6,15.5,7.3,8.2,25.5,10.8,14.6,23.4,10.7,12.7,29.4,65.2
2018,Mayo,000 Head,279.3,95.7,18,77.7,3,30.1,12.6,17.6,65.2,28.5,36.7,85.3,42.1,43.2,86.1,193.2
2018,Meath,000 Head,334.2,103,63.5,39.5,1.7,52.2,28,24.2,96.2,44.3,51.9,81.1,38.3,42.8,112.2,221.9
2018,Monaghan,000 Head,212.3,69.5,36.3,33.2,1.9,23.2,9.9,13.3,57.9,26.8,31.1,59.9,28.6,31.3,67.2,145.2
2018,Offaly,000 Head,262.4,64.7,31.5,33.2,1.5,35.9,18.5,17.4,84.9,41,44,75.5,39.6,35.9,100.6,161.9
2018,Roscommon,000 Head,212.5,64,8.1,55.9,2.3,28.8,12.9,15.9,56.2,25.5,30.7,61.1,30.7,30.4,71.4,141.1
2018,Sligo,000 Head,111.4,39.1,8,31.1,1,11.7,4.1,7.6,25.1,10.5,14.7,34.4,16.6,17.8,32.3,79.2
2018,Tipperary,000 Head,718.2,233.4,173.2,60.2,4.1,79.5,50.5,29,198,97.9,100,203.2,101.4,101.8,254,464.3
2018,Waterford,000 Head,276,107,85.6,21.3,1.7,23.2,14,9.3,68.8,30.1,38.6,75.3,33.7,41.5,79.6,196.4
2018,Westmeath,000 Head,232.8,69.8,28.2,41.6,1.6,34.9,16.9,18,64.8,27.7,37.1,61.7,29.3,32.4,75.6,157.2
2018,Wexford,000 Head,311.9,111.4,77.9,33.5,2,25.5,12.4,13.1,87.1,41,46.2,85.9,40.3,45.7,95.6,216.3
2018,Wicklow,000 Head,133.7,46.7,24.2,22.5,1.1,11.7,5.1,6.6,33.6,14.7,19,40.6,19.2,21.4,40,93.7
2019,Carlow,000 Head,104.9,32.1,16.7,15.4,0.8,11.9,5.8,6.2,30.3,14.6,15.7,29.8,14.4,15.4,35.5,69.4
2019,Cavan,000 Head,228.7,82.1,38.7,43.3,2.2,21.5,8.4,13.2,56.6,23.2,33.4,66.3,30.7,35.6,64.5,164.3
2019,Clare,000 Head,287.8,104.2,33.7,70.5,3.4,31.1,16.3,14.9,63.5,30.6,32.9,85.6,42.4,43.2,92.5,195.2
2019,Cork,000 Head,1093.3,453.5,379.3,74.2,7.3,84.1,46.1,38,252.9,105.9,147,295.5,125.8,169.7,285.1,808.2
2019,Donegal,000 Head,185.3,61.6,22.1,39.4,2,15.1,5.6,9.5,50.3,26.2,24.1,56.3,29.3,27,63,122.3
2019,Dublin,000 Head,23.5,6.7,2.9,3.9,0.1,4.9,1.5,3.4,6.2,2.2,4,5.6,2.7,2.9,6.6,17
2019,Galway,000 Head,445.4,138.8,38,100.8,4.2,59.7,29,30.8,114,51.6,62.5,128.6,62.9,65.7,147.6,297.8
2019,Kerry,000 Head,345.6,148.2,101.6,46.5,3,27.4,12.6,14.8,69.3,23.8,45.5,97.7,41.7,56,81.2,264.4
2019,Kildare,000 Head,144.9,37.8,18.9,18.9,0.9,26.1,15.4,10.7,45.1,23.1,22,35,17,18.1,56.4,88.6
2019,Kilkenny,000 Head,364.7,125.4,93.5,31.9,2.3,33.6,20.8,12.8,100.3,49.9,50.4,103.1,49.3,53.8,122.2,242.5
2019,Laois,000 Head,259.2,77.8,46,31.8,1.7,30.8,17.8,13,76.2,39.7,36.5,72.8,36.1,36.7,95.3,163.9
2019,Leitrim,000 Head,62.1,25.4,1.9,23.5,1,4.9,0.9,4,10.9,3.4,7.5,19.8,9.4,10.4,14.8,47.3
2019,Limerick,000 Head,437.8,155.1,118.8,36.2,2.9,49.7,28.4,21.2,108.1,49.2,58.9,122,57.8,64.2,138.3,299.5
2019,Longford,000 Head,114.4,35.5,10.2,25.3,1.2,15.7,7.6,8.1,30.9,14.4,16.5,31.1,15.2,15.9,38.3,76.1
2019,Louth,000 Head,92.6,29.5,17.8,11.7,0.5,15.2,6.7,8.4,25,11.1,13.9,22.4,9.7,12.8,28,64.6
2019,Mayo,000 Head,278.6,93.3,18.4,74.9,2.9,32.8,13.6,19.3,67.4,29.6,37.8,82.2,40.2,42,86.2,192.4
2019,Meath,000 Head,323.8,100.9,64,36.9,1.6,50.8,25.2,25.5,90.9,41.6,49.3,79.6,36.3,43.3,104.8,219.1
2019,Monaghan,000 Head,212,68.1,36.6,31.5,1.8,23.9,10,13.9,58.9,27.4,31.5,59.3,28.5,30.7,67.8,144.2
2019,Offaly,000 Head,255.7,64.4,33.2,31.2,1.5,36.4,18.2,18.1,80.3,38.2,42.1,73.1,36.2,36.9,94.2,161.5
2019,Roscommon,000 Head,212.2,62.2,8.2,54,2.2,30.7,13.3,17.4,57.8,26.4,31.4,59.3,29.6,29.7,71.5,140.7
2019,Sligo,000 Head,111.4,38.6,8.1,30.5,1,12.3,4.3,7.9,25.8,10.9,15,33.7,16.2,17.5,32.4,79
2019,Tipperary,000 Head,700,230.9,175.1,55.8,4,79.3,48.5,30.8,188.6,91.4,97.2,197.2,96,101.1,240,460
2019,Waterford,000 Head,266.7,106,86.4,19.6,1.6,23.7,13.7,9.9,64.8,27.7,37,70.6,29.8,40.8,72.9,193.8
2019,Westmeath,000 Head,231.2,69.2,29.6,39.6,1.6,35,16.4,18.6,62.9,26.5,36.4,62.5,29.3,33.2,73.7,157.5
2019,Wexford,000 Head,298.6,111.3,80,31.4,2,24.8,11.5,13.2,79.4,36,43.4,81.1,36.1,45,85.7,212.9
2019,Wicklow,000 Head,128.2,45.9,24.9,21,1.1,12.1,5.1,7,31.7,13,18.7,37.5,17,20.4,36.1,92
2020,Carlow,000 Head,106.9,33,18,15,0.8,11.3,5.4,5.9,29.3,13.8,15.5,32.4,16.1,16.3,36.2,70.7
2020,Cavan,000 Head,231.8,82.1,39.3,42.8,2.1,22.7,8.8,13.9,55.1,21.8,33.3,69.9,33.3,36.6,66,165.8
2020,Clare,000 Head,296.2,105.8,34.9,70.9,3.2,32.1,16.8,15.2,63.6,30.5,33.1,91.6,45.9,45.7,96.4,199.8
2020,Cork,000 Head,1104.8,461.4,389.1,72.2,7,81.5,45.2,36.3,243.6,97.5,146,311.4,137.8,173.6,287.5,817.3
2020,Donegal,000 Head,187.1,61.9,22.2,39.7,1.9,15.7,5.8,10,48.6,24,24.6,59.1,30.9,28.1,62.6,124.6
2020,Dublin,000 Head,24.7,6.6,3,3.7,0.1,5,1.6,3.4,6.9,2.7,4.2,6.1,2.8,3.2,7.3,17.4
2020,Galway,000 Head,449.1,139.4,39.4,100.1,4,60.5,29.1,31.4,111.1,50.2,61,134,66.4,67.6,149.7,299.4
2020,Kerry,000 Head,349.9,148.9,102.4,46.6,2.7,28.2,12.4,15.9,67,23.4,43.6,103,45.6,57.4,84.1,265.8
2020,Kildare,000 Head,143.5,38.3,20.5,17.7,0.8,26.6,16.4,10.2,41.2,20.7,20.5,36.6,17.6,19.1,55.4,88.1
2020,Kilkenny,000 Head,374,131.8,101,30.8,2.1,33.8,21.1,12.7,97.5,46.5,51,108.6,52.2,56.5,121.9,252
2020,Laois,000 Head,263.5,81.2,50.3,30.9,1.7,30.4,17.8,12.5,73.3,36.1,37.2,77,39,38,94.5,169
2020,Leitrim,000 Head,65.3,25.6,1.8,23.8,1,5.2,1,4.2,11,3.5,7.5,22.5,10.9,11.6,16.3,49
2020,Limerick,000 Head,456.3,161.5,125.4,36.1,2.8,50.5,29.4,21,109.8,49.7,60,131.7,64.5,67.2,146.5,309.8
2020,Longford,000 Head,119.8,37.4,11.8,25.6,1.1,16.4,7.7,8.6,30.6,13.8,16.9,34.3,16.9,17.4,39.6,80.2
2020,Louth,000 Head,94.9,30.7,19,11.7,0.5,16.5,7.9,8.6,23,9.1,13.9,24.3,11,13.3,28.5,66.4
2020,Mayo,000 Head,283.2,93.2,19,74.2,2.8,35.5,15,20.5,66.3,28.8,37.5,85.5,42.1,43.4,88.6,194.6
2020,Meath,000 Head,324.4,103,67.2,35.7,1.5,49.4,25.7,23.7,86.3,38.6,47.7,84.2,39.4,44.9,105.1,219.2
2020,Monaghan,000 Head,218.2,69.6,38.3,31.3,1.7,25.6,11.1,14.4,58.8,27.2,31.5,62.5,30.6,31.9,70.7,147.5
2020,Offaly,000 Head,254.7,65.9,35.7,30.2,1.4,34.5,17.7,16.7,77.3,34.1,43.2,75.7,38.2,37.4,91.4,163.3
2020,Roscommon,000 Head,216.8,62.5,8.9,53.6,2.2,32.4,14.6,17.9,56.8,25.4,31.4,62.9,31.6,31.3,73.8,143.1
2020,Sligo,000 Head,113.5,38.7,8.3,30.4,1,12.9,4.7,8.2,25.8,10.4,15.4,35.2,16.9,18.3,33,80.5
2020,Tipperary,000 Head,700.3,233.6,180.4,53.2,3.8,76.4,47.4,29,182.5,86.7,95.8,204,101.5,102.5,239.4,460.9
2020,Waterford,000 Head,270.6,108.4,89.9,18.5,1.5,24,14,10,62.7,25.6,37.1,73.9,32.4,41.6,73.5,197.1
2020,Westmeath,000 Head,232,69.5,31.5,38,1.5,34.5,15.6,18.8,62.2,25.6,36.6,64.2,30.5,33.7,73.3,158.6
2020,Wexford,000 Head,301.6,113.5,83.7,29.7,1.9,24.7,11.9,12.8,75.3,32.1,43.2,86.2,40,46.2,85.9,215.7
2020,Wicklow,000 Head,131.4,47.7,26.6,21.1,1,12.4,5.5,6.9,30.1,12.1,18,40.2,19,21.2,37.6,93.8
2021,Carlow,000 Head,106.3,33.2,19.1,14.1,0.7,10,4.9,5.2,30.5,14.5,16,30.5,15.6,16.3,35.6,70.7
2021,Cavan,000 Head,231.5,80.6,40,40.6,2.1,20.4,7.5,12.9,59,24.1,34.9,59,32.8,36.6,66.5,165
2021,Clare,000 Head,296.8,105,35,70,3.1,29.2,14.6,14.5,67.1,33.2,33.9,67.1,46.2,46.3,97.1,199.7
2021,Cork,000 Head,1113,466.1,397,69.1,6.8,70.3,38.7,31.6,251.9,106,145.9,251.9,140.8,177.1,292.3,820.7
2021,Donegal,000 Head,186.6,61,22.2,38.8,1.9,15.3,5.1,10.2,50,25.1,24.9,50,30.4,28.1,62.4,124.2
2021,Dublin,000 Head,24.2,6.3,2.9,3.4,0.1,4.6,1.4,3.3,7,2.5,4.5,7,3,3.1,7.1,17.1
2021,Galway,000 Head,453.6,136.7,40.9,95.7,3.9,55.6,25.9,29.8,121.7,56.8,65,121.7,68.1,67.6,154.6,299
2021,Kerry,000 Head,351.9,148.8,103.5,45.3,2.6,24.7,10.6,14.1,71.2,26.6,44.6,71.2,46.7,57.8,86.6,265.3
2021,Kildare,000 Head,144.4,38.6,21.5,17.1,0.9,23.4,14.2,9.2,44.1,21.9,22.2,44.1,18.2,19.2,55.2,89.2
2021,Kilkenny,000 Head,375.3,131.7,103.1,28.6,2,29.3,18.3,11,102.4,49.6,52.8,102.4,52.7,57.2,122.6,252.7
2021,Laois,000 Head,261.2,81.1,52.2,28.9,1.7,26,14.9,11.1,76.3,38.3,38.1,76.3,37.7,38.4,92.6,168.6
2021,Leitrim,000 Head,65.9,25.3,1.9,23.4,0.9,5.2,1,4.2,12.1,3.7,8.4,12.1,10.8,11.5,16.4,49.5
2021,Limerick,000 Head,456.5,159.4,124.8,34.5,2.8,46.6,27.2,19.5,114.6,53.7,60.9,114.6,65.7,67.5,149.3,307.2
2021,Longford,000 Head,120.3,36.4,12,24.4,1.1,14.9,6.8,8.1,32.6,15.6,17,32.6,17.6,17.6,41.2,79.1
2021,Louth,000 Head,93.1,30.2,19.5,10.7,0.5,15.4,7,8.4,23.7,9.9,13.7,23.7,10.3,13.1,27.7,65.4
2021,Mayo,000 Head,282,91.1,19.2,71.9,2.7,31.8,12.6,19.2,70.2,30.5,39.6,70.2,41.9,44.4,87.7,194.3
2021,Meath,000 Head,330.5,102.1,68.8,33.3,1.4,47.4,25.5,21.9,93.9,43.8,50.1,93.9,40.4,45.3,111.2,219.3
2021,Monaghan,000 Head,217.5,69.2,39.3,29.8,1.6,22.7,10,12.7,60.7,28.6,32.1,60.7,30.5,32.9,70.7,146.8
2021,Offaly,000 Head,257,66,37.8,28.2,1.3,31.2,15.5,15.7,80.6,37.6,43,80.6,40.4,37.4,94.9,162.1
2021,Roscommon,000 Head,216.9,60.9,9.4,51.5,2.1,29,13.1,15.9,61.8,28.9,32.8,61.8,31.6,31.5,75.8,141.1
2021,Sligo,000 Head,113.4,37.7,8.3,29.5,1,11.6,3.7,7.9,27.6,11.4,16.2,27.6,17.2,18.3,33.3,80.1
2021,Tipperary,000 Head,719,237.8,187.3,50.6,3.7,69.7,43.6,26.1,195.6,95.4,100.2,195.6,106.1,106.2,248.8,470.2
2021,Waterford,000 Head,271.8,110.1,92.6,17.6,1.5,20.7,12.2,8.5,64.7,27.7,37,64.7,33,41.9,74.3,197.5
2021,Westmeath,000 Head,237,69,32.7,36.3,1.5,32.5,15.2,17.4,68.1,29.2,38.9,68.1,31.5,34.5,77.2,159.8
2021,Wexford,000 Head,306.1,114.6,87.1,27.5,1.7,20.7,9.8,10.9,80.8,36.8,44,80.8,40.7,47.6,89,217.1
2021,Wicklow,000 Head,126.9,45.9,26.3,19.6,0.9,9.9,4.3,5.7,31.6,13.1,18.5,31.6,17.9,20.7,36.2,90.8
2022,Carlow,000 Head,106.8,33.3,19.7,13.7,0.7,9.8,5,4.8,31.7,15.1,16.7,31.2,14.9,16.3,35.7,71.1
2022,Cavan,000 Head,232.7,80.6,41.4,39.2,2,20.7,7.6,13,59.1,24,35.1,70.2,33.1,37.1,66.8,165.9
2022,Clare,000 Head,297.7,103.9,34.9,69,3,30,15.6,14.4,68.7,34.5,34.3,92.1,46,46,99.1,198.6
2022,Cork,000 Head,1124.5,466.3,398.7,67.5,6.5,70.7,39.3,31.4,263.1,110.5,152.6,317.9,136.3,181.7,292.6,831.9
2022,Donegal,000 Head,182.6,60.1,22.1,38,1.8,14.7,5,9.7,48.6,24.3,24.3,57.4,29.1,28.2,60.2,122.4
2022,Dublin,000 Head,23.3,6.3,3.1,3.1,0.1,4.4,1.2,3.2,6.6,2.7,3.9,5.9,2.9,3,7,16.4
2022,Galway,000 Head,453.4,136.5,42.4,94.1,3.8,56.6,26.9,29.7,122,57.3,64.7,134.7,67,67.7,154.9,298.5
2022,Kerry,000 Head,349.7,146.1,102.2,43.8,2.5,25.1,11.2,13.8,73.4,27.3,46.2,102.6,43.8,58.8,84.8,264.9
2022,Kildare,000 Head,143.8,38.1,22.2,15.9,0.8,24.2,15,9.2,44.7,22.2,22.5,36,17.2,18.8,55.2,88.6
2022,Kilkenny,000 Head,382.9,132.1,104.7,27.4,1.9,30.5,19,11.5,105.8,51.5,54.3,112.6,54,58.6,126.4,256.4
2022,Laois,000 Head,266.4,82,54,27.9,1.6,27.4,16,11.4,78,39.2,38.8,77.5,36.8,40.8,93.6,172.9
2022,Leitrim,000 Head,65.6,25.2,1.9,23.4,0.8,5.5,1.2,4.3,11.7,3.6,8.1,22.3,10.8,11.5,16.5,49
2022,Limerick,000 Head,455.8,157.7,124.3,33.4,2.7,46.3,27.6,18.6,116.4,54.8,61.7,132.8,62.9,69.9,148,307.8
2022,Longford,000 Head,120.2,36.2,12.9,23.3,1.1,15.3,7.4,7.9,33.6,16,17.6,34.1,17,17.1,41.4,78.8
2022,Louth,000 Head,93,30.7,20.2,10.5,0.5,14.5,6.5,8,23.5,9.8,13.7,23.8,10,13.8,26.8,66.2
2022,Mayo,000 Head,277.3,89.1,19.4,69.7,2.6,32.2,13,19.1,69.6,30.7,38.9,83.8,41.4,42.5,87.6,189.6
2022,Meath,000 Head,333.3,102.5,70.1,32.4,1.4,50.1,27.6,22.5,94.7,44.6,50.1,84.7,38.9,45.8,112.5,220.8
2022,Monaghan,000 Head,217.4,68.7,39.7,29.1,1.5,22.3,9.9,12.4,62,29,33,62.9,29.6,33.3,70,147.5
2022,Offaly,000 Head,260.9,67.3,40,27.2,1.3,33.2,16.8,16.4,81.9,38.8,43.1,77.2,39,38.3,95.8,165.1
2022,Roscommon,000 Head,216.7,61.3,10.8,50.4,2,30.7,13.9,16.8,60.9,28.8,32.1,61.8,31.3,30.5,76,140.7
2022,Sligo,000 Head,110.3,36.7,8.5,28.2,0.9,11.7,4.2,7.5,27.2,11.9,15.3,33.9,16.3,17.5,33.3,77
2022,Tipperary,000 Head,729.6,240.1,192.1,48,3.4,72,45.5,26.5,202.7,100.6,102.1,211.4,102.1,109.3,251.6,478
2022,Waterford,000 Head,274.7,109.5,92.8,16.7,1.5,21.1,12.8,8.3,67.2,28.6,38.5,75.4,32.9,42.5,75.8,198.9
2022,Westmeath,000 Head,240.3,69.7,34.4,35.3,1.4,33.6,15.7,18,69.9,31,38.9,65.6,31.1,34.5,79.1,161.2
2022,Wexford,000 Head,310.5,115.5,88.8,26.7,1.7,22,10.9,11,83,37.6,45.3,88.3,39.9,48.4,90.2,220.3
2022,Wicklow,000 Head,126.9,45.3,26.3,19,0.9,10.8,5,5.8,31.5,13.3,18.2,38.5,17.6,20.9,36.8,90.2
2023,Carlow,000 Head,106.2,32.9,20.1,12.8,0.7,11.8,6.5,5.3,30.9,14.1,16.9,29.9,14.4,15.5,35.7,70.5
2023,Cavan,000 Head,235.6,79.8,42,37.8,2,22.7,8.7,14,60.2,24.1,36.1,71,32.6,38.4,67.4,168.3
2023,Clare,000 Head,294.6,100.9,35.1,65.8,2.9,32.5,17.5,15,67.7,33.5,34.2,90.6,45.3,45.3,99.2,195.4
2023,Cork,000 Head,1105.3,464.9,399.4,65.5,6.2,75.1,42.1,32.9,256.9,102.4,154.5,302.3,125.8,176.5,276.5,828.8
2023,Donegal,000 Head,182.3,59.4,23.4,36.1,1.7,15.1,5.5,9.6,49.2,24.1,25.1,56.9,28.2,28.7,59.5,122.8
2023,Dublin,000 Head,22.3,6.1,3,3.1,0.1,4.7,1.3,3.3,6.1,2.3,3.8,5.4,2.7,2.7,6.4,15.9
2023,Galway,000 Head,455.1,135.3,44.8,90.5,3.7,61.6,29.8,31.8,120,55.2,64.8,134.6,65.5,69.1,154.2,300.9
2023,Kerry,000 Head,347.1,142.9,101.2,41.7,2.4,27.9,12.8,15.1,73.4,26.5,46.8,100.5,42.6,57.9,84.3,262.7
2023,Kildare,000 Head,145.4,38.7,23.4,15.3,0.8,26.8,16.6,10.2,43.9,22,21.9,35.2,16.1,19.1,55.5,89.9
2023,Kilkenny,000 Head,378.6,132.8,106.7,26,1.8,32.1,20.3,11.8,103.8,49.7,54.1,108.2,50.2,58,122,256.7
2023,Laois,000 Head,264.1,82.8,56.2,26.6,1.7,30.1,18.1,12,77.1,36.7,40.4,72.5,33.9,38.6,90.3,173.8
2023,Leitrim,000 Head,63.5,24,1.9,22.1,0.8,5.3,1.1,4.2,12,3.7,8.3,21.3,10.2,11.2,15.8,47.7
2023,Limerick,000 Head,457,156.8,125,31.8,2.6,50.3,30.1,20.2,116.4,52.8,63.7,131,60.7,70.2,146.2,310.8
2023,Longford,000 Head,120.7,35.8,13.8,22,1.1,16.2,7.7,8.5,33.7,15.7,17.9,34,16.1,17.9,40.6,80.1
2023,Louth,000 Head,91,29.6,20,9.6,0.5,15.3,6.9,8.3,22.6,9.1,13.5,23,9.7,13.3,26.3,64.7
2023,Mayo,000 Head,273,85.2,18.9,66.3,2.4,35.1,14.8,20.3,69.3,30.1,39.2,80.9,39.5,41.4,86.9,186.1
2023,Meath,000 Head,332.3,101.9,70.8,31.2,1.3,53.9,30.2,23.8,92.9,41.5,51.5,82.2,37.1,45.1,110,222.3
2023,Monaghan,000 Head,222.6,69.3,41.1,28.2,1.5,24.7,11.3,13.4,63.2,29.3,33.9,63.9,29.8,34.1,71.9,150.6
2023,Offaly,000 Head,260.8,68.3,42.4,26,1.2,34.5,17.4,17.1,81.4,37.2,44.2,75.2,36,39.2,91.8,168.9
2023,Roscommon,000 Head,216.1,59.4,11.5,47.9,1.9,32.5,15,17.5,60.6,28.1,32.5,61.8,30.9,30.9,75.9,140.2
2023,Sligo,000 Head,108,35.5,8.7,26.8,0.8,12.1,4.7,7.4,26.9,11.1,15.8,32.7,15.8,16.9,32.4,75.6
2023,Tipperary,000 Head,721,240.1,194.1,46,3.2,76.3,48.3,28.1,199.9,95.9,104.1,201.5,95.3,106.2,242.6,478.4
2023,Waterford,000 Head,271,109.3,93.2,16.1,1.5,21.6,13.4,8.3,65.1,27.2,38,73.4,30.9,42.5,72.9,198
2023,Westmeath,000 Head,235.8,68.8,34.7,34,1.4,36.1,17.6,18.5,64.7,27.1,37.6,64.8,30,34.8,76.2,159.7
2023,Wexford,000 Head,305.1,113.2,88.4,24.8,1.7,24.9,12.5,12.4,81.6,35.9,45.7,83.7,36.7,47,86.8,218.2
2023,Wicklow,000 Head,127,45.1,27,18.2,0.9,12.2,5.4,6.8,31.1,12.6,18.5,37.7,17.2,20.5,36,91
2024,Carlow,000 Head,101.9,31,19.3,11.7,0.7,11.7,6.1,5.6,29.1,13.5,15.6,29.4,13.9,15.4,34.2,67.6
2024,Cavan,000 Head,229.1,76.6,41.4,35.2,2,23.6,8.5,15.1,59,23.1,36,67.8,30.7,37.1,64.3,164.7
2024,Clare,000 Head,287.9,97.1,34.7,62.4,2.9,34.7,18.3,16.3,68,33.5,34.5,85.2,42.1,43.2,96.8,191.1
2024,Cork,000 Head,1077.3,452.1,389.7,62.4,7.1,73.5,38,35.5,243.2,95.1,148.1,301.5,128.5,173,268.7,808.6
2024,Donegal,000 Head,184.2,58.6,23.9,34.6,1.8,16.2,5.7,10.5,50.8,24.5,26.4,56.8,27.9,28.9,59.8,124.4
2024,Dublin,000 Head,20.7,5.9,3,3,0.1,4.3,1.1,3.2,5.2,1.9,3.3,5.2,2.4,2.9,5.5,15.2
2024,Galway,000 Head,449,131.3,45.2,86.1,3.8,64.8,31.3,33.5,120.7,55.2,65.5,128.4,62.8,65.6,153.1,295.9
2024,Kerry,000 Head,337.7,138.3,98.4,39.9,2.4,27.5,12.3,15.3,71,25.5,45.4,98.5,42.5,56,82.7,255
2024,Kildare,000 Head,141.7,37.3,23.4,14,0.8,27.4,16.1,11.4,41.8,20.2,21.5,34.4,15.9,18.5,53,88.7
2024,Kilkenny,000 Head,369.4,130.3,106.2,24.1,1.9,31.8,19.5,12.3,98,45.8,52.3,107.4,49.4,58,116.6,252.8
2024,Laois,000 Head,256.9,81.1,56.3,24.8,1.7,30,17,13,72.6,33.8,38.8,71.6,33.1,38.4,85.7,171.2
2024,Leitrim,000 Head,64.2,24,2.1,22,0.9,6.4,1.5,4.9,12.3,3.9,8.4,20.6,9.7,10.9,16,48.2
2024,Limerick,000 Head,448,153.6,123.6,30.1,2.9,51.1,29.5,21.5,112.1,49.1,63,128.2,58.9,69.3,140.5,307.5
2024,Longford,000 Head,115.8,33.6,13.4,20.2,1.1,17.4,8.1,9.3,32.5,14.7,17.8,31.3,15.5,15.9,39.3,76.5
2024,Louth,000 Head,91.2,29.6,20.4,9.2,0.5,15.4,7.2,8.2,22.9,9.3,13.6,22.8,9.7,13.1,26.7,64.5
2024,Mayo,000 Head,273.5,83.1,18.9,64.3,2.5,37.5,15.7,21.8,70.1,30.4,39.7,80.3,39.4,40.9,88,185.5
2024,Meath,000 Head,320.6,98.8,69.9,29,1.4,54.9,29.5,25.3,87.2,37.9,49.2,78.3,34.5,43.8,103.3,217.2
2024,Monaghan,000 Head,220.2,65.9,39.4,26.6,1.5,25.8,11.4,14.4,62.9,29.2,33.7,64,30.3,33.7,72.4,147.8
2024,Offaly,000 Head,250.8,64.4,40.7,23.7,1.3,36.5,17.7,18.8,76.9,33.9,43,71.6,34.1,37.5,87.1,163.7
2024,Roscommon,000 Head,211.7,57.6,12,45.6,1.9,34.2,15.3,19,60.3,27.7,32.6,57.6,28.6,29,73.5,138.2
2024,Sligo,000 Head,109.2,34.8,8.8,26,0.8,13.1,4.8,8.3,27.5,11.5,16.1,32.9,15.5,17.5,32.5,76.6
2024,Tipperary,000 Head,704.3,235.4,192,43.3,3.5,77.8,47.9,29.9,188.6,89.1,99.5,198.9,92.8,106.1,233.4,470.9
2024,Waterford,000 Head,264.4,107.7,92.5,15.3,1.5,21.1,12.4,8.6,62,24.5,37.5,72,30.5,41.6,69,195.4
2024,Westmeath,000 Head,234.2,67.7,35.3,32.4,1.4,38.1,17.6,20.5,64.3,26.4,37.9,62.6,28.6,34.1,74,160.2
2024,Wexford,000 Head,297.8,110.5,87.3,23.2,1.7,25.1,12,13.1,77.5,32.8,44.7,83,36.5,46.5,83,214.8
2024,Wicklow,000 Head,121.6,42.8,26.2,16.7,0.9,12.1,5.3,6.8,29.8,12.3,17.5,36,16.5,19.5,35,86.6
2025,Carlow,000 Head,100.8,30.6,19.5,11.1,0.7,10.9,5.6,5.3,28.7,13.5,15.2,29.9,14.1,15.8,33.9,66.9
2025,Cavan,000 Head,222.4,74.7,41.4,33.3,2.1,22.3,7.7,14.6,56.3,21.4,34.9,67.2,30.4,36.8,61.5,160.9
2025,Clare,000 Head,274.4,92.6,33.4,59.2,3,32.9,17.3,15.6,61.5,29.8,31.7,84.5,42.4,42,92.5,182
2025,Cork,000 Head,1026,437.9,379.2,58.6,6.9,65.2,32,33.2,232.7,90.5,142.2,283.3,120.4,162.9,249.8,776.1
2025,Donegal,000 Head,181,57.4,23.8,33.6,1.8,15.6,5.3,10.3,49.8,24,25.8,56.5,27.6,28.9,58.7,122.3
2025,Dublin,000 Head,20.4,5.6,2.8,2.9,0.1,4.5,1.2,3.3,5.3,1.9,3.4,4.9,2.2,2.7,5.4,15
2025,Galway,000 Head,430.3,125.2,43.8,81.4,3.8,60.9,28.5,32.3,115,52,62.9,125.5,61.4,64.1,145.7,284.6
2025,Kerry,000 Head,321.1,133.1,95.9,37.2,2.4,26.4,11.3,15.1,67.7,23.9,43.8,91.6,39,52.6,76.6,244.5
2025,Kildare,000 Head,138.8,36.3,23.2,13.1,0.8,25.2,14,11.1,40.8,19.5,21.4,35.7,17,18.7,51.3,87.4
2025,Kilkenny,000 Head,356.7,127.7,105.2,22.6,1.8,30.1,17.7,12.4,94.5,42.2,52.3,102.6,46.8,55.8,108.5,248.2
2025,Laois,000 Head,249.6,79.2,55.8,23.4,1.7,28.1,15.8,12.4,71.4,33,38.4,69.2,32.1,37.1,82.5,167
2025,Leitrim,000 Head,59.2,22.4,2,20.4,0.9,5.8,1.2,4.6,11.1,3.3,7.8,19.1,8.9,10.2,14.3,44.9
2025,Limerick,000 Head,424.4,148.8,120.7,28.1,2.9,46.3,25.4,20.9,106.2,45.3,60.9,120.3,55.9,64.5,129.4,295
2025,Longford,000 Head,110,31.5,12.8,18.7,1.1,16.1,7.2,8.9,30.9,13.8,17.1,30.4,15.2,15.3,37.2,72.8
2025,Louth,000 Head,90.2,29.3,20.7,8.6,0.5,15.9,6.9,9,22.5,9.2,13.3,22,9.4,12.7,26,64.2
2025,Mayo,000 Head,260.6,80,18.2,61.8,2.5,34.6,14.4,20.2,65.5,28.3,37.1,78,37.9,40,83.1,177.4
2025,Meath,000 Head,314,95.8,68.8,27.1,1.4,48.9,26,22.9,86.3,37.7,48.5,81.6,36.5,45.1,101.6,212.3
2025,Monaghan,000 Head,215.8,63.8,38.9,24.9,1.5,24.3,10,14.3,62.6,28.6,34,63.6,29.9,33.7,70,145.8
2025,Offaly,000 Head,244,63.4,41.4,22.1,1.2,34.1,16.3,17.8,75,31.7,43.3,70.2,33.5,36.7,82.7,161.2
2025,Roscommon,000 Head,203.9,54.5,11,43.5,1.9,33.2,14.9,18.3,56.9,26.2,30.7,57.4,28.1,29.3,71,132.8
2025,Sligo,000 Head,104.8,33.5,8.5,25,0.9,12.2,4.6,7.5,25.9,10.6,15.3,32.4,15,17.4,31.1,73.7
2025,Tipperary,000 Head,670.8,226.6,185.7,40.9,3.5,69.4,40.6,28.9,181.6,84.8,96.8,189.8,89.2,100.5,218,452.8
2025,Waterford,000 Head,252.8,104.3,90.3,14.1,1.6,18.2,9.9,8.3,59.2,24.1,35.1,69.5,29.9,39.6,65.6,187.2
2025,Westmeath,000 Head,229.1,65,35,30,1.4,36.9,17.1,19.8,62.2,24.8,37.4,63.5,29.5,34.1,72.8,156.3
2025,Wexford,000 Head,285.2,106,84.4,21.6,1.8,23.2,10.8,12.4,75.5,32.6,42.9,78.8,34.4,44.4,79.6,205.7
2025,Wicklow,000 Head,118.5,41.4,25.7,15.6,0.9,11.4,4.9,6.5,29.7,12.4,17.2,35.2,16.2,19,34.4,84.1
