YEAR,County,FLOCKS,AVG_FLOCK_SIZE_REPORTED,EWES,RAMS,OTHER,TOTAL,SOURCE_PDF,EWES_SHARE,RAMS_SHARE,OTHER_SHARE,COUNTY_SHARE_OF_NATIONAL,AVG_FLOCK_SIZE_EXACT
2015,Carlow,741,154,74983,2305,37155,114443,NationalSheepGoatCensus2015290716.pdf,0.6551995316445741,0.020141030906215322,0.3246594374492105,0.03043352812514543,154.44399460188933
2015,Cavan,919,78,46804,1746,22723,71273,NationalSheepGoatCensus2015290716.pdf,0.6566862626801173,0.024497355239712092,0.3188163820801706,0.018953442762453712,77.55495103373232
2015,Clare,605,41,15390,734,8712,24836,NationalSheepGoatCensus2015290716.pdf,0.619665002415848,0.029553873409566757,0.3507811241745853,0.006604572621445714,41.051239669421484
2015,Cork,1763,107,121138,3837,64164,189139,NationalSheepGoatCensus2015290716.pdf,0.6404707648871993,0.020286667477357922,0.3392425676354427,0.05029724033852557,107.28247305728871
2015,Donegal,5771,81,318797,11060,138452,468309,NationalSheepGoatCensus2015290716.pdf,0.6807407075243055,0.023616885432481544,0.29564240704321293,0.12453618939348611,81.14867440651534
2015,Dublin,201,118,16638,637,6430,23705,NationalSheepGoatCensus2015290716.pdf,0.701877241088378,0.02687196793925332,0.2712507909723687,0.006303808745022172,117.93532338308458
2015,Galway,4188,98,274849,9013,125923,409785,NationalSheepGoatCensus2015290716.pdf,0.6707151311053358,0.021994460509779518,0.30729040838488475,0.10897305490735755,97.8474212034384
2015,Kerry,2413,131,235475,6435,74343,316253,NationalSheepGoatCensus2015290716.pdf,0.7445779170474273,0.02034763306593139,0.2350744498866414,0.08410033440369107,131.0621632822213
2015,Kildare,677,166,72121,2795,37632,112548,NationalSheepGoatCensus2015290716.pdf,0.640802146639656,0.024833848669012334,0.3343640046913317,0.029929595723887592,166.24519940915806
2015,Kilkenny,519,138,46470,1497,23430,71397,NationalSheepGoatCensus2015290716.pdf,0.6508676835161141,0.020967267532249253,0.3281650489516366,0.018986417758631007,137.5664739884393
2015,Laois,455,124,34348,1106,20773,56227,NationalSheepGoatCensus2015290716.pdf,0.6108808935209064,0.019670265175093817,0.36944884130399985,0.014952299274683048,123.57582417582418
2015,Leitrim,1077,93,72185,2325,25428,99938,NationalSheepGoatCensus2015290716.pdf,0.7222978246512838,0.023264423942844562,0.25443775140587166,0.026576251354567634,92.79294336118849
2015,Limerick,241,92,13828,828,7533,22189,NationalSheepGoatCensus2015290716.pdf,0.6231916715489657,0.03731578710171707,0.3394925413493172,0.0059006628240159025,92.07053941908714
2015,Longford,437,90,24905,1066,13204,39175,NationalSheepGoatCensus2015290716.pdf,0.6357370772176133,0.027211231652839823,0.3370516911295469,0.010417705445528098,89.64530892448512
2015,Louth,379,141,34829,1322,17163,53314,NationalSheepGoatCensus2015290716.pdf,0.6532805642045242,0.024796488727163595,0.32192294706831226,0.01417765279190517,140.67018469656992
2015,Mayo,4752,84,287142,9815,103268,400225,NationalSheepGoatCensus2015290716.pdf,0.7174514335686176,0.024523705415703666,0.2580248610156787,0.10643078907304361,84.22243265993266
2015,Meath,1050,150,100079,4019,53417,157515,NationalSheepGoatCensus2015290716.pdf,0.6353617115830238,0.025515030314573216,0.33912325810240296,0.04188755260376154,150.0142857142857
2015,Monaghan,491,93,26966,1187,17334,45487,NationalSheepGoatCensus2015290716.pdf,0.5928287202937103,0.026095367907314176,0.38107591179897554,0.012096239121907763,92.64154786150714
2015,Offaly,612,149,46355,1492,43180,91027,NationalSheepGoatCensus2015290716.pdf,0.5092445098706977,0.016390741208652377,0.4743647489206499,0.024206572395407435,148.73692810457516
2015,Roscommon,1800,102,123229,3929,57207,184365,NationalSheepGoatCensus2015290716.pdf,0.6683969300029832,0.02131098635858216,0.31029208363843463,0.04902770298569976,102.425
2015,Sligo,1556,81,90075,3288,32663,126026,NationalSheepGoatCensus2015290716.pdf,0.7147334676971419,0.026089854474473522,0.2591766778283846,0.033513765066448604,80.99357326478149
2015,Tipperary,972,129,77727,2444,45538,125709,NationalSheepGoatCensus2015290716.pdf,0.6183089516263752,0.019441726527138072,0.3622493218464867,0.03342946608428569,129.33024691358025
2015,Waterford,435,158,47064,1361,20108,68533,NationalSheepGoatCensus2015290716.pdf,0.6867348576598136,0.01985904600703311,0.2934060963331534,0.01822480171789093,157.5471264367816
2015,Westmeath,761,114,56244,2047,28442,86733,NationalSheepGoatCensus2015290716.pdf,0.6484728995883919,0.02360116679925749,0.32792593361235056,0.023064680189074375,113.97240473061761
2015,Wexford,1109,148,91063,3795,69754,164612,NationalSheepGoatCensus2015290716.pdf,0.5531978227589727,0.0230542123295993,0.4237479649114281,0.04377483928013456,148.43282236248874
2015,Wicklow,1330,179,154307,4848,78507,237662,NationalSheepGoatCensus2015290716.pdf,0.6492708131716471,0.0203987175063746,0.3303304693219783,0.06320083501199997,178.69323308270677
2020,Carlow,706,152,73051,2683,31229,106963,national-sheep-and-goat-census-report-2020.pdf,0.6829557884502118,0.025083440068060917,0.29196077148172733,0.02758753561183755,151.5056657223796
2020,Cavan,971,84,53977,2089,25204,81270,national-sheep-and-goat-census-report-2020.pdf,0.6641688199827734,0.02570444198351175,0.31012673803371477,0.02096088384931273,83.69721936148301
2020,Clare,597,46,18469,760,8080,27309,national-sheep-and-goat-census-report-2020.pdf,0.6762971914021019,0.027829653227873594,0.2958731553700245,0.007043445023266658,45.743718592964825
2020,Cork,1717,98,120929,3652,44097,168678,national-sheep-and-goat-census-report-2020.pdf,0.7169221830944166,0.021650719121640048,0.26142709778394335,0.043504859922903566,98.23995340710542
2020,Donegal,6121,88,366478,12099,157372,535949,national-sheep-and-goat-census-report-2020.pdf,0.6837926743029654,0.02257490917979136,0.29363241651724326,0.1382301555082479,87.55905897729129
2020,Dublin,205,121,17919,633,6315,24867,national-sheep-and-goat-census-report-2020.pdf,0.7205935577271082,0.025455422849559657,0.25395101942333215,0.006413612632962466,121.30243902439024
2020,Galway,4109,103,283588,9356,129824,422768,national-sheep-and-goat-census-report-2020.pdf,0.6707887068084624,0.022130340990803465,0.3070809522007342,0.10903889434239257,102.88829398880506
2020,Kerry,2493,133,248508,6332,76563,331403,national-sheep-and-goat-census-report-2020.pdf,0.7498664767669575,0.019106646590405035,0.23102687664263752,0.08547434219655206,132.9334135579623
2020,Kildare,670,163,73509,2474,33436,109419,national-sheep-and-goat-census-report-2020.pdf,0.6718120253338086,0.022610332757564956,0.30557764190862646,0.028220978834846186,163.31194029850747
2020,Kilkenny,485,137,43367,1599,21426,66392,national-sheep-and-goat-census-report-2020.pdf,0.6531961682130377,0.02408422701530305,0.32271960477165923,0.017123600350972937,136.89072164948453
2020,Laois,434,106,30131,1276,14706,46113,national-sheep-and-goat-census-report-2020.pdf,0.6534166070305554,0.027671155639407544,0.3189122373300371,0.011893309178581985,106.25115207373273
2020,Leitrim,1179,102,86391,2985,30878,120254,national-sheep-and-goat-census-report-2020.pdf,0.7184043774011676,0.024822459128178688,0.25677316347065376,0.031015505431466136,101.99660729431722
2020,Limerick,235,98,14282,516,8238,23036,national-sheep-and-goat-census-report-2020.pdf,0.6199861086994269,0.02239972217398854,0.3576141691265845,0.005941367298545196,98.02553191489362
2020,Longford,438,91,26513,953,12453,39919,national-sheep-and-goat-census-report-2020.pdf,0.6641699441368771,0.023873343520629274,0.31195671234249356,0.010295773623486094,91.1392694063927
2020,Louth,363,161,36240,1159,20884,58283,national-sheep-and-goat-census-report-2020.pdf,0.6217936619597482,0.019885729972719316,0.3583206080675326,0.015032154465233098,160.55922865013775
2020,Mayo,4939,89,317634,9719,113431,440784,national-sheep-and-goat-census-report-2020.pdf,0.7206114559512142,0.022049348433699954,0.25733919561508584,0.11368552019977189,89.2455962745495
2020,Meath,1015,156,103456,3498,51143,158097,national-sheep-and-goat-census-report-2020.pdf,0.654383068622428,0.022125657033340292,0.3234912743442317,0.04077584414820715,155.76059113300494
2020,Monaghan,540,102,31328,1296,22293,54917,national-sheep-and-goat-census-report-2020.pdf,0.5704608773239617,0.023599249776936105,0.40593987289910227,0.014164007116435427,101.69814814814815
2020,Offaly,579,123,46364,1482,23341,71187,national-sheep-and-goat-census-report-2020.pdf,0.6512986921769425,0.02081840785536685,0.3278828999676907,0.018360310552245913,122.94818652849742
2020,Roscommon,1775,103,123232,3997,54716,181945,national-sheep-and-goat-census-report-2020.pdf,0.6773035807524251,0.02196817719640551,0.3007282420511693,0.04692663974361024,102.50422535211267
2020,Sligo,1629,89,105389,3613,36420,145422,national-sheep-and-goat-census-report-2020.pdf,0.7247115292046595,0.024844934053994582,0.2504435367413459,0.03750675096757421,89.2707182320442
2020,Tipperary,889,137,77343,3361,41019,121723,national-sheep-and-goat-census-report-2020.pdf,0.635401690724021,0.027611872858868087,0.33698643641711096,0.03139438494881129,136.92125984251967
2020,Waterford,391,171,46507,1296,19185,66988,national-sheep-and-goat-census-report-2020.pdf,0.6942586731951992,0.019346748671403832,0.286394578133397,0.017277318657533666,171.32480818414322
2020,Westmeath,745,114,55047,2015,27514,84576,national-sheep-and-goat-census-report-2020.pdf,0.6508583995459705,0.023824725690503215,0.3253168747635263,0.021813556200805627,113.5248322147651
2020,Wexford,1072,141,87638,2938,60862,151438,national-sheep-and-goat-census-report-2020.pdf,0.5787054768288012,0.019400678825658026,0.40189384434554076,0.03905837736399927,141.2667910447761
2020,Wicklow,1295,183,155254,5282,76986,237522,national-sheep-and-goat-census-report-2020.pdf,0.653640504879548,0.02223794006449929,0.3241215550559527,0.061260871830398154,183.4146718146718
2022,Carlow,688,153,70505,2245,32660,105410,national-sheep-and-goat-census-report-2022.pdf,0.6688644341144104,0.021297789583530975,0.3098377763020586,0.026283040494732547,153.2122093023256
2022,Cavan,979,92,57312,2162,30177,89651,national-sheep-and-goat-census-report-2022.pdf,0.639278981829539,0.024115737693946527,0.3366052804765145,0.022353674825853976,91.57405515832482
2022,Clare,618,49,19837,908,9635,30380,national-sheep-and-goat-census-report-2022.pdf,0.6529624753127057,0.02988808426596445,0.3171494404213298,0.007574981218385113,49.15857605177994
2022,Cork,1692,117,121713,3442,72792,197947,national-sheep-and-goat-census-report-2022.pdf,0.6148767094222191,0.017388492879407115,0.3677347976983738,0.04935631360222771,116.98995271867612
2022,Donegal,6209,87,368223,11629,161211,541063,national-sheep-and-goat-census-report-2022.pdf,0.6805547597969183,0.021492876060643585,0.29795236414243814,0.13490921866237998,87.14172974714124
2022,Dublin,204,132,19170,613,7043,26826,national-sheep-and-goat-census-report-2022.pdf,0.7146052337284724,0.022850965481249534,0.2625438007902781,0.006688823112718862,131.5
2022,Galway,4141,107,287584,9001,146266,442851,national-sheep-and-goat-census-report-2022.pdf,0.6493922335051744,0.02032512063877015,0.33028264585605543,0.11042093507383363,106.94300893503984
2022,Kerry,2496,138,251572,6499,86091,344162,national-sheep-and-goat-census-report-2022.pdf,0.7309697177491995,0.018883549026330625,0.2501467332244699,0.08581371580256278,137.88541666666666
2022,Kildare,657,164,71380,2402,34255,108037,national-sheep-and-goat-census-report-2022.pdf,0.660699575145552,0.02223312383720392,0.3170673010172441,0.026938059443405937,164.43987823439878
2022,Kilkenny,451,142,41110,1350,21735,64195,national-sheep-and-goat-census-report-2022.pdf,0.6403925539372225,0.02102967520834956,0.3385777708544279,0.01600644895701884,142.33924611973393
2022,Laois,420,109,28766,995,16044,45805,national-sheep-and-goat-census-report-2022.pdf,0.6280100425717716,0.021722519375614015,0.35026743805261434,0.011421066975251155,109.05952380952381
2022,Leitrim,1208,107,89939,2995,36070,129004,national-sheep-and-goat-census-report-2022.pdf,0.6971799324051967,0.023216334377228615,0.27960373321757465,0.03216599332115053,106.79139072847683
2022,Limerick,229,95,13525,448,7754,21727,national-sheep-and-goat-census-report-2022.pdf,0.622497353523266,0.020619505684171768,0.3568831407925622,0.005417433078731183,94.87772925764192
2022,Longford,453,99,28195,970,15679,44844,national-sheep-and-goat-census-report-2022.pdf,0.6287351708143787,0.02163054143252163,0.3496342877530996,0.011181450222424687,98.99337748344371
2022,Louth,372,162,37583,1166,21547,60296,national-sheep-and-goat-census-report-2022.pdf,0.6233083454955552,0.01933793286453496,0.3573537216399098,0.015034268187746832,162.08602150537635
2022,Mayo,4980,93,327142,11886,123513,462541,national-sheep-and-goat-census-report-2022.pdf,0.7072713554041695,0.02569718143905081,0.2670314631567796,0.11533046042570995,92.87971887550201
2022,Meath,994,163,103472,3276,55361,162109,national-sheep-and-goat-census-report-2022.pdf,0.6382865849521001,0.020208625060915805,0.3415047899869841,0.04042042891149415,163.08752515090544
2022,Monaghan,549,102,31645,1293,23124,56062,national-sheep-and-goat-census-report-2022.pdf,0.5644643430487675,0.02306375084727623,0.41247190610395634,0.013978558165408368,102.11657559198542
2022,Offaly,563,129,44928,1721,26041,72690,national-sheep-and-goat-census-report-2022.pdf,0.6180767643417251,0.02367588389049388,0.358247351767781,0.018124601210151872,129.1119005328597
2022,Roscommon,1760,109,125293,3855,61895,191043,national-sheep-and-goat-census-report-2022.pdf,0.6558366441063007,0.020178703223881534,0.3239846526698178,0.047634862965896876,108.54715909090909
2022,Sligo,1643,92,107276,3753,39991,151020,national-sheep-and-goat-census-report-2022.pdf,0.7103430009270295,0.024851013110846247,0.26480598596212424,0.037655485964467404,91.91722458916615
2022,Tipperary,869,144,75020,2309,47914,125243,national-sheep-and-goat-census-report-2022.pdf,0.5989955526456568,0.018436160104756353,0.3825682872495868,0.031228221617320827,144.12313003452243
2022,Waterford,373,178,46231,1351,18867,66449,national-sheep-and-goat-census-report-2022.pdf,0.6957365799334828,0.020331381962106276,0.2839320381044109,0.016568463692576443,178.14745308310992
2022,Westmeath,725,123,58419,1947,28624,88990,national-sheep-and-goat-census-report-2022.pdf,0.6564670187661535,0.02187886279357231,0.3216541184402742,0.022188860389206425,122.7448275862069
2022,Wexford,1018,145,82542,2864,62660,148066,national-sheep-and-goat-census-report-2022.pdf,0.5574676157929572,0.01934272554131266,0.42318965866573016,0.03691893249115899,145.44793713163065
2022,Wicklow,1264,185,153633,4722,75805,234160,national-sheep-and-goat-census-report-2022.pdf,0.6561026648445507,0.020165698667577725,0.32373163648787157,0.058385701188184924,185.25316455696202
2025,Carlow,636,140,61198,1885,26242,89325,National_Sheep_and_Goat_Census_Report_2025.pdf,0.6851161488944865,0.021102714805485586,0.293781136300028,0.024209482148810055,140.44811320754718
2025,Cavan,946,88,53577,2144,27385,83106,National_Sheep_and_Goat_Census_Report_2025.pdf,0.6446826943902967,0.025798377975116117,0.3295189276345872,0.02252396555789542,87.84989429175475
2025,Clare,565,47,17070,780,8889,26739,National_Sheep_and_Goat_Census_Report_2025.pdf,0.6383933580163805,0.029170874004263436,0.332435767979356,0.007246989568172764,47.32566371681416
2025,Cork,1642,96,113485,3254,40373,157112,National_Sheep_and_Goat_Census_Report_2025.pdf,0.7223191099343144,0.0207113396812465,0.25696955038443914,0.04258158588708475,95.68331303288673
2025,Donegal,6142,88,363232,11786,163493,538511,National_Sheep_and_Goat_Census_Report_2025.pdf,0.6745117555630247,0.021886275303568542,0.30360196913340676,0.14595099290722477,87.67681536958645
2025,Dublin,200,115,17062,575,5457,23094,National_Sheep_and_Goat_Census_Report_2025.pdf,0.7388066164371698,0.024898241967610635,0.23629514159521953,0.00625909634194928,115.47
2025,Galway,3849,104,261638,8571,130013,400222,National_Sheep_and_Goat_Census_Report_2025.pdf,0.6537321786408543,0.021415614334044604,0.3248522070251011,0.10847094726628669,103.98077422707196
2025,Kerry,2420,136,245178,6242,77294,328714,National_Sheep_and_Goat_Census_Report_2025.pdf,0.7458702702044939,0.018989151663756334,0.2351405781317498,0.0890903522537246,135.8322314049587
2025,Kildare,634,159,66004,2058,33030,101092,National_Sheep_and_Goat_Census_Report_2025.pdf,0.6529102203933052,0.020357693981719622,0.32673208562497524,0.027398656248390777,159.45110410094637
2025,Kilkenny,401,131,34132,1187,17081,52400,National_Sheep_and_Goat_Census_Report_2025.pdf,0.6513740458015267,0.02265267175572519,0.3259732824427481,0.01420181208617573,130.67331670822944
2025,Laois,415,100,27037,924,13676,41637,National_Sheep_and_Goat_Census_Report_2025.pdf,0.6493503374402575,0.022191800562000145,0.3284578619977424,0.011284749042597306,100.33012048192771
2025,Leitrim,1217,105,92519,3080,32193,127792,National_Sheep_and_Goat_Census_Report_2025.pdf,0.7239811568799299,0.024101665205959685,0.25191717791411045,0.03463507576558337,105.00575184880854
2025,Limerick,195,94,11879,382,6038,18299,National_Sheep_and_Goat_Census_Report_2025.pdf,0.6491611563473414,0.020875457675282802,0.3299633859773758,0.004959522125284917,93.84102564102564
2025,Longford,412,98,26116,1003,13122,40241,National_Sheep_and_Goat_Census_Report_2025.pdf,0.6489898362366741,0.024924827911831218,0.32608533585149474,0.010906395422896899,97.67233009708738
2025,Louth,358,151,34490,1175,18508,54173,National_Sheep_and_Goat_Census_Report_2025.pdf,0.6366640208221808,0.021689771657467743,0.34164620752035146,0.014682342865351103,151.32122905027933
2025,Mayo,4911,91,323653,10215,114558,448426,National_Sheep_and_Goat_Census_Report_2025.pdf,0.7217534219692882,0.02277967825237609,0.25546689977833575,0.12153553027777551,91.31052738749746
2025,Meath,954,153,89666,3308,53427,146401,National_Sheep_and_Goat_Census_Report_2025.pdf,0.6124684940676635,0.02259547407463064,0.3649360318577059,0.039678616244813225,153.4601677148847
2025,Monaghan,493,98,26956,1192,20295,48443,National_Sheep_and_Goat_Census_Report_2025.pdf,0.5564477839935594,0.02460623825939764,0.4189459777470429,0.013129358452110893,98.26166328600405
2025,Offaly,488,117,35469,1175,20392,57036,National_Sheep_and_Goat_Census_Report_2025.pdf,0.6218703976435935,0.020601023914720528,0.35752857844168595,0.015458293018074788,116.87704918032787
2025,Roscommon,1634,105,111303,3409,56431,171143,National_Sheep_and_Goat_Census_Report_2025.pdf,0.650350876167883,0.019919015092641826,0.32973010873947517,0.04638436499741169,104.73867809057528
2025,Sligo,1604,94,107246,3515,39660,150421,National_Sheep_and_Goat_Census_Report_2025.pdf,0.7129722578629314,0.023367747854355442,0.2636599942827132,0.040768144576615255,93.7786783042394
2025,Tipperary,806,134,66737,2668,38422,107827,National_Sheep_and_Goat_Census_Report_2025.pdf,0.618926613927866,0.024743338866888627,0.3563300472052454,0.029224022744581492,133.7803970223325
2025,Waterford,356,171,43237,1142,16353,60732,National_Sheep_and_Goat_Census_Report_2025.pdf,0.711931107159323,0.01880392544292959,0.26926496739774747,0.016460008618656954,170.59550561797752
2025,Westmeath,685,110,51112,1786,22266,75164,National_Sheep_and_Goat_Census_Report_2025.pdf,0.6800063860358683,0.023761375126390292,0.29623223883774147,0.020371469535215885,109.72846715328467
2025,Wexford,930,132,69811,2383,50645,122839,National_Sheep_and_Goat_Census_Report_2025.pdf,0.5683129950585726,0.019399376419541026,0.4122876285218864,0.03329267929110191,132.08494623655915
2025,Wicklow,1274,172,144982,4783,69016,218781,National_Sheep_and_Goat_Census_Report_2025.pdf,0.6626809457859686,0.021862044693094922,0.31545700952093647,0.05929554675621397,171.7276295133438
