YEAR,CATEGORY,County,TOTAL_DAFM,MOUNTAIN_COUNT,MOUNTAIN_CROSS_COUNT,LOWLAND_COUNT,LOWLAND_CROSS_COUNT,MOUNTAIN_TYPE_COUNT,LOWLAND_TYPE_COUNT,MOUNTAIN_SHARE_EXACT,MOUNTAIN_CROSS_SHARE_EXACT,LOWLAND_SHARE_EXACT,LOWLAND_CROSS_SHARE_EXACT,MOUNTAIN_TYPE_SHARE_EXACT,LOWLAND_TYPE_SHARE_EXACT,MOUNTAIN_PCT_REPORTED,MOUNTAIN_CROSS_PCT_REPORTED,LOWLAND_PCT_REPORTED,LOWLAND_CROSS_PCT_REPORTED,SOURCE_PDF,SOURCE_PAGE
2016,EWES,Carlow,77981,8679,12123,22339,34840,20802,57179,0.11129634141649888,0.1554609456149575,0.2864672163732191,0.4467754965953245,0.2667572870314564,0.7332427129685436,11.0,16.0,28.0,45.0,NationalSheepGoatCensus2016110517.pdf,8
2016,EWES,Cavan,49893,5896,11570,12548,19879,17466,32427,0.11817288998456697,0.2318962579921031,0.25149820616118496,0.398432645862145,0.35006914797667005,0.6499308520233299,12.0,23.0,25.0,40.0,NationalSheepGoatCensus2016110517.pdf,8
2016,EWES,Clare,17323,1095,1247,7151,7830,2342,14981,0.06321076026092479,0.07198522195924494,0.4128037868729435,0.4520002309068868,0.1351959822201697,0.8648040177798303,6.0,7.0,41.0,46.0,NationalSheepGoatCensus2016110517.pdf,8
2016,EWES,Cork,124245,44047,34017,18289,27892,78064,46181,0.3545172843977625,0.2737896897259447,0.14720109461145317,0.22449193126483963,0.6283069741237072,0.3716930258762928,36.0,27.0,15.0,22.0,NationalSheepGoatCensus2016110517.pdf,8
2016,EWES,Donegal,340228,123232,74671,49754,92571,197903,142325,0.3622041689690443,0.2194734119472824,0.14623722915221557,0.27208518993145775,0.5816775809163267,0.4183224190836733,36.0,22.0,15.0,27.0,NationalSheepGoatCensus2016110517.pdf,8
2016,EWES,Dublin,17880,4583,2340,2543,8414,6923,10957,0.2563199105145414,0.13087248322147652,0.14222595078299777,0.47058165548098435,0.3871923937360179,0.6128076062639821,26.0,13.0,14.0,47.0,NationalSheepGoatCensus2016110517.pdf,8
2016,EWES,Galway,290079,71796,21343,93241,103699,93139,196940,0.24750499001996007,0.07357650846838275,0.3214331268378614,0.35748537467379576,0.32108149848834283,0.6789185015116572,25.0,7.0,32.0,36.0,NationalSheepGoatCensus2016110517.pdf,8
2016,EWES,Kerry,241714,138994,68490,11345,22885,207484,34230,0.575034958670164,0.2833513987605186,0.046935634675691104,0.09467800789362635,0.8583863574306826,0.14161364256931747,58.0,28.0,5.0,9.0,NationalSheepGoatCensus2016110517.pdf,8
2016,EWES,Kildare,78692,15557,9283,20467,33385,24840,53852,0.19769481014588522,0.11796624815737305,0.2600899710262797,0.4242489706704621,0.31566105830325825,0.6843389416967417,20.0,12.0,26.0,42.0,NationalSheepGoatCensus2016110517.pdf,8
2016,EWES,Kilkenny,48475,2633,4490,18335,23017,7123,41352,0.054316658071170705,0.0926250644662197,0.378236204228984,0.4748220732336256,0.1469417225373904,0.8530582774626095,5.0,9.0,38.0,48.0,NationalSheepGoatCensus2016110517.pdf,8
2016,EWES,Laois,35199,1416,3497,13584,16702,4913,30286,0.04022841557998807,0.09934941333560612,0.3859200545470042,0.47450211653740165,0.1395778289155942,0.8604221710844058,4.0,10.0,39.0,47.0,NationalSheepGoatCensus2016110517.pdf,8
2016,EWES,Leitrim,78104,20264,38808,4860,14172,59072,19032,0.2594489398750384,0.49687596025811737,0.062224726006350504,0.1814503738604937,0.7563249001331558,0.2436750998668442,26.0,50.0,6.0,18.0,NationalSheepGoatCensus2016110517.pdf,8
2016,EWES,Limerick,14495,4291,2075,4470,3659,6366,8129,0.2960331148671956,0.1431528113142463,0.3083822007588824,0.25243187305967574,0.43918592618144187,0.5608140738185581,30.0,14.0,31.0,25.0,NationalSheepGoatCensus2016110517.pdf,8
2016,EWES,Longford,27012,1486,1841,11601,12084,3327,23685,0.055012586998371096,0.06815489412113135,0.4294757885384274,0.4473567303420702,0.12316748111950244,0.8768325188804975,6.0,7.0,43.0,44.0,NationalSheepGoatCensus2016110517.pdf,8
2016,EWES,Louth,37070,7653,7417,7814,14186,15070,22000,0.20644726193687618,0.20008092797410304,0.2107903965470731,0.3826814135419477,0.4065281899109792,0.5934718100890207,21.0,20.0,21.0,38.0,NationalSheepGoatCensus2016110517.pdf,8
2016,EWES,Mayo,304162,158802,46218,38203,60939,205020,99142,0.5220967773752145,0.15195192035823016,0.12560083113603934,0.20035047113051596,0.6740486977334447,0.32595130226655533,52.0,15.0,13.0,20.0,NationalSheepGoatCensus2016110517.pdf,8
2016,EWES,Meath,110324,4685,7373,42625,55641,12058,98266,0.04246582792502085,0.06683042674304775,0.3863619883252964,0.504341757006635,0.1092962546680686,0.8907037453319314,4.0,7.0,39.0,50.0,NationalSheepGoatCensus2016110517.pdf,8
2016,EWES,Monaghan,30102,693,830,11540,17039,1523,28579,0.023021726131154076,0.02757291874294067,0.3833632316789582,0.566042123446947,0.05059464487409474,0.9494053551259053,2.0,3.0,38.0,57.0,NationalSheepGoatCensus2016110517.pdf,8
2016,EWES,Offaly,49290,1685,2614,20864,24127,4299,44991,0.03418543315074052,0.05303306958815175,0.42329072834246295,0.48949076891864474,0.08721850273889227,0.9127814972611077,3.0,5.0,42.0,50.0,NationalSheepGoatCensus2016110517.pdf,8
2016,EWES,Roscommon,127579,4380,7690,50238,65271,12070,115509,0.034331669005087044,0.060276377773771546,0.39377954051999153,0.5116124127011499,0.09460804677885859,0.9053919532211414,3.0,6.0,39.0,52.0,NationalSheepGoatCensus2016110517.pdf,8
2016,EWES,Sligo,96856,33437,20359,16567,26493,53796,43060,0.34522383744940943,0.21019864541174527,0.17104774097629472,0.2735297761625506,0.5554224828611547,0.4445775171388453,35.0,21.0,17.0,27.0,NationalSheepGoatCensus2016110517.pdf,8
2016,EWES,Tipperary,80579,20324,11067,25125,24063,31391,49188,0.25222452500031023,0.13734347658819296,0.3118058054828181,0.2986261929286787,0.3895680015885032,0.6104319984114968,25.0,14.0,31.0,30.0,NationalSheepGoatCensus2016110517.pdf,8
2016,EWES,Waterford,47942,24794,8333,4932,9883,33127,14815,0.5171665762796712,0.17381419214884652,0.10287430645363148,0.20614492511785074,0.6909807684285177,0.3090192315714822,52.0,17.0,10.0,21.0,NationalSheepGoatCensus2016110517.pdf,8
2016,EWES,Westmeath,59036,1774,5713,22071,29478,7487,51549,0.030049461345619623,0.09677146148113015,0.3738566298529711,0.49932244732027914,0.12682092282674978,0.8731790771732503,3.0,10.0,37.0,50.0,NationalSheepGoatCensus2016110517.pdf,8
2016,EWES,Wexford,94766,5261,10237,29615,49653,15498,79268,0.05551569128168331,0.10802397484329823,0.31250659519236856,0.5239537386826499,0.16353966612498153,0.8364603338750185,6.0,11.0,31.0,52.0,NationalSheepGoatCensus2016110517.pdf,8
2016,EWES,Wicklow,161022,61480,42348,18238,38956,103828,57194,0.3818111810808461,0.2629951186794351,0.11326402603370968,0.2419296742060091,0.6448062997602813,0.3551937002397188,38.0,27.0,11.0,24.0,NationalSheepGoatCensus2016110517.pdf,8
2016,OTHER,Carlow,35023,2987,5534,10333,16169,8521,26502,0.08528681152385575,0.15801045027553323,0.29503469148845046,0.4616680467121606,0.243297261799389,0.7567027382006111,9.0,16.0,30.0,45.0,NationalSheepGoatCensus2016110517.pdf,10
2016,OTHER,Cavan,24549,3450,5618,7009,8472,9068,15481,0.14053525601857508,0.228848425597784,0.28551061143020084,0.34510570695344006,0.3693836816163591,0.6306163183836409,14.0,23.0,29.0,34.0,NationalSheepGoatCensus2016110517.pdf,10
2016,OTHER,Clare,8006,329,904,3612,3161,1233,6773,0.041094179365475894,0.11291531351486385,0.4511616287784162,0.3948288783412441,0.15400949288033974,0.8459905071196603,4.0,11.0,46.0,39.0,NationalSheepGoatCensus2016110517.pdf,10
2016,OTHER,Cork,57690,12159,20066,11017,14448,32225,25465,0.21076443057722308,0.34782457964985264,0.19096897209221703,0.25044201768070723,0.5585890102270757,0.44141098977292426,21.0,35.0,19.0,25.0,NationalSheepGoatCensus2016110517.pdf,10
2016,OTHER,Donegal,143837,40948,33753,23195,45941,74701,69136,0.2846833568553293,0.2346614570659844,0.1612589250331973,0.319396261045489,0.5193448139213137,0.4806551860786863,28.0,23.0,16.0,33.0,NationalSheepGoatCensus2016110517.pdf,10
2016,OTHER,Dublin,6901,1527,959,1125,3290,2486,4415,0.22127227937980004,0.13896536733806694,0.16301985219533402,0.476742501086799,0.36023764671786696,0.639762353282133,22.0,14.0,16.0,48.0,NationalSheepGoatCensus2016110517.pdf,10
2016,OTHER,Galway,136130,23312,12750,46739,53329,36062,100068,0.1712480716961728,0.09366047160802174,0.3433409241166532,0.39175053257915227,0.2649085433041945,0.7350914566958054,17.0,9.0,34.0,40.0,NationalSheepGoatCensus2016110517.pdf,10
2016,OTHER,Kerry,73218,36428,22103,4353,10334,58531,14687,0.49752793029036574,0.30187931929307,0.05945259362451856,0.14114015679204567,0.7994072495834358,0.20059275041656424,50.0,30.0,6.0,14.0,NationalSheepGoatCensus2016110517.pdf,10
2016,OTHER,Kildare,36680,5616,5930,9112,16022,11546,25134,0.15310796074154853,0.16166848418756816,0.24841875681570338,0.4368047982551799,0.31477644492911666,0.6852235550708833,15.0,16.0,25.0,44.0,NationalSheepGoatCensus2016110517.pdf,10
2016,OTHER,Kilkenny,22652,678,2900,8927,10147,3578,19074,0.02993113190888222,0.1280240155394667,0.3940932368002825,0.44795161575136855,0.15795514744834893,0.8420448525516511,3.0,13.0,39.0,45.0,NationalSheepGoatCensus2016110517.pdf,10
2016,OTHER,Laois,21171,1311,2268,7896,9696,3579,17592,0.061924330452033445,0.1071276746492844,0.3729630154456568,0.45798497945302535,0.16905200510131785,0.8309479948986822,6.0,11.0,37.0,46.0,NationalSheepGoatCensus2016110517.pdf,10
2016,OTHER,Leitrim,27847,5697,14363,2006,5781,20060,7787,0.20458218120443855,0.5157826695873883,0.07203648507918267,0.20759866412899056,0.7203648507918268,0.27963514920817323,20.0,52.0,7.0,21.0,NationalSheepGoatCensus2016110517.pdf,10
2016,OTHER,Limerick,7956,1242,1776,2275,2663,3018,4938,0.15610859728506787,0.22322775263951736,0.28594771241830064,0.3347159376571141,0.3793363499245852,0.6206636500754148,16.0,22.0,29.0,33.0,NationalSheepGoatCensus2016110517.pdf,10
2016,OTHER,Longford,13225,336,1479,5229,6181,1815,11410,0.025406427221172024,0.1118336483931947,0.3953875236294896,0.46737240075614367,0.13724007561436674,0.8627599243856333,3.0,11.0,40.0,46.0,NationalSheepGoatCensus2016110517.pdf,10
2016,OTHER,Louth,20063,3685,5004,4715,6659,8689,11374,0.18367143497981359,0.24941434481383642,0.23500971938394058,0.3319045008224094,0.43308577979365,0.56691422020635,18.0,25.0,24.0,33.0,NationalSheepGoatCensus2016110517.pdf,10
2016,OTHER,Mayo,110302,43562,20709,18552,27479,64271,46031,0.39493390872332323,0.18774818226324091,0.16819277982266867,0.24912512919076715,0.5826820909865642,0.41731790901343585,39.0,19.0,17.0,25.0,NationalSheepGoatCensus2016110517.pdf,10
2016,OTHER,Meath,54814,4361,9178,16798,24477,13539,41275,0.07955996643193344,0.1674389754442296,0.30645455540555333,0.44654650271828367,0.24699894187616303,0.753001058123837,8.0,17.0,31.0,44.0,NationalSheepGoatCensus2016110517.pdf,10
2016,OTHER,Monaghan,17547,1010,2299,5965,8273,3309,14238,0.05755969681427025,0.1310195475009973,0.3399441499971505,0.47147660568758193,0.18857924431526757,0.8114207556847325,6.0,13.0,34.0,47.0,NationalSheepGoatCensus2016110517.pdf,10
2016,OTHER,Offaly,33603,1552,4833,11300,15918,6385,27218,0.0461863524090111,0.14382644406749398,0.33627949885426894,0.47370770466922596,0.19001279647650507,0.809987203523495,5.0,14.0,34.0,47.0,NationalSheepGoatCensus2016110517.pdf,10
2016,OTHER,Roscommon,59760,1940,7307,24452,26061,9247,50513,0.03246318607764391,0.12227242302543508,0.40917001338688086,0.43609437751004015,0.15473560910307899,0.8452643908969211,3.0,12.0,41.0,44.0,NationalSheepGoatCensus2016110517.pdf,10
2016,OTHER,Sligo,32820,8943,7020,6192,10665,15963,16857,0.27248628884826326,0.21389396709323583,0.1886654478976234,0.3249542961608775,0.4863802559414991,0.5136197440585009,28.0,21.0,19.0,32.0,NationalSheepGoatCensus2016110517.pdf,10
2016,OTHER,Tipperary,48670,5039,14961,15920,12750,20000,28670,0.10353400452023834,0.30739675364701047,0.32710088350113004,0.26196835833162113,0.41093075816724883,0.5890692418327512,10.0,31.0,33.0,26.0,NationalSheepGoatCensus2016110517.pdf,10
2016,OTHER,Waterford,18668,9635,3001,2252,3780,12636,6032,0.5161238482965502,0.16075637454467537,0.12063424041139918,0.20248553674737518,0.6768802228412256,0.3231197771587744,52.0,16.0,12.0,20.0,NationalSheepGoatCensus2016110517.pdf,10
2016,OTHER,Westmeath,29088,1840,4432,8734,14082,6272,22816,0.06325632563256325,0.15236523652365236,0.3002612761276128,0.48411716171617164,0.2156215621562156,0.7843784378437844,6.0,15.0,30.0,49.0,NationalSheepGoatCensus2016110517.pdf,10
2016,OTHER,Wexford,70675,4066,11409,19786,35414,15475,55200,0.05753095153873364,0.16142907675981605,0.279957552175451,0.5010824195259993,0.21896002829854969,0.7810399717014503,6.0,16.0,28.0,50.0,NationalSheepGoatCensus2016110517.pdf,10
2016,OTHER,Wicklow,83510,23846,25802,10305,23557,49648,33862,0.28554664112082384,0.30896898575020953,0.1233983954017483,0.2820859777272183,0.5945156268710334,0.40548437312896657,29.0,31.0,12.0,28.0,NationalSheepGoatCensus2016110517.pdf,10
2016,RAMS,Carlow,2288,137,117,1522,512,254,2034,0.059877622377622376,0.05113636363636364,0.6652097902097902,0.22377622377622378,0.11101398601398602,0.888986013986014,6.0,5.0,67.0,22.0,NationalSheepGoatCensus2016110517.pdf,9
2016,RAMS,Cavan,2397,175,274,1078,870,449,1948,0.07300792657488528,0.11430955360867752,0.4497288277012933,0.36295369211514394,0.18731748018356278,0.8126825198164372,7.0,11.0,46.0,36.0,NationalSheepGoatCensus2016110517.pdf,9
2016,RAMS,Clare,740,33,26,501,180,59,681,0.0445945945945946,0.03513513513513514,0.677027027027027,0.24324324324324326,0.07972972972972973,0.9202702702702703,4.0,4.0,68.0,24.0,NationalSheepGoatCensus2016110517.pdf,9
2016,RAMS,Cork,3768,809,458,1857,644,1267,2501,0.2147027600849257,0.12154989384288747,0.4928343949044586,0.17091295116772823,0.33625265392781317,0.6637473460721869,21.0,12.0,50.0,17.0,NationalSheepGoatCensus2016110517.pdf,9
2016,RAMS,Donegal,11098,2732,1283,5121,1962,4015,7083,0.24617048116777798,0.11560641557037304,0.46143449270138764,0.17678861056046136,0.361776896738151,0.638223103261849,25.0,12.0,45.0,18.0,NationalSheepGoatCensus2016110517.pdf,9
2016,RAMS,Dublin,597,102,57,380,58,159,438,0.1708542713567839,0.09547738693467336,0.6365159128978225,0.09715242881072027,0.2663316582914573,0.7336683417085427,17.0,10.0,63.0,10.0,NationalSheepGoatCensus2016110517.pdf,9
2016,RAMS,Galway,8484,1580,257,4945,1702,1837,6647,0.18623290900518624,0.03029231494578029,0.5828618576143328,0.2006129184347006,0.21652522395096652,0.7834747760490335,19.0,3.0,58.0,20.0,NationalSheepGoatCensus2016110517.pdf,9
2016,RAMS,Kerry,6440,2515,1103,2094,728,3618,2822,0.390527950310559,0.17127329192546584,0.3251552795031056,0.11304347826086956,0.5618012422360248,0.43819875776397516,39.0,17.0,33.0,11.0,NationalSheepGoatCensus2016110517.pdf,9
2016,RAMS,Kildare,2506,197,93,1730,486,290,2216,0.07861133280127694,0.03711093375897845,0.690343176376696,0.19393455706304868,0.11572226656025539,0.8842777334397446,8.0,4.0,69.0,19.0,NationalSheepGoatCensus2016110517.pdf,9
2016,RAMS,Kilkenny,1553,32,125,1151,245,157,1396,0.0206052801030264,0.08048937540244688,0.7411461687057308,0.1577591757887959,0.10109465550547328,0.8989053444945267,2.0,8.0,74.0,16.0,NationalSheepGoatCensus2016110517.pdf,9
2016,RAMS,Laois,1178,73,23,901,181,96,1082,0.06196943972835314,0.019524617996604415,0.764855687606112,0.1536502546689304,0.08149405772495756,0.9185059422750425,6.0,2.0,77.0,15.0,NationalSheepGoatCensus2016110517.pdf,9
2016,RAMS,Leitrim,2637,481,746,920,490,1227,1410,0.18240424725066362,0.28289723170269243,0.3488813045127038,0.1858172165339401,0.4653014789533561,0.534698521046644,18.0,28.0,35.0,19.0,NationalSheepGoatCensus2016110517.pdf,9
2016,RAMS,Limerick,605,95,10,386,114,105,500,0.15702479338842976,0.01652892561983471,0.6380165289256199,0.1884297520661157,0.17355371900826447,0.8264462809917356,16.0,2.0,63.0,19.0,NationalSheepGoatCensus2016110517.pdf,9
2016,RAMS,Longford,1320,255,18,704,343,273,1047,0.19318181818181818,0.013636363636363636,0.5333333333333333,0.25984848484848483,0.20681818181818182,0.7931818181818182,19.0,1.0,54.0,26.0,NationalSheepGoatCensus2016110517.pdf,9
2016,RAMS,Louth,1171,143,85,717,226,228,943,0.12211784799316823,0.07258753202391119,0.6122971818958155,0.19299743808710504,0.19470538001707943,0.8052946199829206,12.0,7.0,62.0,19.0,NationalSheepGoatCensus2016110517.pdf,9
2016,RAMS,Mayo,9129,3019,792,3751,1567,3811,5318,0.3307043487786176,0.08675649030561945,0.4108883776974477,0.17165078321831526,0.41746083908423703,0.582539160915763,33.0,9.0,41.0,17.0,NationalSheepGoatCensus2016110517.pdf,9
2016,RAMS,Meath,3633,76,219,2771,567,295,3338,0.020919350399119185,0.06028075970272502,0.7627305257363061,0.15606936416184972,0.0812001101018442,0.9187998898981558,2.0,6.0,76.0,16.0,NationalSheepGoatCensus2016110517.pdf,9
2016,RAMS,Monaghan,1196,20,13,848,315,33,1163,0.016722408026755852,0.010869565217391304,0.7090301003344481,0.2633779264214047,0.027591973244147156,0.9724080267558528,2.0,1.0,71.0,26.0,NationalSheepGoatCensus2016110517.pdf,9
2016,RAMS,Offaly,1908,27,312,1174,395,339,1569,0.014150943396226415,0.16352201257861634,0.6153039832285115,0.2070230607966457,0.17767295597484276,0.8223270440251572,1.0,16.0,62.0,21.0,NationalSheepGoatCensus2016110517.pdf,9
2016,RAMS,Roscommon,4115,106,88,2665,1256,194,3921,0.025759416767922236,0.021385176184690158,0.6476306196840826,0.305224787363305,0.04714459295261239,0.9528554070473876,3.0,2.0,64.0,31.0,NationalSheepGoatCensus2016110517.pdf,9
2016,RAMS,Sligo,3169,562,286,1676,645,848,2321,0.1773430104133796,0.09024928999684444,0.5288734616598296,0.20353423792994635,0.267592300410224,0.7324076995897759,18.0,9.0,53.0,20.0,NationalSheepGoatCensus2016110517.pdf,9
2016,RAMS,Tipperary,2471,367,305,1408,391,672,1799,0.14852286523674627,0.12343180898421692,0.5698097936058276,0.15823553217320924,0.2719546742209632,0.7280453257790368,15.0,12.0,57.0,16.0,NationalSheepGoatCensus2016110517.pdf,9
2016,RAMS,Waterford,1340,488,84,609,159,572,768,0.3641791044776119,0.0626865671641791,0.4544776119402985,0.11865671641791045,0.42686567164179107,0.573134328358209,36.0,6.0,46.0,12.0,NationalSheepGoatCensus2016110517.pdf,9
2016,RAMS,Westmeath,2050,34,35,1510,471,69,1981,0.016585365853658537,0.01707317073170732,0.7365853658536585,0.22975609756097562,0.033658536585365856,0.9663414634146341,2.0,2.0,73.0,23.0,NationalSheepGoatCensus2016110517.pdf,9
2016,RAMS,Wexford,3006,140,107,2102,657,247,2759,0.046573519627411845,0.03559547571523619,0.699268130405855,0.218562874251497,0.08216899534264804,0.917831004657352,5.0,4.0,69.0,22.0,NationalSheepGoatCensus2016110517.pdf,9
2016,RAMS,Wicklow,4773,1185,474,2634,480,1659,3114,0.2482715273412948,0.09930861093651791,0.5518541797611565,0.1005656819610308,0.3475801382778127,0.6524198617221874,25.0,10.0,55.0,10.0,NationalSheepGoatCensus2016110517.pdf,9
2020,EWES,Carlow,73051,10210,11929,17991,32921,22139,50912,0.13976536939946066,0.16329687478610833,0.24627999616706137,0.45065775964736965,0.303062244185569,0.696937755814431,14.0,16.0,25.0,45.0,national-sheep-and-goat-census-report-2020.pdf,9
2020,EWES,Cavan,53977,7750,11703,14425,20099,19453,34524,0.14357967282361006,0.21681456916834949,0.26724345554588064,0.3723623024621598,0.3603942419919595,0.6396057580080404,14.0,22.0,27.0,37.0,national-sheep-and-goat-census-report-2020.pdf,9
2020,EWES,Clare,18469,969,1888,6324,9288,2857,15612,0.052466294872489036,0.1022253505874709,0.3424116086415074,0.5028967458985327,0.15469164545995992,0.84530835454004,5.0,10.0,34.0,50.0,national-sheep-and-goat-census-report-2020.pdf,9
2020,EWES,Cork,120929,46156,32913,16511,25349,79069,41860,0.3816785055693837,0.27216796632734913,0.13653466083404311,0.2096188672692241,0.6538464718967328,0.3461535281032672,38.0,27.0,14.0,21.0,national-sheep-and-goat-census-report-2020.pdf,9
2020,EWES,Donegal,366478,146425,73432,45389,101232,219857,146621,0.3995464939232369,0.2003721915094494,0.12385190925512582,0.2762294053121879,0.5999186854326862,0.4000813145673137,40.0,20.0,12.0,28.0,national-sheep-and-goat-census-report-2020.pdf,9
2020,EWES,Dublin,17919,4536,3021,4283,6079,7557,10362,0.2531391260673029,0.16859199732127908,0.2390200346001451,0.339248842011273,0.42173112338858193,0.578268876611418,25.0,17.0,24.0,34.0,national-sheep-and-goat-census-report-2020.pdf,9
2020,EWES,Galway,283588,79293,21786,74588,107921,101079,182509,0.2796063303101683,0.0768227146423685,0.26301536031143774,0.3805555947360255,0.3564290449525368,0.6435709550474632,28.0,8.0,26.0,38.0,national-sheep-and-goat-census-report-2020.pdf,9
2020,EWES,Kerry,248508,143625,68393,12269,24221,212018,36490,0.5779492008305568,0.2752144800167399,0.049370644003412366,0.09746567514929097,0.8531636808472967,0.14683631915270334,58.0,28.0,5.0,10.0,national-sheep-and-goat-census-report-2020.pdf,9
2020,EWES,Kildare,73509,13674,9259,18196,32380,22933,50576,0.18601803860751745,0.1259573657647363,0.24753431552599,0.4404902801017562,0.31197540437225374,0.6880245956277463,19.0,13.0,25.0,44.0,national-sheep-and-goat-census-report-2020.pdf,9
2020,EWES,Kilkenny,43367,1803,4460,15906,21198,6263,37104,0.04157539142666083,0.10284317568658197,0.3667765812714737,0.48880485161528353,0.1444185671132428,0.8555814328867573,4.0,10.0,37.0,49.0,national-sheep-and-goat-census-report-2020.pdf,9
2020,EWES,Laois,30131,1694,2741,11599,14097,4435,25696,0.05622116756828516,0.09096943347383094,0.3849523746307789,0.46785702432710496,0.1471906010421161,0.8528093989578839,6.0,9.0,38.0,47.0,national-sheep-and-goat-census-report-2020.pdf,9
2020,EWES,Leitrim,86391,27090,38448,6849,14004,65538,20853,0.3135743306594437,0.4450463589957287,0.07927909157203876,0.16210021877278882,0.7586206896551724,0.2413793103448276,31.0,45.0,8.0,16.0,national-sheep-and-goat-census-report-2020.pdf,9
2020,EWES,Limerick,14282,4657,1829,4077,3719,6486,7796,0.3260747794426551,0.12806329645707884,0.2854642206973813,0.26039770340288476,0.45413807589973393,0.545861924100266,33.0,13.0,29.0,26.0,national-sheep-and-goat-census-report-2020.pdf,9
2020,EWES,Longford,26513,1646,2755,8288,13824,4401,22112,0.0620827518575793,0.10391128880171992,0.3126013653679327,0.5214045939727681,0.1659940406592992,0.8340059593407008,6.0,10.0,31.0,52.0,national-sheep-and-goat-census-report-2020.pdf,9
2020,EWES,Louth,36240,8211,7720,7201,13108,15931,20309,0.22657284768211922,0.2130242825607064,0.19870309050772628,0.36169977924944813,0.4395971302428256,0.5604028697571743,23.0,21.0,20.0,36.0,national-sheep-and-goat-census-report-2020.pdf,9
2020,EWES,Mayo,317634,172083,48803,34330,62418,220886,96748,0.5417650503409585,0.15364539060679902,0.10808036922999427,0.19650918982224824,0.6954104409477575,0.3045895590522425,54.0,15.0,11.0,20.0,national-sheep-and-goat-census-report-2020.pdf,9
2020,EWES,Meath,103456,4629,6432,34787,57608,11061,92395,0.04474365914011754,0.06217135787194556,0.3362492267244046,0.5568357562635323,0.1069150170120631,0.8930849829879369,4.0,6.0,34.0,56.0,national-sheep-and-goat-census-report-2020.pdf,9
2020,EWES,Monaghan,31328,1182,1321,9381,19444,2503,28825,0.03772982635342186,0.04216675178753831,0.2994445863125638,0.620658835546476,0.07989657814096017,0.9201034218590398,4.0,4.0,30.0,62.0,national-sheep-and-goat-census-report-2020.pdf,9
2020,EWES,Offaly,46364,962,3211,18656,23535,4173,42191,0.02074885687171081,0.06925631955827798,0.40238115779484085,0.5076136657751704,0.09000517642998879,0.9099948235700113,2.0,7.0,40.0,51.0,national-sheep-and-goat-census-report-2020.pdf,9
2020,EWES,Roscommon,123232,5764,8607,44419,64442,14371,108861,0.04677356530771228,0.06984387172163074,0.3604502077382498,0.5229323552324072,0.11661743702934303,0.883382562970657,5.0,7.0,36.0,52.0,national-sheep-and-goat-census-report-2020.pdf,9
2020,EWES,Sligo,105389,36072,24080,17278,27959,60152,45237,0.3422748104640902,0.22848684397802427,0.16394500374801924,0.2652933418098663,0.5707616544421145,0.42923834555788554,34.0,23.0,16.0,27.0,national-sheep-and-goat-census-report-2020.pdf,9
2020,EWES,Tipperary,77343,21690,11816,21939,21898,33506,43837,0.2804390830456538,0.15277400669743868,0.2836585082037159,0.2831284020531916,0.43321308974309247,0.5667869102569075,28.0,15.0,28.0,28.0,national-sheep-and-goat-census-report-2020.pdf,9
2020,EWES,Waterford,46507,26828,6839,4103,8737,33667,12840,0.5768593975100522,0.14705313178661278,0.0882232782161825,0.18786419248715247,0.723912529296665,0.276087470703335,58.0,15.0,9.0,19.0,national-sheep-and-goat-census-report-2020.pdf,9
2020,EWES,Westmeath,55047,2314,7112,15177,30444,9426,45621,0.042036804912165965,0.12919868476029575,0.27570984794811704,0.5530546623794212,0.17123548967246172,0.8287645103275383,4.0,13.0,28.0,55.0,national-sheep-and-goat-census-report-2020.pdf,9
2020,EWES,Wexford,87638,7476,9020,23388,47754,16496,71142,0.08530546110134873,0.10292338939729341,0.2668705356124056,0.5449006138889523,0.18822885049864213,0.8117711495013579,9.0,10.0,27.0,54.0,national-sheep-and-goat-census-report-2020.pdf,9
2020,EWES,Wicklow,155254,61070,43055,14773,36356,104125,51129,0.3933554046916666,0.2773197469952465,0.09515374805157999,0.23417110026150695,0.670675151686913,0.32932484831308695,39.0,28.0,10.0,23.0,national-sheep-and-goat-census-report-2020.pdf,9
2020,OTHER,Carlow,31229,2448,6077,8674,14030,8525,22704,0.0783886771910724,0.19459476768388356,0.27775465112555636,0.4492619039994877,0.27298344487495596,0.727016555125044,8.0,19.0,28.0,45.0,national-sheep-and-goat-census-report-2020.pdf,11
2020,OTHER,Cavan,25204,3070,7079,5381,9674,10149,15055,0.12180606252975718,0.28086811617203616,0.21349785748293923,0.3838279638152674,0.40267417870179334,0.5973258212982067,12.0,28.0,21.0,38.0,national-sheep-and-goat-census-report-2020.pdf,11
2020,OTHER,Clare,8080,324,669,2973,4114,993,7087,0.0400990099009901,0.0827970297029703,0.36794554455445544,0.5091584158415842,0.1228960396039604,0.8771039603960396,4.0,8.0,37.0,51.0,national-sheep-and-goat-census-report-2020.pdf,11
2020,OTHER,Cork,44097,12322,10210,8425,13140,22532,21565,0.27942943964442024,0.231535025058394,0.19105608091253373,0.297979454384652,0.5109644647028142,0.48903553529718574,28.0,23.0,19.0,30.0,national-sheep-and-goat-census-report-2020.pdf,11
2020,OTHER,Donegal,157372,46957,35379,21738,53298,82336,75036,0.2983821772615205,0.22481127519507918,0.13813130671275703,0.3386752408306433,0.5231934524565997,0.47680654754340035,30.0,22.0,14.0,34.0,national-sheep-and-goat-census-report-2020.pdf,11
2020,OTHER,Dublin,6315,1675,1102,1354,2184,2777,3538,0.26524148851939827,0.17450514647664292,0.21441013460015834,0.3458432304038005,0.43974663499604116,0.5602533650039588,27.0,17.0,21.0,35.0,national-sheep-and-goat-census-report-2020.pdf,11
2020,OTHER,Galway,129824,24750,14884,39835,50355,39634,90190,0.19064271629282722,0.1146475228000986,0.3068384890313039,0.38787127187577025,0.3052902390929258,0.6947097609070741,19.0,11.0,31.0,39.0,national-sheep-and-goat-census-report-2020.pdf,11
2020,OTHER,Kerry,76563,37145,22309,4792,12317,59454,17109,0.4851560153076551,0.2913809542468294,0.06258897901074932,0.16087405143476613,0.7765369695544846,0.22346303044551546,49.0,29.0,6.0,16.0,national-sheep-and-goat-census-report-2020.pdf,11
2020,OTHER,Kildare,33436,5664,6327,7527,13918,11991,21445,0.16939825337959086,0.18922718028472305,0.22511664074650078,0.4162579255891853,0.35862543366431393,0.6413745663356861,17.0,19.0,23.0,42.0,national-sheep-and-goat-census-report-2020.pdf,11
2020,OTHER,Kilkenny,21426,2664,2443,7477,8842,5107,16319,0.12433492019042285,0.1140203491085597,0.34896854289181367,0.4126761878092038,0.23835526929898254,0.7616447307010175,12.0,11.0,35.0,41.0,national-sheep-and-goat-census-report-2020.pdf,11
2020,OTHER,Laois,14706,652,2882,4374,6798,3534,11172,0.04433564531483748,0.19597443220454236,0.2974296205630355,0.46226030191758466,0.24031007751937986,0.7596899224806202,4.0,20.0,30.0,46.0,national-sheep-and-goat-census-report-2020.pdf,11
2020,OTHER,Leitrim,30878,9047,12780,2851,6200,21827,9051,0.29299177407863203,0.4138869097739491,0.09233110952781916,0.2007902066195997,0.7068786838525811,0.2931213161474189,29.0,41.0,9.0,20.0,national-sheep-and-goat-census-report-2020.pdf,11
2020,OTHER,Limerick,8238,2038,1703,1740,2757,3741,4497,0.24739014323865016,0.20672493323622237,0.2112163146394756,0.33466860888565186,0.45411507647487254,0.5458849235251274,25.0,21.0,21.0,33.0,national-sheep-and-goat-census-report-2020.pdf,11
2020,OTHER,Longford,12453,305,1522,4515,6111,1827,10626,0.02449209025937525,0.12221954549104633,0.3625632377740304,0.49072512647554806,0.1467116357504216,0.8532883642495784,2.0,12.0,36.0,49.0,national-sheep-and-goat-census-report-2020.pdf,11
2020,OTHER,Louth,20884,4364,5001,3516,8003,9365,11519,0.20896380003830684,0.23946561961310095,0.16835855200153227,0.38321202834706,0.44842941965140776,0.5515705803485922,21.0,24.0,17.0,38.0,national-sheep-and-goat-census-report-2020.pdf,11
2020,OTHER,Mayo,113431,48226,20162,17450,27593,68388,45043,0.4251571439906198,0.17774682406044204,0.15383801606262837,0.24325801588630974,0.6029039680510618,0.3970960319489381,43.0,18.0,15.0,24.0,national-sheep-and-goat-census-report-2020.pdf,11
2020,OTHER,Meath,51143,6049,8253,14240,22601,14302,36841,0.11827620593238566,0.16137105762274406,0.2784349764386133,0.441917760006257,0.27964726355512975,0.7203527364448703,12.0,16.0,28.0,44.0,national-sheep-and-goat-census-report-2020.pdf,11
2020,OTHER,Monaghan,22293,959,3500,6354,11480,4459,17834,0.04301798770914637,0.15699995514286996,0.2850222042793702,0.5149598528686135,0.20001794285201632,0.7999820571479836,4.0,16.0,29.0,51.0,national-sheep-and-goat-census-report-2020.pdf,11
2020,OTHER,Offaly,23341,1640,2879,8779,10043,4519,18822,0.07026262799365923,0.12334518658155177,0.37611927509532583,0.4302729103294632,0.193607814575211,0.806392185424789,7.0,12.0,38.0,43.0,national-sheep-and-goat-census-report-2020.pdf,11
2020,OTHER,Roscommon,54716,2485,5482,19536,27213,7967,46749,0.045416331603187365,0.10019007237371153,0.35704364354119456,0.49734995248190655,0.1456064039768989,0.854393596023101,5.0,10.0,36.0,50.0,national-sheep-and-goat-census-report-2020.pdf,11
2020,OTHER,Sligo,36420,10737,7469,7157,11057,18206,18214,0.2948105436573311,0.20507962657880285,0.19651290499725427,0.30359692476661176,0.49989017023613397,0.500109829763866,29.0,21.0,20.0,30.0,national-sheep-and-goat-census-report-2020.pdf,11
2020,OTHER,Tipperary,41019,9480,8276,9496,13767,17756,23263,0.2311124113215827,0.201760159925888,0.23150247446305372,0.3356249542894756,0.4328725712474707,0.5671274287525293,23.0,20.0,23.0,34.0,national-sheep-and-goat-census-report-2020.pdf,11
2020,OTHER,Waterford,19185,10582,3075,2435,3093,13657,5528,0.5515767526713579,0.1602814698983581,0.126922074537399,0.16121970289288506,0.7118582225697159,0.2881417774302841,55.0,16.0,13.0,16.0,national-sheep-and-goat-census-report-2020.pdf,11
2020,OTHER,Westmeath,27514,1740,6572,6564,12638,8312,19202,0.06324053209275278,0.238860216616995,0.23856945554990186,0.4593297957403504,0.3021007487097478,0.6978992512902522,6.0,24.0,24.0,46.0,national-sheep-and-goat-census-report-2020.pdf,11
2020,OTHER,Wexford,60862,3395,10831,15226,31410,14226,46636,0.05578193289737439,0.17795997502546745,0.2501725214419506,0.5160855706352075,0.23374190792284183,0.7662580920771581,6.0,18.0,25.0,52.0,national-sheep-and-goat-census-report-2020.pdf,11
2020,OTHER,Wicklow,76986,20252,24320,9338,23076,44572,32414,0.2630608162523056,0.3159015924973372,0.12129478086924896,0.2997428103811082,0.5789624087496428,0.4210375912503572,26.0,32.0,12.0,30.0,national-sheep-and-goat-census-report-2020.pdf,11
2020,RAMS,Carlow,2683,370,178,1501,634,548,2135,0.13790532985464032,0.06634364517331345,0.5594483786805814,0.23630264629146477,0.20424897502795378,0.7957510249720462,14.0,7.0,56.0,24.0,national-sheep-and-goat-census-report-2020.pdf,10
2020,RAMS,Cavan,2089,164,224,1148,553,388,1701,0.07850646242221158,0.10722833891814265,0.5495452369554811,0.2647199617041647,0.18573480134035425,0.8142651986596458,8.0,11.0,55.0,26.0,national-sheep-and-goat-census-report-2020.pdf,10
2020,RAMS,Clare,760,23,24,509,204,47,713,0.030263157894736843,0.031578947368421054,0.6697368421052632,0.26842105263157895,0.06184210526315789,0.9381578947368421,3.0,3.0,67.0,27.0,national-sheep-and-goat-census-report-2020.pdf,10
2020,RAMS,Cork,3652,713,504,1815,620,1217,2435,0.1952354874041621,0.1380065717415115,0.49698795180722893,0.16976998904709747,0.3332420591456736,0.6667579408543264,20.0,14.0,50.0,17.0,national-sheep-and-goat-census-report-2020.pdf,10
2020,RAMS,Donegal,12099,3139,1166,5556,2238,4305,7794,0.2594429291676998,0.09637160095875692,0.45921150508306474,0.18497396479047856,0.35581453012645675,0.6441854698735433,26.0,10.0,46.0,18.0,national-sheep-and-goat-census-report-2020.pdf,10
2020,RAMS,Dublin,633,101,29,406,97,130,503,0.15955766192733017,0.045813586097946286,0.641390205371248,0.15323854660347552,0.20537124802527645,0.7946287519747235,16.0,5.0,64.0,15.0,national-sheep-and-goat-census-report-2020.pdf,10
2020,RAMS,Galway,9356,1836,343,5043,2134,2179,7177,0.19623770842240273,0.03666096622488243,0.5390123984608807,0.2280889268918341,0.23289867464728517,0.7671013253527148,20.0,4.0,54.0,23.0,national-sheep-and-goat-census-report-2020.pdf,10
2020,RAMS,Kerry,6332,2430,881,2261,760,3311,3021,0.3837650031585597,0.13913455464308275,0.35707517372078335,0.12002526847757422,0.5228995578016424,0.47710044219835757,38.0,14.0,36.0,12.0,national-sheep-and-goat-census-report-2020.pdf,10
2020,RAMS,Kildare,2474,251,55,1761,407,306,2168,0.10145513338722716,0.02223120452708165,0.711802748585287,0.1645109135004042,0.12368633791430882,0.8763136620856912,10.0,2.0,71.0,16.0,national-sheep-and-goat-census-report-2020.pdf,10
2020,RAMS,Kilkenny,1599,29,55,1122,393,84,1515,0.01813633520950594,0.03439649781113196,0.701688555347092,0.24577861163227016,0.0525328330206379,0.9474671669793621,2.0,3.0,70.0,25.0,national-sheep-and-goat-census-report-2020.pdf,10
2020,RAMS,Laois,1276,22,228,895,131,250,1026,0.017241379310344827,0.1786833855799373,0.70141065830721,0.10266457680250783,0.19592476489028213,0.8040752351097179,2.0,18.0,70.0,10.0,national-sheep-and-goat-census-report-2020.pdf,10
2020,RAMS,Leitrim,2985,512,759,1139,575,1271,1714,0.1715242881072027,0.2542713567839196,0.38157453936348407,0.19262981574539365,0.42579564489112226,0.5742043551088777,17.0,25.0,38.0,19.0,national-sheep-and-goat-census-report-2020.pdf,10
2020,RAMS,Limerick,516,92,23,282,119,115,401,0.17829457364341086,0.044573643410852716,0.5465116279069767,0.23062015503875968,0.22286821705426357,0.7771317829457365,18.0,4.0,55.0,23.0,national-sheep-and-goat-census-report-2020.pdf,10
2020,RAMS,Longford,953,34,49,731,139,83,870,0.035676810073452254,0.05141657922350472,0.7670514165792235,0.1458551941238195,0.08709338929695698,0.912906610703043,4.0,5.0,77.0,15.0,national-sheep-and-goat-census-report-2020.pdf,10
2020,RAMS,Louth,1159,132,80,719,228,212,947,0.11389128559102675,0.06902502157031924,0.6203623813632442,0.19672131147540983,0.182916307161346,0.817083692838654,11.0,7.0,62.0,20.0,national-sheep-and-goat-census-report-2020.pdf,10
2020,RAMS,Mayo,9719,3266,730,4109,1614,3996,5723,0.3360428027574853,0.07511060808725177,0.4227801214116679,0.16606646774359501,0.4111534108447371,0.5888465891552629,34.0,8.0,42.0,17.0,national-sheep-and-goat-census-report-2020.pdf,10
2020,RAMS,Meath,3498,56,159,2695,588,215,3283,0.016009148084619784,0.045454545454545456,0.7704402515723271,0.1680960548885077,0.06146369353916524,0.9385363064608347,2.0,5.0,77.0,17.0,national-sheep-and-goat-census-report-2020.pdf,10
2020,RAMS,Monaghan,1296,26,41,912,317,67,1229,0.020061728395061727,0.031635802469135804,0.7037037037037037,0.24459876543209877,0.05169753086419753,0.9483024691358025,2.0,3.0,70.0,24.0,national-sheep-and-goat-census-report-2020.pdf,10
2020,RAMS,Offaly,1482,31,16,1186,249,47,1435,0.020917678812415654,0.010796221322537112,0.8002699055330634,0.1680161943319838,0.03171390013495277,0.9682860998650472,2.0,1.0,80.0,17.0,national-sheep-and-goat-census-report-2020.pdf,10
2020,RAMS,Roscommon,3997,114,151,2617,1115,265,3732,0.02852139104328246,0.03777833375031273,0.6547410557918438,0.2789592194145609,0.0662997247935952,0.9337002752064048,3.0,4.0,65.0,28.0,national-sheep-and-goat-census-report-2020.pdf,10
2020,RAMS,Sligo,3613,769,212,1788,844,981,2632,0.21284251314696928,0.0586769997232217,0.49487960143924714,0.23360088569056187,0.271519512870191,0.7284804871298091,21.0,6.0,49.0,23.0,national-sheep-and-goat-census-report-2020.pdf,10
2020,RAMS,Tipperary,3361,608,440,1291,1022,1048,2313,0.1808985421005653,0.13091341862540912,0.38411187146682535,0.30407616780720026,0.3118119607259744,0.6881880392740256,18.0,13.0,38.0,30.0,national-sheep-and-goat-census-report-2020.pdf,10
2020,RAMS,Waterford,1296,558,45,585,108,603,693,0.4305555555555556,0.034722222222222224,0.4513888888888889,0.08333333333333333,0.4652777777777778,0.5347222222222222,43.0,3.0,45.0,8.0,national-sheep-and-goat-census-report-2020.pdf,10
2020,RAMS,Westmeath,2015,35,30,1555,395,65,1950,0.017369727047146403,0.01488833746898263,0.771712158808933,0.19602977667493796,0.03225806451612903,0.967741935483871,2.0,1.0,77.0,20.0,national-sheep-and-goat-census-report-2020.pdf,10
2020,RAMS,Wexford,2938,111,119,1997,711,230,2708,0.03778080326752893,0.040503744043567054,0.679714091218516,0.24200136147038803,0.07828454731109598,0.921715452688904,4.0,4.0,68.0,24.0,national-sheep-and-goat-census-report-2020.pdf,10
2020,RAMS,Wicklow,5282,1113,617,2962,590,1730,3552,0.21071563801590307,0.1168118137069292,0.5607724346838319,0.11170011359333586,0.32752745172283226,0.6724725482771677,21.0,12.0,56.0,11.0,national-sheep-and-goat-census-report-2020.pdf,10
2022,EWES,Carlow,70505,9417,12168,15927,32993,21585,48920,0.13356499539039784,0.17258350471597758,0.22589887242039572,0.46795262747322885,0.30614850010637545,0.6938514998936246,13.0,17.0,23.0,47.0,national-sheep-and-goat-census-report-2022.pdf,9
2022,EWES,Cavan,57312,9476,11333,15325,21178,20809,36503,0.16534059184812955,0.19774218313791178,0.26739600781686207,0.3695212171970966,0.3630827749860413,0.6369172250139586,17.0,20.0,27.0,37.0,national-sheep-and-goat-census-report-2022.pdf,9
2022,EWES,Clare,19837,1113,2165,7533,9026,3278,16559,0.05610727428542622,0.10913948681756314,0.37974492110702224,0.4550083177899884,0.16524676110298936,0.8347532388970106,6.0,11.0,38.0,46.0,national-sheep-and-goat-census-report-2022.pdf,9
2022,EWES,Cork,121713,46945,32913,16978,24877,79858,41855,0.38570243112896735,0.27041482832565134,0.13949208383656636,0.204390656708815,0.6561172594546186,0.34388274054538137,39.0,27.0,14.0,20.0,national-sheep-and-goat-census-report-2022.pdf,9
2022,EWES,Donegal,368223,148722,69952,50804,98745,218674,149549,0.40389112032654123,0.18997183771790463,0.13797074055667355,0.2681663013988806,0.5938629580444459,0.4061370419555541,40.0,19.0,14.0,27.0,national-sheep-and-goat-census-report-2022.pdf,9
2022,EWES,Dublin,19170,4594,3270,3643,7663,7864,11306,0.2396452790818988,0.1705790297339593,0.19003651538862806,0.3997391757955138,0.4102243088158581,0.5897756911841419,24.0,17.0,19.0,40.0,national-sheep-and-goat-census-report-2022.pdf,9
2022,EWES,Galway,287584,82753,19466,76271,109094,102219,185365,0.28775244798041616,0.06768804940469567,0.26521294647824634,0.3793465561366418,0.35544049738511185,0.6445595026148881,29.0,7.0,27.0,38.0,national-sheep-and-goat-census-report-2022.pdf,9
2022,EWES,Kerry,251572,142568,71723,14692,22589,214291,37281,0.5667085367210978,0.2850992956290843,0.058400775921008695,0.08979139172880925,0.8518078323501821,0.14819216764981794,57.0,29.0,6.0,9.0,national-sheep-and-goat-census-report-2022.pdf,9
2022,EWES,Kildare,71380,12300,10156,18088,30836,22456,48924,0.17231717567946203,0.14228075091061923,0.2534043149341552,0.4319977584757635,0.31459792659008123,0.6854020734099188,17.0,14.0,25.0,43.0,national-sheep-and-goat-census-report-2022.pdf,9
2022,EWES,Kilkenny,41110,1605,3906,15455,20144,5511,35599,0.03904159571880321,0.09501337873996595,0.3759425930430552,0.4900024324981756,0.13405497445876915,0.8659450255412309,4.0,10.0,38.0,49.0,national-sheep-and-goat-census-report-2022.pdf,9
2022,EWES,Laois,28766,1257,2668,10499,14342,3925,24841,0.04369742056594591,0.09274838350830841,0.36497948967531113,0.49857470625043454,0.13644580407425433,0.8635541959257457,4.0,9.0,36.0,50.0,national-sheep-and-goat-census-report-2022.pdf,9
2022,EWES,Leitrim,89939,26283,39864,8008,15784,66147,23792,0.2922314012830919,0.4432337473176264,0.08903812584084768,0.17549672555843404,0.7354651486007182,0.26453485139928173,29.0,44.0,9.0,18.0,national-sheep-and-goat-census-report-2022.pdf,9
2022,EWES,Limerick,13525,4291,1858,3732,3644,6149,7376,0.31726432532347504,0.13737523105360444,0.27593345656192236,0.26942698706099816,0.4546395563770795,0.5453604436229205,32.0,14.0,28.0,27.0,national-sheep-and-goat-census-report-2022.pdf,9
2022,EWES,Longford,28195,1639,2849,12076,11631,4488,23707,0.05813087426848732,0.1010462848022699,0.4283028905834368,0.412519950345806,0.15917715907075722,0.8408228409292428,6.0,10.0,43.0,41.0,national-sheep-and-goat-census-report-2022.pdf,9
2022,EWES,Louth,37583,8756,8262,8137,12428,17018,20565,0.2329776760769497,0.21983343532980337,0.2165074634808291,0.3306814251124178,0.45281111140675306,0.547188888593247,23.0,22.0,22.0,33.0,national-sheep-and-goat-census-report-2022.pdf,9
2022,EWES,Mayo,327142,174996,50441,36317,65388,225437,101705,0.5349236722890977,0.15418686686515337,0.11101295461909508,0.19987650622665387,0.689110539154251,0.3108894608457489,53.0,15.0,11.0,20.0,national-sheep-and-goat-census-report-2022.pdf,9
2022,EWES,Meath,103472,3796,8200,32966,58510,11996,91476,0.036686253285913094,0.07924849234575537,0.31859826813050873,0.5654669862378228,0.11593474563166847,0.8840652543683315,4.0,8.0,32.0,57.0,national-sheep-and-goat-census-report-2022.pdf,9
2022,EWES,Monaghan,31645,608,1693,10293,19051,2301,29344,0.01921314583662506,0.053499762995733925,0.32526465476378574,0.6020224364038552,0.07271290883235898,0.927287091167641,2.0,5.0,33.0,60.0,national-sheep-and-goat-census-report-2022.pdf,9
2022,EWES,Offaly,44928,859,2929,17133,24007,3788,41140,0.019119480056980057,0.065193198005698,0.3813434829059829,0.5343438390313391,0.08431267806267806,0.9156873219373219,2.0,7.0,38.0,53.0,national-sheep-and-goat-census-report-2022.pdf,9
2022,EWES,Roscommon,125293,5791,7719,45314,66469,13510,111783,0.04621966111434797,0.06160759180480953,0.36166425897695803,0.5305084881038845,0.1078272529191575,0.8921727470808425,5.0,6.0,36.0,53.0,national-sheep-and-goat-census-report-2022.pdf,9
2022,EWES,Sligo,107276,36661,23643,16392,30580,60304,46972,0.3417446586375331,0.22039412356911145,0.15280211790148776,0.28505909989186773,0.5621387822066446,0.43786121779335546,34.0,22.0,15.0,29.0,national-sheep-and-goat-census-report-2022.pdf,9
2022,EWES,Tipperary,75020,23031,9593,21496,20900,32624,42396,0.3069981338309784,0.12787256731538257,0.2865369234870701,0.2785923753665689,0.43487070114636095,0.565129298853639,31.0,13.0,29.0,28.0,national-sheep-and-goat-census-report-2022.pdf,9
2022,EWES,Waterford,46231,26313,7331,4774,7813,33644,12587,0.5691635482684778,0.15857325171421774,0.10326404360710346,0.16899915641020094,0.7277367999826956,0.2722632000173044,57.0,16.0,10.0,17.0,national-sheep-and-goat-census-report-2022.pdf,9
2022,EWES,Westmeath,58419,2764,6824,18643,30188,9588,48831,0.047313374073503486,0.11681131138841815,0.3191256269364419,0.5167496876016364,0.16412468546192163,0.8358753145380784,5.0,12.0,32.0,52.0,national-sheep-and-goat-census-report-2022.pdf,9
2022,EWES,Wexford,82542,4943,10499,22036,45064,15442,67100,0.05988466477671973,0.12719585180877613,0.2669671197693296,0.5459523636451746,0.18708051658549588,0.8129194834145042,6.0,13.0,27.0,55.0,national-sheep-and-goat-census-report-2022.pdf,9
2022,EWES,Wicklow,153633,59208,42173,16722,35530,101381,52252,0.38538595223682415,0.2745048264370285,0.10884380308918006,0.2312654182369673,0.6598907786738526,0.3401092213261474,39.0,27.0,11.0,23.0,national-sheep-and-goat-census-report-2022.pdf,9
2022,OTHER,Carlow,32660,2400,6236,8496,15528,8636,24024,0.07348438456827924,0.19093692590324557,0.2601347213717085,0.4754439681567667,0.2644213104715248,0.7355786895284752,7.0,19.0,26.0,48.0,national-sheep-and-goat-census-report-2022.pdf,11
2022,OTHER,Cavan,30177,3088,8528,7693,10868,11616,18561,0.1023295887596514,0.2825993306160321,0.2549292507538854,0.36014182987043114,0.38492891937568346,0.6150710806243165,10.0,28.0,25.0,36.0,national-sheep-and-goat-census-report-2022.pdf,11
2022,OTHER,Clare,9635,224,1219,3632,4560,1443,8192,0.023248572911261027,0.1265179034769071,0.3769590036325895,0.47327451997924236,0.14976647638816815,0.8502335236118319,2.0,13.0,38.0,47.0,national-sheep-and-goat-census-report-2022.pdf,11
2022,OTHER,Cork,72792,12178,40642,8015,11957,52820,19972,0.16729860424222442,0.558330585778657,0.11010825365424771,0.16426255632487086,0.7256291900208814,0.27437080997911856,17.0,56.0,11.0,16.0,national-sheep-and-goat-census-report-2022.pdf,11
2022,OTHER,Donegal,161211,46829,41786,23607,48989,88615,72596,0.2904826593718791,0.25920067489191184,0.14643541693805012,0.3038812487981589,0.5496833342637909,0.45031666573620904,29.0,26.0,15.0,30.0,national-sheep-and-goat-census-report-2022.pdf,11
2022,OTHER,Dublin,7043,1653,1026,1542,2822,2679,4364,0.2347011216811018,0.14567655828482182,0.21894079227601873,0.40068152775805765,0.3803776799659236,0.6196223200340764,23.0,15.0,22.0,40.0,national-sheep-and-goat-census-report-2022.pdf,11
2022,OTHER,Galway,146266,26839,14197,44874,60356,41036,105230,0.18349445530745354,0.097062885427919,0.30679720509209246,0.41264545417253495,0.28055734073537253,0.7194426592646275,18.0,10.0,31.0,41.0,national-sheep-and-goat-census-report-2022.pdf,11
2022,OTHER,Kerry,86091,40999,25104,7086,12902,66103,19988,0.47622864178601715,0.29159842492246574,0.0823082552183155,0.1498646780732016,0.7678270667084829,0.23217293329151711,48.0,29.0,8.0,15.0,national-sheep-and-goat-census-report-2022.pdf,11
2022,OTHER,Kildare,34255,8212,4792,6979,14272,13004,21251,0.239731426069187,0.13989198657130347,0.20373668077652898,0.4166399065829806,0.37962341264049043,0.6203765873595095,24.0,14.0,20.0,42.0,national-sheep-and-goat-census-report-2022.pdf,11
2022,OTHER,Kilkenny,21735,2150,2351,6669,10565,4501,17234,0.09891879457096849,0.10816655164481251,0.306832298136646,0.486082355647573,0.207085346215781,0.792914653784219,10.0,11.0,31.0,49.0,national-sheep-and-goat-census-report-2022.pdf,11
2022,OTHER,Laois,16044,1020,2291,4984,7749,3311,12733,0.06357516828721017,0.14279481426078286,0.3106457242582897,0.4829842931937173,0.20636998254799302,0.793630017452007,6.0,14.0,31.0,48.0,national-sheep-and-goat-census-report-2022.pdf,11
2022,OTHER,Leitrim,36070,9144,13945,3437,9544,23089,12981,0.2535070695869143,0.38660937066814527,0.09528694205711118,0.2645966176878292,0.6401164402550596,0.3598835597449404,25.0,39.0,10.0,26.0,national-sheep-and-goat-census-report-2022.pdf,11
2022,OTHER,Limerick,7754,2007,1511,2378,1858,3518,4236,0.25883415011606914,0.19486716533402115,0.30668042300748,0.2396182615424297,0.4537013154500903,0.5462986845499097,26.0,19.0,31.0,24.0,national-sheep-and-goat-census-report-2022.pdf,11
2022,OTHER,Longford,15679,528,1620,6106,7425,2148,13531,0.033675617067415016,0.10332291600229607,0.3894381019197653,0.47356336501052365,0.13699853306971108,0.8630014669302889,3.0,10.0,39.0,47.0,national-sheep-and-goat-census-report-2022.pdf,11
2022,OTHER,Louth,21547,3024,4714,4862,8947,7738,13809,0.1403443634844758,0.21877755604028404,0.22564626166055599,0.4152318188146842,0.3591219195247598,0.6408780804752402,14.0,22.0,23.0,42.0,national-sheep-and-goat-census-report-2022.pdf,11
2022,OTHER,Mayo,123513,48938,23142,19121,32312,72080,51433,0.3962174022167707,0.18736489276432441,0.15480961518220754,0.26160808983669737,0.5835822949810952,0.4164177050189049,40.0,19.0,15.0,26.0,national-sheep-and-goat-census-report-2022.pdf,11
2022,OTHER,Meath,55361,5802,6994,17948,24617,12796,42565,0.10480302017665866,0.12633442314987084,0.3241993461100775,0.44466321056339303,0.2311374433265295,0.7688625566734705,10.0,13.0,32.0,44.0,national-sheep-and-goat-census-report-2022.pdf,11
2022,OTHER,Monaghan,23124,1210,2543,6462,12909,3753,19371,0.05232658709565819,0.10997232312748659,0.27944992215879605,0.5582511676180592,0.16229891022314477,0.8377010897768552,5.0,11.0,28.0,56.0,national-sheep-and-goat-census-report-2022.pdf,11
2022,OTHER,Offaly,26041,1187,2610,9821,12423,3797,22244,0.045581966898352595,0.10022656580008449,0.3771360546829999,0.47705541261856305,0.14580853269843708,0.8541914673015629,5.0,10.0,38.0,48.0,national-sheep-and-goat-census-report-2022.pdf,11
2022,OTHER,Roscommon,61895,2570,4400,22118,32807,6970,54925,0.04152193230470959,0.07108813312868567,0.3573471201227886,0.5300428144438162,0.11261006543339526,0.8873899345666048,4.0,7.0,36.0,53.0,national-sheep-and-goat-census-report-2022.pdf,11
2022,OTHER,Sligo,39991,10168,9709,7543,12571,19877,20114,0.25425720787177114,0.24277962541571854,0.18861743892375785,0.31434572778875247,0.4970368332874897,0.5029631667125103,25.0,24.0,19.0,31.0,national-sheep-and-goat-census-report-2022.pdf,11
2022,OTHER,Tipperary,47914,11567,7983,13352,15012,19550,28364,0.24141169595525316,0.16661101139541679,0.2786659431481404,0.3133113495011896,0.40802270735067,0.5919772926493301,24.0,17.0,28.0,31.0,national-sheep-and-goat-census-report-2022.pdf,11
2022,OTHER,Waterford,18867,10167,2753,2056,3891,12920,5947,0.5388774049928446,0.1459161498913447,0.10897333969364499,0.2062331054221657,0.6847935548841894,0.3152064451158107,54.0,15.0,11.0,21.0,national-sheep-and-goat-census-report-2022.pdf,11
2022,OTHER,Westmeath,28624,927,5734,7514,14449,6661,21963,0.032385410844046954,0.20032140860816097,0.26250698714365567,0.5047861934041364,0.23270681945220795,0.767293180547792,3.0,20.0,26.0,50.0,national-sheep-and-goat-census-report-2022.pdf,11
2022,OTHER,Wexford,62660,4198,9485,16513,32464,13683,48977,0.06699648898819023,0.1513724864347271,0.2635333546121928,0.5180976699648899,0.21836897542291733,0.7816310245770827,7.0,15.0,26.0,52.0,national-sheep-and-goat-census-report-2022.pdf,11
2022,OTHER,Wicklow,75805,19736,22829,11750,21490,42565,33240,0.26035221951058635,0.30115427742233364,0.15500296814194314,0.2834905349251369,0.56150649693292,0.43849350306708,26.0,30.0,16.0,28.0,national-sheep-and-goat-census-report-2022.pdf,11
2022,RAMS,Carlow,2245,134,222,1478,411,356,1889,0.05968819599109131,0.09888641425389755,0.6583518930957684,0.18307349665924277,0.15857461024498887,0.8414253897550111,6.0,10.0,47.0,18.0,national-sheep-and-goat-census-report-2022.pdf,10
2022,RAMS,Cavan,2162,175,245,1242,500,420,1742,0.08094357076780759,0.11332099907493062,0.574468085106383,0.23126734505087881,0.1942645698427382,0.8057354301572618,8.0,11.0,37.0,23.0,national-sheep-and-goat-census-report-2022.pdf,10
2022,RAMS,Clare,908,30,26,615,237,56,852,0.03303964757709251,0.028634361233480177,0.6773127753303965,0.2610132158590308,0.06167400881057269,0.9383259911894273,3.0,3.0,46.0,26.0,national-sheep-and-goat-census-report-2022.pdf,10
2022,RAMS,Cork,3442,782,347,1732,581,1129,2313,0.2271934921557234,0.10081348053457292,0.5031958163858222,0.16879721092388147,0.32800697269029633,0.6719930273097037,23.0,10.0,20.0,17.0,national-sheep-and-goat-census-report-2022.pdf,10
2022,RAMS,Donegal,11629,3049,1091,5259,2230,4140,7489,0.26218935420070516,0.09381718118496861,0.45223149023991743,0.1917619743744088,0.35600653538567373,0.6439934646143263,26.0,9.0,27.0,19.0,national-sheep-and-goat-census-report-2022.pdf,10
2022,RAMS,Dublin,613,104,28,403,78,132,481,0.16965742251223492,0.04567699836867863,0.6574225122349103,0.1272430668841762,0.21533442088091354,0.7846655791190864,17.0,5.0,40.0,13.0,national-sheep-and-goat-census-report-2022.pdf,10
2022,RAMS,Galway,9001,1781,349,4972,1899,2130,6871,0.19786690367736917,0.03877346961448728,0.5523830685479392,0.2109765581602044,0.23664037329185647,0.7633596267081435,20.0,4.0,38.0,21.0,national-sheep-and-goat-census-report-2022.pdf,10
2022,RAMS,Kerry,6499,2518,828,2437,716,3346,3153,0.38744422218802893,0.12740421603323587,0.3749807662717341,0.11017079550700108,0.5148484382212648,0.4851515617787352,39.0,13.0,9.0,11.0,national-sheep-and-goat-census-report-2022.pdf,10
2022,RAMS,Kildare,2402,231,127,1587,457,358,2044,0.09616985845129059,0.052872606161532054,0.660699417152373,0.19025811823480432,0.14904246461282264,0.8509575353871773,10.0,5.0,43.0,19.0,national-sheep-and-goat-census-report-2022.pdf,10
2022,RAMS,Kilkenny,1350,33,39,1006,272,72,1278,0.024444444444444446,0.028888888888888888,0.7451851851851852,0.20148148148148148,0.05333333333333334,0.9466666666666667,2.0,3.0,49.0,20.0,national-sheep-and-goat-census-report-2022.pdf,10
2022,RAMS,Laois,995,31,26,787,151,57,938,0.031155778894472363,0.02613065326633166,0.7909547738693468,0.15175879396984926,0.05728643216080402,0.942713567839196,3.0,3.0,50.0,15.0,national-sheep-and-goat-census-report-2022.pdf,10
2022,RAMS,Leitrim,2995,528,718,1107,642,1246,1749,0.17629382303839733,0.23973288814691152,0.3696160267111853,0.21435726210350584,0.4160267111853089,0.5839732888146911,18.0,24.0,18.0,21.0,national-sheep-and-goat-census-report-2022.pdf,10
2022,RAMS,Limerick,448,90,27,267,64,117,331,0.20089285714285715,0.060267857142857144,0.5959821428571429,0.14285714285714285,0.2611607142857143,0.7388392857142857,20.0,6.0,27.0,14.0,national-sheep-and-goat-census-report-2022.pdf,10
2022,RAMS,Longford,970,24,17,748,181,41,929,0.024742268041237112,0.01752577319587629,0.7711340206185567,0.1865979381443299,0.042268041237113405,0.9577319587628866,2.0,2.0,41.0,19.0,national-sheep-and-goat-census-report-2022.pdf,10
2022,RAMS,Louth,1166,151,101,716,198,252,914,0.12950257289879932,0.08662092624356775,0.614065180102916,0.16981132075471697,0.21612349914236706,0.7838765008576329,13.0,9.0,33.0,17.0,national-sheep-and-goat-census-report-2022.pdf,10
2022,RAMS,Mayo,11886,5326,886,3984,1690,6212,5674,0.4480901901396601,0.0745414773683325,0.33518425037859667,0.14218408211341074,0.5226316675079926,0.4773683324920074,45.0,7.0,20.0,14.0,national-sheep-and-goat-census-report-2022.pdf,10
2022,RAMS,Meath,3276,88,24,2552,612,112,3164,0.026862026862026864,0.007326007326007326,0.778998778998779,0.18681318681318682,0.03418803418803419,0.9658119658119658,3.0,1.0,57.0,19.0,national-sheep-and-goat-census-report-2022.pdf,10
2022,RAMS,Monaghan,1293,27,17,853,396,44,1249,0.02088167053364269,0.013147718484145398,0.6597061098221191,0.3062645011600928,0.03402938901778809,0.9659706109822119,2.0,1.0,60.0,31.0,national-sheep-and-goat-census-report-2022.pdf,10
2022,RAMS,Offaly,1721,29,19,1231,442,48,1673,0.0168506682161534,0.011040092969203951,0.715281812899477,0.2568274259151656,0.02789076118535735,0.9721092388146426,2.0,1.0,53.0,26.0,national-sheep-and-goat-census-report-2022.pdf,10
2022,RAMS,Roscommon,3855,157,154,2617,927,311,3544,0.04072632944228275,0.03994811932555123,0.6788586251621271,0.24046692607003892,0.08067444876783399,0.919325551232166,4.0,4.0,53.0,24.0,national-sheep-and-goat-census-report-2022.pdf,10
2022,RAMS,Sligo,3753,870,357,1757,769,1227,2526,0.23181454836131096,0.09512390087929656,0.4681588062883027,0.2049027444710898,0.3269384492406075,0.6730615507593924,23.0,10.0,29.0,20.0,national-sheep-and-goat-census-report-2022.pdf,10
2022,RAMS,Tipperary,2309,485,139,1358,327,624,1685,0.2100476396708532,0.060199220441749676,0.5881333910783889,0.14161974880900824,0.27024686011260285,0.7297531398873971,21.0,6.0,28.0,14.0,national-sheep-and-goat-census-report-2022.pdf,10
2022,RAMS,Waterford,1351,552,41,655,103,593,758,0.4085862324204293,0.030347890451517395,0.4848260547742413,0.07623982235381199,0.4389341228719467,0.5610658771280533,41.0,3.0,17.0,8.0,national-sheep-and-goat-census-report-2022.pdf,10
2022,RAMS,Westmeath,1947,49,27,1556,315,76,1871,0.025166923472008218,0.01386748844375963,0.7991782229070364,0.1617873651771957,0.03903441191576785,0.9609655880842322,3.0,1.0,52.0,16.0,national-sheep-and-goat-census-report-2022.pdf,10
2022,RAMS,Wexford,2864,100,86,2019,659,186,2678,0.034916201117318434,0.030027932960893854,0.7049581005586593,0.23009776536312848,0.06494413407821228,0.9350558659217877,3.0,3.0,55.0,23.0,national-sheep-and-goat-census-report-2022.pdf,10
2022,RAMS,Wicklow,4722,1152,484,2396,690,1636,3086,0.24396442185514614,0.10249894112664125,0.5074121135112241,0.14612452350698857,0.34646336298178737,0.6535366370182126,24.0,10.0,23.0,15.0,national-sheep-and-goat-census-report-2022.pdf,10
2025,EWES,Carlow,61198,9210,9509,15659,26820,18719,42479,0.15049511421941894,0.15538089480048367,0.2558743749795745,0.43824961600052287,0.3058760090199026,0.6941239909800974,15.0,16.0,26.0,44.0,National_Sheep_and_Goat_Census_Report_2025.pdf,9
2025,EWES,Cavan,53577,9480,11992,15274,16831,21472,32105,0.17694159807380033,0.22382738861825036,0.2850850178248129,0.31414599548313643,0.4007689866920507,0.5992310133079493,18.0,22.0,29.0,31.0,National_Sheep_and_Goat_Census_Report_2025.pdf,9
2025,EWES,Clare,17070,951,1706,7343,7070,2657,14413,0.055711775043936734,0.09994141769185706,0.43016988869361455,0.4141769185705917,0.15565319273579378,0.8443468072642062,6.0,10.0,43.0,41.0,National_Sheep_and_Goat_Census_Report_2025.pdf,9
2025,EWES,Cork,113485,44478,35494,14028,19485,79972,33513,0.39192844869365995,0.31276380138344273,0.12361104991849144,0.17169670000440587,0.7046922500771027,0.2953077499228973,39.0,31.0,12.0,17.0,National_Sheep_and_Goat_Census_Report_2025.pdf,9
2025,EWES,Donegal,363232,153529,71698,50634,87371,225227,138005,0.4226747643379438,0.19738899656417938,0.13939851114439256,0.24053772795348427,0.6200637609021231,0.3799362390978768,42.0,20.0,14.0,24.0,National_Sheep_and_Goat_Census_Report_2025.pdf,9
2025,EWES,Dublin,17062,4284,3362,3336,6080,7646,9416,0.2510842808580471,0.19704606728402296,0.19552221310514595,0.35634743875278396,0.4481303481420701,0.5518696518579299,25.0,20.0,20.0,36.0,National_Sheep_and_Goat_Census_Report_2025.pdf,9
2025,EWES,Galway,261638,80278,18503,78688,84169,98781,162857,0.30682851879314166,0.07071984956313686,0.3007514199007789,0.32170021174294255,0.37754836835627853,0.6224516316437215,31.0,7.0,30.0,32.0,National_Sheep_and_Goat_Census_Report_2025.pdf,9
2025,EWES,Kerry,245178,140136,69543,13283,22216,209679,35499,0.5715684115214252,0.2836429043388885,0.0541769653068383,0.09061171883284797,0.8552113158603137,0.14478868413968626,57.0,28.0,5.0,9.0,National_Sheep_and_Goat_Census_Report_2025.pdf,9
2025,EWES,Kildare,66004,10894,8600,16065,30445,19494,46510,0.16505060299375796,0.13029513362826495,0.24339433973698563,0.46125992364099144,0.2953457366220229,0.7046542633779771,17.0,13.0,24.0,46.0,National_Sheep_and_Goat_Census_Report_2025.pdf,9
2025,EWES,Kilkenny,34132,1510,3438,13888,15296,4948,29184,0.04424000937536623,0.10072659088245635,0.40689089417555374,0.4481425055666237,0.14496660025782257,0.8550333997421774,4.0,10.0,41.0,45.0,National_Sheep_and_Goat_Census_Report_2025.pdf,9
2025,EWES,Laois,27037,1240,1686,11394,12717,2926,24111,0.04586307652476236,0.062358989532862376,0.42142249509930835,0.4703554388430669,0.10822206605762473,0.8917779339423753,5.0,6.0,42.0,47.0,National_Sheep_and_Goat_Census_Report_2025.pdf,9
2025,EWES,Leitrim,92519,32722,37653,9281,12863,70375,22144,0.3536787038338071,0.40697586441703865,0.1003145299884348,0.13903090176071942,0.7606545682508458,0.23934543174915424,35.0,41.0,10.0,14.0,National_Sheep_and_Goat_Census_Report_2025.pdf,9
2025,EWES,Limerick,11879,4931,1535,3025,2388,6466,5413,0.4151022813368129,0.12921963128209446,0.2546510649044532,0.20102702247663945,0.5443219126189073,0.45567808738109267,42.0,13.0,25.0,20.0,National_Sheep_and_Goat_Census_Report_2025.pdf,9
2025,EWES,Longford,26116,1831,2753,9973,11559,4584,21532,0.07011027722468985,0.10541430540664727,0.3818731811916067,0.4426022361770562,0.1755245826313371,0.8244754173686629,7.0,11.0,38.0,44.0,National_Sheep_and_Goat_Census_Report_2025.pdf,9
2025,EWES,Louth,34490,9131,6507,8483,10369,15638,18852,0.26474340388518414,0.1886633806900551,0.2459553493766309,0.3006378660481299,0.4534067845752392,0.5465932154247608,26.0,19.0,25.0,30.0,National_Sheep_and_Goat_Census_Report_2025.pdf,9
2025,EWES,Mayo,323653,180612,47337,38480,57224,227949,95704,0.5580421006448264,0.14625849289207887,0.11889276478203509,0.17680664168105964,0.7043005935369052,0.2956994064630947,56.0,15.0,12.0,18.0,National_Sheep_and_Goat_Census_Report_2025.pdf,9
2025,EWES,Meath,89666,3648,6464,31731,47823,10112,79554,0.04068431735551937,0.07208975531416591,0.35387995449780296,0.5333459728325117,0.11277407266968528,0.8872259273303147,4.0,7.0,35.0,53.0,National_Sheep_and_Goat_Census_Report_2025.pdf,9
2025,EWES,Monaghan,26956,731,1927,11224,13074,2658,24298,0.027118266805163972,0.07148686748775783,0.41638225255972694,0.4850126131473512,0.0986051342929218,0.9013948657070782,3.0,7.0,42.0,49.0,National_Sheep_and_Goat_Census_Report_2025.pdf,9
2025,EWES,Offaly,35469,892,2146,14795,17636,3038,32431,0.025148721418703657,0.060503538301051624,0.41712481321717554,0.49722292706306914,0.08565225971975528,0.9143477402802447,3.0,6.0,42.0,50.0,National_Sheep_and_Goat_Census_Report_2025.pdf,9
2025,EWES,Roscommon,111303,5851,8866,46237,50349,14717,96586,0.0525682146932248,0.07965643333962247,0.4154155772980063,0.4523597746691464,0.13222464803284728,0.8677753519671527,5.0,8.0,42.0,45.0,National_Sheep_and_Goat_Census_Report_2025.pdf,9
2025,EWES,Sligo,107246,38805,23492,18669,26280,62297,44949,0.3618316767058911,0.21904779665442067,0.1740764224306734,0.2450441042090148,0.5808794733603118,0.4191205266396882,36.0,22.0,17.0,25.0,National_Sheep_and_Goat_Census_Report_2025.pdf,9
2025,EWES,Tipperary,66737,23833,8895,17736,16273,32728,34009,0.3571182402565294,0.1332843849738526,0.26575962359710503,0.243837751172513,0.49040262523038197,0.5095973747696181,36.0,13.0,27.0,24.0,National_Sheep_and_Goat_Census_Report_2025.pdf,9
2025,EWES,Waterford,43237,25911,6845,4356,6125,32756,10481,0.5992783958183963,0.15831348150889285,0.10074704535467308,0.1416610773180378,0.7575918773272892,0.24240812267271086,60.0,16.0,10.0,14.0,National_Sheep_and_Goat_Census_Report_2025.pdf,9
2025,EWES,Westmeath,51112,2560,4776,19124,24652,7336,43776,0.05008608545938332,0.093441853185162,0.37415871028329944,0.4823133510721553,0.1435279386445453,0.8564720613554547,5.0,9.0,37.0,48.0,National_Sheep_and_Goat_Census_Report_2025.pdf,9
2025,EWES,Wexford,69811,5571,8152,23471,32617,13723,56088,0.07980117746486944,0.11677242841386028,0.3362077609545774,0.46721863316669293,0.1965736058787297,0.8034263941212703,8.0,12.0,34.0,47.0,National_Sheep_and_Goat_Census_Report_2025.pdf,9
2025,EWES,Wicklow,144982,55837,41586,19315,28244,97423,47559,0.38513056793257094,0.28683560717882217,0.13322343463326483,0.19481039025534205,0.6719661751113931,0.3280338248886069,39.0,29.0,13.0,19.0,National_Sheep_and_Goat_Census_Report_2025.pdf,9
2025,OTHER,Carlow,26242,3555,4983,6950,10754,8538,17704,0.13546985748037496,0.18988644158219647,0.26484261870284276,0.4098010822345858,0.32535629906257146,0.6746437009374285,14.0,19.0,26.0,41.0,National_Sheep_and_Goat_Census_Report_2025.pdf,11
2025,OTHER,Cavan,27385,3242,8421,6874,8848,11663,15722,0.11838597772503195,0.30750410808836953,0.2510133284644879,0.32309658572211064,0.4258900858134015,0.5741099141865985,12.0,31.0,25.0,32.0,National_Sheep_and_Goat_Census_Report_2025.pdf,11
2025,OTHER,Clare,8889,251,1339,3354,3945,1590,7299,0.028237147035662054,0.1506356170547868,0.3773202834964563,0.4438069524130948,0.17887276409044886,0.8211272359095512,3.0,15.0,38.0,44.0,National_Sheep_and_Goat_Census_Report_2025.pdf,11
2025,OTHER,Cork,40373,10477,12727,7174,9995,23204,17169,0.25950511480444854,0.31523542961880463,0.1776930126569737,0.24756644291977312,0.5747405444232532,0.4252594555767468,26.0,32.0,18.0,25.0,National_Sheep_and_Goat_Census_Report_2025.pdf,11
2025,OTHER,Donegal,163493,44624,45028,23499,50342,89652,73841,0.2729413491709125,0.27541240297749753,0.14373092425975423,0.3079153235918357,0.54835375214841,0.45164624785158997,27.0,28.0,14.0,31.0,National_Sheep_and_Goat_Census_Report_2025.pdf,11
2025,OTHER,Dublin,5457,1143,932,1334,2048,2075,3382,0.20945574491478836,0.17078981125160345,0.24445666116914055,0.37529778266446767,0.3802455561663918,0.6197544438336082,21.0,17.0,24.0,38.0,National_Sheep_and_Goat_Census_Report_2025.pdf,11
2025,OTHER,Galway,130013,23716,11853,44457,49987,35569,94444,0.18241252797797144,0.09116780629629345,0.3419427288040427,0.38447693692169244,0.27358033427426487,0.7264196657257351,18.0,9.0,34.0,38.0,National_Sheep_and_Goat_Census_Report_2025.pdf,11
2025,OTHER,Kerry,77294,34978,23819,5089,13408,58797,18497,0.45253189122053455,0.30816104742929595,0.0658395218257562,0.17346753952441327,0.7606929386498306,0.2393070613501695,45.0,31.0,7.0,17.0,National_Sheep_and_Goat_Census_Report_2025.pdf,11
2025,OTHER,Kildare,33030,6242,4768,7329,14691,11010,22020,0.18897971541023312,0.14435361792310022,0.22188919164396004,0.44477747502270665,0.3333333333333333,0.6666666666666666,19.0,14.0,22.0,44.0,National_Sheep_and_Goat_Census_Report_2025.pdf,11
2025,OTHER,Kilkenny,17081,1786,1612,6436,7247,3398,13683,0.10456062291434928,0.09437386569872959,0.3767929278145308,0.4242725835723904,0.19893448861307886,0.8010655113869212,10.0,9.0,38.0,42.0,National_Sheep_and_Goat_Census_Report_2025.pdf,11
2025,OTHER,Laois,13676,529,1031,5028,7088,1560,12116,0.03868090084820123,0.07538754021643755,0.3676513600467973,0.5182801988885639,0.11406844106463879,0.8859315589353612,4.0,8.0,37.0,52.0,National_Sheep_and_Goat_Census_Report_2025.pdf,11
2025,OTHER,Leitrim,32193,8263,13712,3999,6219,21975,10218,0.25667070481160503,0.42593110303482123,0.12421955083403224,0.19317864131954152,0.6826018078464262,0.31739819215357373,26.0,43.0,12.0,19.0,National_Sheep_and_Goat_Census_Report_2025.pdf,11
2025,OTHER,Limerick,6038,1870,819,1693,1656,2689,3349,0.3097052003974826,0.135640940708844,0.28039085789996687,0.27426300099370654,0.4453461411063266,0.5546538588936734,31.0,14.0,28.0,27.0,National_Sheep_and_Goat_Census_Report_2025.pdf,11
2025,OTHER,Longford,13122,376,1619,3925,7202,1995,11127,0.028654168571864046,0.12338058222831885,0.2991159884163999,0.5488492607834171,0.1520347508001829,0.8479652491998171,3.0,12.0,30.0,55.0,National_Sheep_and_Goat_Census_Report_2025.pdf,11
2025,OTHER,Louth,18508,4682,3280,5122,5424,7962,10546,0.25297168791873786,0.17722066133563863,0.2767451912686406,0.29306245947698295,0.4301923492543765,0.5698076507456236,25.0,18.0,28.0,29.0,National_Sheep_and_Goat_Census_Report_2025.pdf,11
2025,OTHER,Mayo,114558,46280,19152,19760,29366,65432,49126,0.40398749978176995,0.1671816896244697,0.17248904485064334,0.256341765743117,0.5711691894062396,0.4288308105937604,40.0,17.0,17.0,26.0,National_Sheep_and_Goat_Census_Report_2025.pdf,11
2025,OTHER,Meath,53427,5928,7949,16036,23514,13877,39550,0.11095513504407883,0.14878245082074606,0.3001478653115466,0.4401145488236285,0.2597375858648249,0.7402624141351751,11.0,15.0,30.0,44.0,National_Sheep_and_Goat_Census_Report_2025.pdf,11
2025,OTHER,Monaghan,20295,772,2893,7652,8978,3665,16630,0.038038925843803896,0.14254742547425475,0.37703867947770386,0.4423749692042375,0.18058635131805864,0.8194136486819413,4.0,14.0,38.0,44.0,National_Sheep_and_Goat_Census_Report_2025.pdf,11
2025,OTHER,Offaly,20392,1107,2143,8794,8348,3250,17142,0.05428599450765006,0.10509023146331894,0.431247548058062,0.409376225970969,0.159376225970969,0.840623774029031,5.0,11.0,43.0,41.0,National_Sheep_and_Goat_Census_Report_2025.pdf,11
2025,OTHER,Roscommon,56431,4534,4117,22286,25494,8651,47780,0.08034590916340309,0.07295635377717921,0.3949247753894136,0.4517729616700041,0.1533022629405823,0.8466977370594176,8.0,7.0,39.0,45.0,National_Sheep_and_Goat_Census_Report_2025.pdf,11
2025,OTHER,Sligo,39660,10259,8359,8758,12284,18618,21042,0.25867372667675237,0.21076651538073626,0.22082702975289964,0.3097327281896117,0.46944024205748863,0.5305597579425113,26.0,21.0,22.0,31.0,National_Sheep_and_Goat_Census_Report_2025.pdf,11
2025,OTHER,Tipperary,38422,8333,3664,12851,13574,11997,26425,0.2168809536203217,0.0953620321690698,0.3344698349903701,0.3532871792202384,0.31224298578939147,0.6877570142106085,22.0,10.0,33.0,35.0,National_Sheep_and_Goat_Census_Report_2025.pdf,11
2025,OTHER,Waterford,16353,8718,2613,1658,3364,11331,5022,0.5331131902403229,0.1597871950100899,0.10138812450314927,0.20571149024643795,0.6929003852504128,0.30709961474958725,53.0,16.0,10.0,21.0,National_Sheep_and_Goat_Census_Report_2025.pdf,11
2025,OTHER,Westmeath,22266,1068,2831,7811,10556,3899,18367,0.0479655079493398,0.1271445252851882,0.3508039162849187,0.4740860504805533,0.17511003323452798,0.824889966765472,5.0,13.0,35.0,47.0,National_Sheep_and_Goat_Census_Report_2025.pdf,11
2025,OTHER,Wexford,50645,4163,8341,13134,25007,12504,38141,0.08219962483956955,0.1646954289663343,0.2593345838681015,0.4937703623259947,0.24689505380590385,0.7531049461940962,8.0,16.0,26.0,49.0,National_Sheep_and_Goat_Census_Report_2025.pdf,11
2025,OTHER,Wicklow,69016,18173,19527,12670,18646,37700,31316,0.26331575286889997,0.2829343920250377,0.1835806189869016,0.27016923611916077,0.5462501448939376,0.45374985510606236,26.0,28.0,18.0,27.0,National_Sheep_and_Goat_Census_Report_2025.pdf,11
2025,RAMS,Carlow,1885,155,104,1378,248,259,1626,0.08222811671087533,0.05517241379310345,0.7310344827586207,0.13156498673740052,0.13740053050397877,0.8625994694960212,8.0,6.0,73.0,13.0,National_Sheep_and_Goat_Census_Report_2025.pdf,10
2025,RAMS,Cavan,2144,283,355,1135,371,638,1506,0.13199626865671643,0.16557835820895522,0.5293843283582089,0.1730410447761194,0.29757462686567165,0.7024253731343284,13.0,17.0,53.0,17.0,National_Sheep_and_Goat_Census_Report_2025.pdf,10
2025,RAMS,Clare,780,63,16,515,186,79,701,0.08076923076923077,0.020512820512820513,0.6602564102564102,0.23846153846153847,0.10128205128205128,0.8987179487179487,8.0,2.0,66.0,24.0,National_Sheep_and_Goat_Census_Report_2025.pdf,10
2025,RAMS,Cork,3254,823,389,1699,343,1212,2042,0.252919483712354,0.11954517516902274,0.5221266133988937,0.10540872771972956,0.37246465888137675,0.6275353411186232,25.0,12.0,52.0,11.0,National_Sheep_and_Goat_Census_Report_2025.pdf,10
2025,RAMS,Donegal,11786,3480,1118,5027,2161,4598,7188,0.29526556931953163,0.09485830646529782,0.42652299338197863,0.18335313083319194,0.39012387578482943,0.6098761242151706,30.0,9.0,43.0,18.0,National_Sheep_and_Goat_Census_Report_2025.pdf,10
2025,RAMS,Dublin,575,109,14,383,69,123,452,0.18956521739130436,0.02434782608695652,0.6660869565217391,0.12,0.21391304347826087,0.7860869565217391,19.0,2.0,67.0,12.0,National_Sheep_and_Goat_Census_Report_2025.pdf,10
2025,RAMS,Galway,8571,1834,371,4623,1743,2205,6366,0.21397736553494343,0.04328549760821374,0.5393769688484424,0.20336016800840043,0.25726286314315716,0.7427371368568428,21.0,4.0,54.0,20.0,National_Sheep_and_Goat_Census_Report_2025.pdf,10
2025,RAMS,Kerry,6242,2546,826,2393,477,3372,2870,0.40788208907401474,0.13232938160845883,0.38337071451457866,0.07641781480294778,0.5402114706824735,0.45978852931752645,41.0,13.0,38.0,8.0,National_Sheep_and_Goat_Census_Report_2025.pdf,10
2025,RAMS,Kildare,2058,261,42,1455,300,303,1755,0.12682215743440234,0.02040816326530612,0.706997084548105,0.1457725947521866,0.14723032069970846,0.8527696793002916,13.0,2.0,71.0,15.0,National_Sheep_and_Goat_Census_Report_2025.pdf,10
2025,RAMS,Kilkenny,1187,36,41,982,128,77,1110,0.030328559393428812,0.03454085930918281,0.827295703454086,0.10783487784330244,0.06486941870261162,0.9351305812973884,3.0,3.0,83.0,11.0,National_Sheep_and_Goat_Census_Report_2025.pdf,10
2025,RAMS,Laois,924,40,30,733,121,70,854,0.04329004329004329,0.032467532467532464,0.7932900432900433,0.13095238095238096,0.07575757575757576,0.9242424242424242,4.0,3.0,79.0,13.0,National_Sheep_and_Goat_Census_Report_2025.pdf,10
2025,RAMS,Leitrim,3080,688,735,1166,491,1423,1657,0.22337662337662337,0.23863636363636365,0.37857142857142856,0.15941558441558443,0.462012987012987,0.537987012987013,22.0,24.0,38.0,16.0,National_Sheep_and_Goat_Census_Report_2025.pdf,10
2025,RAMS,Limerick,382,91,27,227,37,118,264,0.23821989528795812,0.07068062827225131,0.5942408376963351,0.0968586387434555,0.3089005235602094,0.6910994764397905,24.0,7.0,59.0,10.0,National_Sheep_and_Goat_Census_Report_2025.pdf,10
2025,RAMS,Longford,1003,32,18,736,217,50,953,0.031904287138584245,0.01794616151545364,0.7337986041874377,0.21635094715852443,0.049850448654037885,0.9501495513459621,3.0,2.0,73.0,22.0,National_Sheep_and_Goat_Census_Report_2025.pdf,10
2025,RAMS,Louth,1175,162,64,709,240,226,949,0.13787234042553193,0.05446808510638298,0.603404255319149,0.20425531914893616,0.19234042553191488,0.8076595744680851,14.0,5.0,60.0,20.0,National_Sheep_and_Goat_Census_Report_2025.pdf,10
2025,RAMS,Mayo,10215,3748,716,4204,1547,4464,5751,0.36691140479686735,0.07009300048947625,0.4115516397454723,0.15144395496818405,0.4370044052863436,0.5629955947136563,37.0,7.0,41.0,15.0,National_Sheep_and_Goat_Census_Report_2025.pdf,10
2025,RAMS,Meath,3308,107,100,2338,763,207,3101,0.032345828295042324,0.030229746070133012,0.7067714631197098,0.23065296251511488,0.06257557436517533,0.9374244256348246,3.0,3.0,71.0,23.0,National_Sheep_and_Goat_Census_Report_2025.pdf,10
2025,RAMS,Monaghan,1192,22,12,822,336,34,1158,0.018456375838926176,0.010067114093959731,0.6895973154362416,0.28187919463087246,0.028523489932885907,0.9714765100671141,2.0,1.0,69.0,28.0,National_Sheep_and_Goat_Census_Report_2025.pdf,10
2025,RAMS,Offaly,1175,25,11,964,175,36,1139,0.02127659574468085,0.009361702127659575,0.8204255319148936,0.14893617021276595,0.030638297872340424,0.9693617021276596,2.0,1.0,82.0,15.0,National_Sheep_and_Goat_Census_Report_2025.pdf,10
2025,RAMS,Roscommon,3409,172,97,2476,664,269,3140,0.05045467879143444,0.02845409210912291,0.7263127016720445,0.19477852742739807,0.07890877090055735,0.9210912290994426,5.0,3.0,73.0,19.0,National_Sheep_and_Goat_Census_Report_2025.pdf,10
2025,RAMS,Sligo,3515,777,331,1769,638,1108,2407,0.22105263157894736,0.0941678520625889,0.503271692745377,0.18150782361308676,0.31522048364153626,0.6847795163584637,22.0,9.0,50.0,18.0,National_Sheep_and_Goat_Census_Report_2025.pdf,10
2025,RAMS,Tipperary,2668,613,504,1136,415,1117,1551,0.22976011994002998,0.1889055472263868,0.4257871064467766,0.1555472263868066,0.4186656671664168,0.5813343328335832,23.0,19.0,43.0,16.0,National_Sheep_and_Goat_Census_Report_2025.pdf,10
2025,RAMS,Waterford,1142,524,48,484,86,572,570,0.45884413309982486,0.04203152364273205,0.4238178633975482,0.07530647985989491,0.500875656742557,0.4991243432574431,46.0,4.0,42.0,8.0,National_Sheep_and_Goat_Census_Report_2025.pdf,10
2025,RAMS,Westmeath,1786,49,26,1390,321,75,1711,0.027435610302351622,0.014557670772676373,0.7782754759238522,0.1797312430011198,0.041993281075028,0.958006718924972,3.0,1.0,78.0,18.0,National_Sheep_and_Goat_Census_Report_2025.pdf,10
2025,RAMS,Wexford,2383,156,51,1777,399,207,2176,0.06546370121695343,0.02140159462861939,0.7456986991187579,0.16743600503566933,0.0868652958455728,0.9131347041544272,7.0,2.0,75.0,17.0,National_Sheep_and_Goat_Census_Report_2025.pdf,10
2025,RAMS,Wicklow,4783,1158,747,2363,515,1905,2878,0.24210746393476898,0.15617813088020072,0.4940413966130044,0.10767300857202593,0.39828559481496967,0.6017144051850303,24.0,16.0,49.0,11.0,National_Sheep_and_Goat_Census_Report_2025.pdf,10
