PROFILE_ID,PARAMETER_YEAR,COHORT,PASTURE_DM_T_PER_HEAD_YEAR,ASSUMPTION,LIVESTOCK_GENERATION_VERSION,CATTLE_LCA_VERSION,SHEEP_LCA_VERSION
GOBLIN_FIXED_2020_REFERENCE,2020,dairy_cows,3.928454878211,FIXED_2020_GOBLIN_REFERENCE_FEED,0.2.2,0.3.1,0.3.1
GOBLIN_FIXED_2020_REFERENCE,2020,suckler_cows,3.004947817540,FIXED_2020_GOBLIN_REFERENCE_FEED,0.2.2,0.3.1,0.3.1
GOBLIN_FIXED_2020_REFERENCE,2020,DxD_calves_m,0.821674618777,FIXED_2020_GOBLIN_REFERENCE_FEED,0.2.2,0.3.1,0.3.1
GOBLIN_FIXED_2020_REFERENCE,2020,DxD_calves_f,0.909151845855,FIXED_2020_GOBLIN_REFERENCE_FEED,0.2.2,0.3.1,0.3.1
GOBLIN_FIXED_2020_REFERENCE,2020,DxB_calves_m,0.832731453315,FIXED_2020_GOBLIN_REFERENCE_FEED,0.2.2,0.3.1,0.3.1
GOBLIN_FIXED_2020_REFERENCE,2020,DxB_calves_f,0.870143911528,FIXED_2020_GOBLIN_REFERENCE_FEED,0.2.2,0.3.1,0.3.1
GOBLIN_FIXED_2020_REFERENCE,2020,BxB_calves_m,1.268041683503,FIXED_2020_GOBLIN_REFERENCE_FEED,0.2.2,0.3.1,0.3.1
GOBLIN_FIXED_2020_REFERENCE,2020,BxB_calves_f,1.247353309978,FIXED_2020_GOBLIN_REFERENCE_FEED,0.2.2,0.3.1,0.3.1
GOBLIN_FIXED_2020_REFERENCE,2020,DxD_heifers_less_2_yr,2.539791107986,FIXED_2020_GOBLIN_REFERENCE_FEED,0.2.2,0.3.1,0.3.1
GOBLIN_FIXED_2020_REFERENCE,2020,DxD_steers_less_2_yr,2.870594210301,FIXED_2020_GOBLIN_REFERENCE_FEED,0.2.2,0.3.1,0.3.1
GOBLIN_FIXED_2020_REFERENCE,2020,DxB_heifers_less_2_yr,2.671469877446,FIXED_2020_GOBLIN_REFERENCE_FEED,0.2.2,0.3.1,0.3.1
GOBLIN_FIXED_2020_REFERENCE,2020,DxB_steers_less_2_yr,2.978449540063,FIXED_2020_GOBLIN_REFERENCE_FEED,0.2.2,0.3.1,0.3.1
GOBLIN_FIXED_2020_REFERENCE,2020,BxB_heifers_less_2_yr,3.100867494810,FIXED_2020_GOBLIN_REFERENCE_FEED,0.2.2,0.3.1,0.3.1
GOBLIN_FIXED_2020_REFERENCE,2020,BxB_steers_less_2_yr,3.496193234143,FIXED_2020_GOBLIN_REFERENCE_FEED,0.2.2,0.3.1,0.3.1
GOBLIN_FIXED_2020_REFERENCE,2020,DxD_heifers_more_2_yr,2.208897392877,FIXED_2020_GOBLIN_REFERENCE_FEED,0.2.2,0.3.1,0.3.1
GOBLIN_FIXED_2020_REFERENCE,2020,DxD_steers_more_2_yr,2.703141937432,FIXED_2020_GOBLIN_REFERENCE_FEED,0.2.2,0.3.1,0.3.1
GOBLIN_FIXED_2020_REFERENCE,2020,DxB_heifers_more_2_yr,2.304367888756,FIXED_2020_GOBLIN_REFERENCE_FEED,0.2.2,0.3.1,0.3.1
GOBLIN_FIXED_2020_REFERENCE,2020,DxB_steers_more_2_yr,2.778569199538,FIXED_2020_GOBLIN_REFERENCE_FEED,0.2.2,0.3.1,0.3.1
GOBLIN_FIXED_2020_REFERENCE,2020,BxB_heifers_more_2_yr,2.565841324397,FIXED_2020_GOBLIN_REFERENCE_FEED,0.2.2,0.3.1,0.3.1
GOBLIN_FIXED_2020_REFERENCE,2020,BxB_steers_more_2_yr,3.299396946447,FIXED_2020_GOBLIN_REFERENCE_FEED,0.2.2,0.3.1,0.3.1
GOBLIN_FIXED_2020_REFERENCE,2020,bulls,3.082562883623,FIXED_2020_GOBLIN_REFERENCE_FEED,0.2.2,0.3.1,0.3.1
GOBLIN_FIXED_2020_REFERENCE,2020,Lowland ewes,0.628516498959,FIXED_2020_GOBLIN_REFERENCE_FEED,0.2.2,0.3.1,0.3.1
GOBLIN_FIXED_2020_REFERENCE,2020,Upland ewes,0.683732290496,FIXED_2020_GOBLIN_REFERENCE_FEED,0.2.2,0.3.1,0.3.1
GOBLIN_FIXED_2020_REFERENCE,2020,Lowland lamb_less_1_yr,0.006170909157,FIXED_2020_GOBLIN_REFERENCE_FEED,0.2.2,0.3.1,0.3.1
GOBLIN_FIXED_2020_REFERENCE,2020,Lowland male_less_1_yr,0.082233262899,FIXED_2020_GOBLIN_REFERENCE_FEED,0.2.2,0.3.1,0.3.1
GOBLIN_FIXED_2020_REFERENCE,2020,Lowland lamb_more_1_yr,0.123988029275,FIXED_2020_GOBLIN_REFERENCE_FEED,0.2.2,0.3.1,0.3.1
GOBLIN_FIXED_2020_REFERENCE,2020,Lowland ram,0.487219448499,FIXED_2020_GOBLIN_REFERENCE_FEED,0.2.2,0.3.1,0.3.1
GOBLIN_FIXED_2020_REFERENCE,2020,Upland lamb_less_1_yr,0.036214795729,FIXED_2020_GOBLIN_REFERENCE_FEED,0.2.2,0.3.1,0.3.1
GOBLIN_FIXED_2020_REFERENCE,2020,Upland male_less_1_yr,0.112277149470,FIXED_2020_GOBLIN_REFERENCE_FEED,0.2.2,0.3.1,0.3.1
GOBLIN_FIXED_2020_REFERENCE,2020,Upland lamb_more_1_yr,0.179203820812,FIXED_2020_GOBLIN_REFERENCE_FEED,0.2.2,0.3.1,0.3.1
GOBLIN_FIXED_2020_REFERENCE,2020,Upland ram,0.557051184855,FIXED_2020_GOBLIN_REFERENCE_FEED,0.2.2,0.3.1,0.3.1
