YEAR,VARIABLE,UNIT,CENSUS_TOTAL,PUBLISHED_ED_SUM,BLANK_CELLS,HIDDEN_TOTAL,ANNUAL_CONTROL,CENSUS_MINUS_CONTROL
2010,TOTAL_CATTLE,Carlow,93795,93766.0,2.0,29.0,,
2010,TOTAL_CATTLE,Cavan,219463,219378.0,1.0,85.0,,
2010,TOTAL_CATTLE,Clare,276947,276891.0,1.0,56.0,,
2010,TOTAL_CATTLE,Cork,990603,989928.0,7.0,675.0,,
2010,TOTAL_CATTLE,Donegal,191288,191035.0,7.0,253.0,,
2010,TOTAL_CATTLE,Dublin,23555,20500.0,24.0,3055.0,,
2010,TOTAL_CATTLE,Galway,420205,419898.0,6.0,307.0,,
2010,TOTAL_CATTLE,Kerry,323957,323628.0,4.0,329.0,,
2010,TOTAL_CATTLE,Kildare,124962,124256.0,3.0,706.0,,
2010,TOTAL_CATTLE,Kilkenny,321177,319411.0,3.0,1766.0,,
2010,TOTAL_CATTLE,Laois,223965,223929.0,2.0,36.0,,
2010,TOTAL_CATTLE,Leitrim,68795,68795.0,0.0,0.0,,
2010,TOTAL_CATTLE,Limerick,388129,387547.0,2.0,582.0,,
2010,TOTAL_CATTLE,Longford,114923,114566.0,1.0,357.0,,
2010,TOTAL_CATTLE,Louth,80919,80806.0,3.0,113.0,,
2010,TOTAL_CATTLE,Mayo,281150,280961.0,2.0,189.0,,
2010,TOTAL_CATTLE,Meath,295557,295420.0,3.0,137.0,,
2010,TOTAL_CATTLE,Monaghan,199501,199499.0,1.0,2.0,,
2010,TOTAL_CATTLE,Offaly,222486,222361.0,2.0,125.0,,
2010,TOTAL_CATTLE,Roscommon,206648,206470.0,2.0,178.0,,
2010,TOTAL_CATTLE,Sligo,115814,115809.0,1.0,5.0,,
2010,TOTAL_CATTLE,Tipperary,599079,598097.0,9.0,982.0,,
2010,TOTAL_CATTLE,Waterford,241791,240020.0,10.0,1771.0,,
2010,TOTAL_CATTLE,Westmeath,206745,206576.0,3.0,169.0,,
2010,TOTAL_CATTLE,Wexford,256174,255813.0,1.0,361.0,,
2010,TOTAL_CATTLE,Wicklow,118957,118472.0,4.0,485.0,,
2010,DAIRY_COW,Carlow,10616,6381.0,32.0,4235.0,,
2010,DAIRY_COW,Cavan,30638,28380.0,20.0,2258.0,,
2010,DAIRY_COW,Clare,25409,17863.0,78.0,7546.0,,
2010,DAIRY_COW,Cork,284050,279971.0,33.0,4079.0,,
2010,DAIRY_COW,Donegal,15456,10750.0,48.0,4706.0,,
2010,DAIRY_COW,Dublin,2745,457.0,18.0,2288.0,,
2010,DAIRY_COW,Galway,24928,14844.0,98.0,10084.0,,
2010,DAIRY_COW,Kerry,84444,81838.0,34.0,2606.0,,
2010,DAIRY_COW,Kildare,11444,4458.0,60.0,6986.0,,
2010,DAIRY_COW,Kilkenny,58725,54859.0,21.0,3866.0,,
2010,DAIRY_COW,Laois,27536,21215.0,43.0,6321.0,,
2010,DAIRY_COW,Leitrim,1860,545.0,23.0,1315.0,,
2010,DAIRY_COW,Limerick,94066,92200.0,12.0,1866.0,,
2010,DAIRY_COW,Longford,7307,3712.0,31.0,3595.0,,
2010,DAIRY_COW,Louth,11935,10678.0,11.0,1257.0,,
2010,DAIRY_COW,Mayo,15243,10565.0,54.0,4678.0,,
2010,DAIRY_COW,Meath,44267,39304.0,30.0,4963.0,,
2010,DAIRY_COW,Monaghan,30261,29284.0,7.0,977.0,,
2010,DAIRY_COW,Offaly,20527,16676.0,37.0,3851.0,,
2010,DAIRY_COW,Roscommon,4891,537.0,56.0,4354.0,,
2010,DAIRY_COW,Sligo,7434,3550.0,47.0,3884.0,,
2010,DAIRY_COW,Tipperary,113339,111058.0,19.0,2281.0,,
2010,DAIRY_COW,Waterford,56535,52514.0,21.0,4021.0,,
2010,DAIRY_COW,Westmeath,17763,7454.0,67.0,10309.0,,
2010,DAIRY_COW,Wexford,51800,45504.0,32.0,6296.0,,
2010,DAIRY_COW,Wicklow,17536,11322.0,40.0,6214.0,,
2010,OTHER_COW,Carlow,17458,17450.0,1.0,8.0,,
2010,OTHER_COW,Cavan,49148,49099.0,1.0,49.0,,
2010,OTHER_COW,Clare,76935,76867.0,2.0,68.0,,
2010,OTHER_COW,Cork,93783,93701.0,8.0,82.0,,
2010,OTHER_COW,Donegal,47203,47092.0,7.0,111.0,,
2010,OTHER_COW,Dublin,4372,3729.0,15.0,643.0,,
2010,OTHER_COW,Galway,109092,108959.0,8.0,133.0,,
2010,OTHER_COW,Kerry,48924,48684.0,5.0,240.0,,
2010,OTHER_COW,Kildare,20327,20064.0,7.0,263.0,,
2010,OTHER_COW,Kilkenny,41762,41710.0,2.0,52.0,,
2010,OTHER_COW,Laois,37902,37774.0,2.0,128.0,,
2010,OTHER_COW,Leitrim,26830,26830.0,0.0,0.0,,
2010,OTHER_COW,Limerick,44214,44023.0,4.0,191.0,,
2010,OTHER_COW,Longford,29116,29112.0,1.0,4.0,,
2010,OTHER_COW,Louth,13188,13015.0,2.0,173.0,,
2010,OTHER_COW,Mayo,82279,82181.0,3.0,98.0,,
2010,OTHER_COW,Meath,44050,44043.0,1.0,7.0,,
2010,OTHER_COW,Monaghan,35376,35376.0,0.0,0.0,,
2010,OTHER_COW,Offaly,36404,36359.0,2.0,45.0,,
2010,OTHER_COW,Roscommon,58943,58868.0,2.0,75.0,,
2010,OTHER_COW,Sligo,33607,33499.0,2.0,108.0,,
2010,OTHER_COW,Tipperary,74186,74046.0,8.0,140.0,,
2010,OTHER_COW,Waterford,29830,29647.0,11.0,183.0,,
2010,OTHER_COW,Westmeath,42682,42615.0,2.0,67.0,,
2010,OTHER_COW,Wexford,36697,36630.0,2.0,67.0,,
2010,OTHER_COW,Wicklow,24121,23914.0,6.0,207.0,,
2010,TOTAL_SHEEP,Carlow,154888,154107.0,3.0,781.0,,
2010,TOTAL_SHEEP,Cavan,67237,60025.0,33.0,7212.0,,
2010,TOTAL_SHEEP,Clare,28405,19377.0,83.0,9028.0,,
2010,TOTAL_SHEEP,Cork,247766,208437.0,170.0,39329.0,,
2010,TOTAL_SHEEP,Donegal,576463,576353.0,3.0,110.0,,
2010,TOTAL_SHEEP,Dublin,38052,37208.0,12.0,844.0,,
2010,TOTAL_SHEEP,Galway,530267,526716.0,21.0,3551.0,,
2010,TOTAL_SHEEP,Kerry,433546,424968.0,54.0,8578.0,,
2010,TOTAL_SHEEP,Kildare,142881,127235.0,34.0,15646.0,,
2010,TOTAL_SHEEP,Kilkenny,108406,89433.0,50.0,18973.0,,
2010,TOTAL_SHEEP,Laois,56916,43857.0,48.0,13059.0,,
2010,TOTAL_SHEEP,Leitrim,121793,115512.0,32.0,6281.0,,
2010,TOTAL_SHEEP,Limerick,25478,11720.0,78.0,13758.0,,
2010,TOTAL_SHEEP,Longford,38782,32560.0,21.0,6222.0,,
2010,TOTAL_SHEEP,Louth,67000,62321.0,10.0,4679.0,,
2010,TOTAL_SHEEP,Mayo,490076,488874.0,8.0,1202.0,,
2010,TOTAL_SHEEP,Meath,194747,190526.0,8.0,4221.0,,
2010,TOTAL_SHEEP,Monaghan,44622,33190.0,30.0,11432.0,,
2010,TOTAL_SHEEP,Offaly,91189,77170.0,26.0,14019.0,,
2010,TOTAL_SHEEP,Roscommon,242593,239168.0,19.0,3425.0,,
2010,TOTAL_SHEEP,Sligo,156586,156208.0,5.0,378.0,,
2010,TOTAL_SHEEP,Tipperary,171095,137028.0,71.0,34067.0,,
2010,TOTAL_SHEEP,Waterford,96279,74973.0,50.0,21306.0,,
2010,TOTAL_SHEEP,Westmeath,116809,109100.0,22.0,7709.0,,
2010,TOTAL_SHEEP,Wexford,185570,176733.0,25.0,8837.0,,
2010,TOTAL_SHEEP,Wicklow,317978,314887.0,5.0,3091.0,,
2020,TOTAL_CATTLE,Carlow,106861,106716.0,2.0,145.0,AAA10,-39.0
2020,TOTAL_CATTLE,Cavan,231843,231764.0,1.0,79.0,AAA10,43.0
2020,TOTAL_CATTLE,Clare,296194,296194.0,0.0,0.0,AAA10,-6.0
2020,TOTAL_CATTLE,Cork,1104794,1103425.0,6.0,1369.0,AAA10,-6.0
2020,TOTAL_CATTLE,Donegal,187133,186944.0,6.0,189.0,AAA10,33.0
2020,TOTAL_CATTLE,Dublin,24704,22685.0,21.0,2019.0,AAA10,4.0
2020,TOTAL_CATTLE,Galway,449083,448697.0,8.0,386.0,AAA10,-17.0
2020,TOTAL_CATTLE,Kerry,349930,349828.0,1.0,102.0,AAA10,30.0
2020,TOTAL_CATTLE,Kildare,143493,143482.0,1.0,11.0,AAA10,-7.0
2020,TOTAL_CATTLE,Kilkenny,373951,373812.0,1.0,139.0,AAA10,-49.0
2020,TOTAL_CATTLE,Laois,263543,263175.0,2.0,368.0,AAA10,43.0
2020,TOTAL_CATTLE,Leitrim,65311,65311.0,0.0,0.0,AAA10,11.0
2020,TOTAL_CATTLE,Limerick,456291,456010.0,3.0,281.0,AAA10,-9.0
2020,TOTAL_CATTLE,Longford,119830,119805.0,2.0,25.0,AAA10,30.0
2020,TOTAL_CATTLE,Louth,94924,94806.0,2.0,118.0,AAA10,24.0
2020,TOTAL_CATTLE,Mayo,283210,282902.0,3.0,308.0,AAA10,10.0
2020,TOTAL_CATTLE,Meath,324363,324289.0,1.0,74.0,AAA10,-37.0
2020,TOTAL_CATTLE,Monaghan,218190,217945.0,3.0,245.0,AAA10,-10.0
2020,TOTAL_CATTLE,Offaly,254688,254075.0,2.0,613.0,AAA10,-12.0
2020,TOTAL_CATTLE,Roscommon,216827,216822.0,1.0,5.0,AAA10,27.0
2020,TOTAL_CATTLE,Sligo,113518,113324.0,1.0,194.0,AAA10,18.0
2020,TOTAL_CATTLE,Tipperary,700341,699519.0,4.0,822.0,AAA10,41.0
2020,TOTAL_CATTLE,Waterford,270583,267265.0,6.0,3318.0,AAA10,-17.0
2020,TOTAL_CATTLE,Westmeath,231955,231405.0,3.0,550.0,AAA10,-45.0
2020,TOTAL_CATTLE,Wexford,301601,301169.0,1.0,432.0,AAA10,1.0
2020,TOTAL_CATTLE,Wicklow,131382,130837.0,3.0,545.0,AAA10,-18.0
2020,DAIRY_COW,Carlow,18042,9260.0,33.0,8782.0,AAA10,42.0
2020,DAIRY_COW,Cavan,39316,36685.0,19.0,2631.0,AAA10,16.0
2020,DAIRY_COW,Clare,34903,24058.0,78.0,10845.0,AAA10,3.0
2020,DAIRY_COW,Cork,389123,382544.0,35.0,6579.0,AAA10,23.0
2020,DAIRY_COW,Donegal,22156,15111.0,54.0,7045.0,AAA10,-44.0
2020,DAIRY_COW,Dublin,2960,1023.0,13.0,1937.0,AAA10,-40.0
2020,DAIRY_COW,Galway,39369,23919.0,101.0,15450.0,AAA10,-31.0
2020,DAIRY_COW,Kerry,102382,98097.0,36.0,4285.0,AAA10,-18.0
2020,DAIRY_COW,Kildare,20544,7976.0,59.0,12568.0,AAA10,44.0
2020,DAIRY_COW,Kilkenny,100988,94899.0,20.0,6089.0,AAA10,-12.0
2020,DAIRY_COW,Laois,50262,37255.0,44.0,13007.0,AAA10,-38.0
2020,DAIRY_COW,Leitrim,1844,201.0,21.0,1643.0,AAA10,44.0
2020,DAIRY_COW,Limerick,125411,122305.0,16.0,3106.0,AAA10,11.0
2020,DAIRY_COW,Longford,11817,6202.0,30.0,5615.0,AAA10,17.0
2020,DAIRY_COW,Louth,18963,16706.0,12.0,2257.0,AAA10,-37.0
2020,DAIRY_COW,Mayo,19009,10233.0,65.0,8776.0,AAA10,9.0
2020,DAIRY_COW,Meath,67246,59034.0,27.0,8212.0,AAA10,46.0
2020,DAIRY_COW,Monaghan,38303,36353.0,11.0,1950.0,AAA10,3.0
2020,DAIRY_COW,Offaly,35738,24503.0,46.0,11235.0,AAA10,38.0
2020,DAIRY_COW,Roscommon,8936,1711.0,56.0,7225.0,AAA10,36.0
2020,DAIRY_COW,Sligo,8251,3042.0,47.0,5209.0,AAA10,-49.0
2020,DAIRY_COW,Tipperary,180352,176291.0,19.0,4061.0,AAA10,-48.0
2020,DAIRY_COW,Waterford,89900,82519.0,22.0,7381.0,AAA10,0.0
2020,DAIRY_COW,Westmeath,31524,17889.0,63.0,13635.0,AAA10,24.0
2020,DAIRY_COW,Wexford,83741,74313.0,34.0,9428.0,AAA10,41.0
2020,DAIRY_COW,Wicklow,26601,17755.0,40.0,8846.0,AAA10,1.0
2020,OTHER_COW,Carlow,14955,14796.0,3.0,159.0,AAA10,-45.0
2020,OTHER_COW,Cavan,42756,42722.0,1.0,34.0,AAA10,-44.0
2020,OTHER_COW,Clare,70856,70785.0,2.0,71.0,AAA10,-44.0
2020,OTHER_COW,Cork,72242,71737.0,15.0,505.0,AAA10,42.0
2020,OTHER_COW,Donegal,39740,39688.0,5.0,52.0,AAA10,40.0
2020,OTHER_COW,Dublin,3656,3165.0,19.0,491.0,AAA10,-44.0
2020,OTHER_COW,Galway,100062,99942.0,7.0,120.0,AAA10,-38.0
2020,OTHER_COW,Kerry,46559,46369.0,6.0,190.0,AAA10,-41.0
2020,OTHER_COW,Kildare,17706,17070.0,9.0,636.0,AAA10,6.0
2020,OTHER_COW,Kilkenny,30826,30610.0,2.0,216.0,AAA10,26.0
2020,OTHER_COW,Laois,30945,30691.0,6.0,254.0,AAA10,45.0
2020,OTHER_COW,Leitrim,23785,23785.0,0.0,0.0,AAA10,-15.0
2020,OTHER_COW,Limerick,36123,36057.0,2.0,66.0,AAA10,23.0
2020,OTHER_COW,Longford,25551,25551.0,0.0,0.0,AAA10,-49.0
2020,OTHER_COW,Louth,11725,11669.0,3.0,56.0,AAA10,25.0
2020,OTHER_COW,Mayo,74152,74126.0,3.0,26.0,AAA10,-48.0
2020,OTHER_COW,Meath,35714,35709.0,1.0,5.0,AAA10,14.0
2020,OTHER_COW,Monaghan,31304,31271.0,2.0,33.0,AAA10,4.0
2020,OTHER_COW,Offaly,30154,30068.0,2.0,86.0,AAA10,-46.0
2020,OTHER_COW,Roscommon,53552,53552.0,0.0,0.0,AAA10,-48.0
2020,OTHER_COW,Sligo,30400,30356.0,1.0,44.0,AAA10,0.0
2020,OTHER_COW,Tipperary,53232,52907.0,5.0,325.0,AAA10,32.0
2020,OTHER_COW,Waterford,18513,18075.0,11.0,438.0,AAA10,13.0
2020,OTHER_COW,Westmeath,37957,37827.0,4.0,130.0,AAA10,-43.0
2020,OTHER_COW,Wexford,29729,29639.0,3.0,90.0,AAA10,29.0
2020,OTHER_COW,Wicklow,21086,20810.0,6.0,276.0,AAA10,-14.0
2020,TOTAL_SHEEP,Carlow,153237,152248.0,4.0,989.0,,
2020,TOTAL_SHEEP,Cavan,113614,109517.0,16.0,4097.0,,
2020,TOTAL_SHEEP,Clare,41810,30759.0,76.0,11051.0,,
2020,TOTAL_SHEEP,Cork,238836,196258.0,190.0,42578.0,,
2020,TOTAL_SHEEP,Donegal,751609,751272.0,3.0,337.0,,
2020,TOTAL_SHEEP,Dublin,35098,31129.0,13.0,3969.0,,
2020,TOTAL_SHEEP,Galway,602087,599881.0,11.0,2206.0,,
2020,TOTAL_SHEEP,Kerry,478203,472268.0,47.0,5935.0,,
2020,TOTAL_SHEEP,Kildare,160034,140419.0,29.0,19615.0,,
2020,TOTAL_SHEEP,Kilkenny,98026,73927.0,56.0,24099.0,,
2020,TOTAL_SHEEP,Laois,65345,50117.0,46.0,15228.0,,
2020,TOTAL_SHEEP,Leitrim,154326,150499.0,18.0,3827.0,,
2020,TOTAL_SHEEP,Limerick,34151,13658.0,94.0,20493.0,,
2020,TOTAL_SHEEP,Longford,57926,54948.0,10.0,2978.0,,
2020,TOTAL_SHEEP,Louth,76722,73462.0,8.0,3260.0,,
2020,TOTAL_SHEEP,Mayo,632121,631180.0,8.0,941.0,,
2020,TOTAL_SHEEP,Meath,246529,244117.0,4.0,2412.0,,
2020,TOTAL_SHEEP,Monaghan,73391,69862.0,12.0,3529.0,,
2020,TOTAL_SHEEP,Offaly,103701,90360.0,27.0,13341.0,,
2020,TOTAL_SHEEP,Roscommon,276129,273732.0,14.0,2397.0,,
2020,TOTAL_SHEEP,Sligo,207494,207308.0,2.0,186.0,,
2020,TOTAL_SHEEP,Tipperary,160109,122617.0,75.0,37492.0,,
2020,TOTAL_SHEEP,Waterford,92146,76864.0,55.0,15282.0,,
2020,TOTAL_SHEEP,Westmeath,146883,139807.0,17.0,7076.0,,
2020,TOTAL_SHEEP,Wexford,197314,181527.0,27.0,15787.0,,
2020,TOTAL_SHEEP,Wicklow,323367,322657.0,1.0,710.0,,
2020,TOTAL_SHEEP,REGION Border,1300434,,,,AAA09,34.0
2020,TOTAL_SHEEP,REGION Dublin and Mid-East,841750,,,,AAA09,-50.0
2020,TOTAL_SHEEP,REGION Mid-West,236070,,,,AAA09,-30.0
2020,TOTAL_SHEEP,REGION Midland,373855,,,,AAA09,-45.0
2020,TOTAL_SHEEP,REGION South-East,540723,,,,AAA09,23.0
2020,TOTAL_SHEEP,REGION South-West,717039,,,,AAA09,39.0
2020,TOTAL_SHEEP,REGION West,1510337,,,,AAA09,37.0
