YEAR,VARIABLE,COUNTY,SHRINKAGE_LAMBDA,CENSUS_COUNTY_TOTAL,PUBLISHED_SUM,HIDDEN_TOTAL,BLANK_CELLS,FILLED,FILLED_ABOVE_COW_CAP,FILLED_OUTSIDE_MODEL
2010,TOTAL_CATTLE,Carlow,0.5,93795,93766,29,2,29,0,29
2010,TOTAL_CATTLE,Cavan,0.5,219463,219378,85,1,85,0,85
2010,TOTAL_CATTLE,Clare,0.5,276947,276891,56,1,56,0,0
2010,TOTAL_CATTLE,Cork,0.5,990603,989928,675,7,675,0,627
2010,TOTAL_CATTLE,Donegal,0.5,191288,191035,253,7,253,0,18
2010,TOTAL_CATTLE,Dublin,0.5,23555,20500,3055,24,3055,0,1808
2010,TOTAL_CATTLE,Galway,0.5,420205,419898,307,6,307,0,128
2010,TOTAL_CATTLE,Kerry,0.5,323957,323628,329,4,329,0,149
2010,TOTAL_CATTLE,Kildare,0.5,124962,124256,706,3,706,0,118
2010,TOTAL_CATTLE,Kilkenny,0.5,321177,319411,1766,3,1766,0,589
2010,TOTAL_CATTLE,Laois,0.5,223965,223929,36,2,36,0,36
2010,TOTAL_CATTLE,Limerick,0.5,388129,387547,582,2,582,0,582
2010,TOTAL_CATTLE,Longford,0.5,114923,114566,357,1,357,0,357
2010,TOTAL_CATTLE,Louth,0.5,80919,80806,113,3,113,0,76
2010,TOTAL_CATTLE,Mayo,0.5,281150,280961,189,2,189,0,111
2010,TOTAL_CATTLE,Meath,0.5,295557,295420,137,3,137,0,137
2010,TOTAL_CATTLE,Monaghan,0.5,199501,199499,2,1,2,0,2
2010,TOTAL_CATTLE,Offaly,0.5,222486,222361,125,2,125,0,63
2010,TOTAL_CATTLE,Roscommon,0.5,206648,206470,178,2,178,0,44
2010,TOTAL_CATTLE,Sligo,0.5,115814,115809,5,1,5,0,5
2010,TOTAL_CATTLE,Tipperary,0.5,599079,598097,982,9,982,0,722
2010,TOTAL_CATTLE,Waterford,0.5,241791,240020,1771,10,1771,0,1595
2010,TOTAL_CATTLE,Westmeath,0.5,206745,206576,169,3,169,0,169
2010,TOTAL_CATTLE,Wexford,0.5,256174,255813,361,1,361,0,0
2010,TOTAL_CATTLE,Wicklow,0.5,118957,118472,485,4,485,0,122
2010,DAIRY_COW,Carlow,0.25,10616,6381,4235,32,4235,0,0
2010,DAIRY_COW,Cavan,0.25,30638,28380,2258,20,2258,0,0
2010,DAIRY_COW,Clare,0.25,25409,17863,7546,78,7546,0,0
2010,DAIRY_COW,Cork,0.25,284050,279971,4079,33,4079,0,191
2010,DAIRY_COW,Donegal,0.25,15456,10750,4706,48,4706,0,0
2010,DAIRY_COW,Dublin,0.25,2745,457,2288,18,2288,0,93
2010,DAIRY_COW,Galway,0.25,24928,14844,10084,98,10084,0,12
2010,DAIRY_COW,Kerry,0.25,84444,81838,2606,34,2606,0,0
2010,DAIRY_COW,Kildare,0.25,11444,4458,6986,60,6986,0,0
2010,DAIRY_COW,Kilkenny,0.25,58725,54859,3866,21,3866,0,0
2010,DAIRY_COW,Laois,0.25,27536,21215,6321,43,6321,0,0
2010,DAIRY_COW,Leitrim,0.25,1860,545,1315,23,1315,0,0
2010,DAIRY_COW,Limerick,0.25,94066,92200,1866,12,1866,0,0
2010,DAIRY_COW,Longford,0.25,7307,3712,3595,31,3595,0,98
2010,DAIRY_COW,Louth,0.25,11935,10678,1257,11,1257,0,0
2010,DAIRY_COW,Mayo,0.25,15243,10565,4678,54,4678,0,0
2010,DAIRY_COW,Meath,0.25,44267,39304,4963,30,4963,0,0
2010,DAIRY_COW,Monaghan,0.25,30261,29284,977,7,977,0,0
2010,DAIRY_COW,Offaly,0.25,20527,16676,3851,37,3851,0,0
2010,DAIRY_COW,Roscommon,0.25,4891,537,4354,56,4354,0,0
2010,DAIRY_COW,Sligo,0.25,7434,3550,3884,47,3884,0,73
2010,DAIRY_COW,Tipperary,0.25,113339,111058,2281,19,2281,0,94
2010,DAIRY_COW,Waterford,0.25,56535,52514,4021,21,4021,0,342
2010,DAIRY_COW,Westmeath,0.25,17763,7454,10309,67,10309,0,0
2010,DAIRY_COW,Wexford,0.25,51800,45504,6296,32,6296,0,0
2010,DAIRY_COW,Wicklow,0.25,17536,11322,6214,40,6214,0,30
2010,OTHER_COW,Carlow,0.5,17458,17450,8,1,8,1,8
2010,OTHER_COW,Cavan,0.5,49148,49099,49,1,49,7,49
2010,OTHER_COW,Clare,0.5,76935,76867,68,2,68,45,0
2010,OTHER_COW,Cork,0.5,93783,93701,82,8,82,0,52
2010,OTHER_COW,Donegal,0.5,47203,47092,111,7,111,0,8
2010,OTHER_COW,Dublin,0.5,4372,3729,643,15,643,0,482
2010,OTHER_COW,Galway,0.5,109092,108959,133,8,133,0,68
2010,OTHER_COW,Kerry,0.5,48924,48684,240,5,240,0,30
2010,OTHER_COW,Kildare,0.5,20327,20064,263,7,263,0,0
2010,OTHER_COW,Kilkenny,0.5,41762,41710,52,2,52,0,18
2010,OTHER_COW,Laois,0.5,37902,37774,128,2,128,0,13
2010,OTHER_COW,Limerick,0.5,44214,44023,191,4,191,0,98
2010,OTHER_COW,Longford,0.5,29116,29112,4,1,4,0,4
2010,OTHER_COW,Louth,0.5,13188,13015,173,2,173,0,0
2010,OTHER_COW,Mayo,0.5,82279,82181,98,3,98,0,65
2010,OTHER_COW,Meath,0.5,44050,44043,7,1,7,0,7
2010,OTHER_COW,Offaly,0.5,36404,36359,45,2,45,0,23
2010,OTHER_COW,Roscommon,0.5,58943,58868,75,2,75,0,21
2010,OTHER_COW,Sligo,0.5,33607,33499,108,2,108,0,108
2010,OTHER_COW,Tipperary,0.5,74186,74046,140,8,140,0,71
2010,OTHER_COW,Waterford,0.5,29830,29647,183,11,183,0,76
2010,OTHER_COW,Westmeath,0.5,42682,42615,67,2,67,12,67
2010,OTHER_COW,Wexford,0.5,36697,36630,67,2,67,16,0
2010,OTHER_COW,Wicklow,0.5,24121,23914,207,6,207,0,30
2010,TOTAL_SHEEP,Carlow,0.25,154888,154107,781,3,781,0,0
2010,TOTAL_SHEEP,Cavan,0.25,67237,60025,7212,33,7212,0,0
2010,TOTAL_SHEEP,Clare,0.25,28405,19377,9028,83,9028,0,0
2010,TOTAL_SHEEP,Cork,0.25,247766,208437,39329,170,39329,0,174
2010,TOTAL_SHEEP,Donegal,0.25,576463,576353,110,3,110,0,0
2010,TOTAL_SHEEP,Dublin,0.25,38052,37208,844,12,844,0,599
2010,TOTAL_SHEEP,Galway,0.25,530267,526716,3551,21,3551,0,508
2010,TOTAL_SHEEP,Kerry,0.25,433546,424968,8578,54,8578,0,0
2010,TOTAL_SHEEP,Kildare,0.25,142881,127235,15646,34,15646,0,345
2010,TOTAL_SHEEP,Kilkenny,0.25,108406,89433,18973,50,18973,0,285
2010,TOTAL_SHEEP,Laois,0.25,56916,43857,13059,48,13059,0,204
2010,TOTAL_SHEEP,Leitrim,0.25,121793,115512,6281,32,6281,0,0
2010,TOTAL_SHEEP,Limerick,0.25,25478,11720,13758,78,13758,0,0
2010,TOTAL_SHEEP,Longford,0.25,38782,32560,6222,21,6222,0,0
2010,TOTAL_SHEEP,Louth,0.25,67000,62321,4679,10,4679,0,0
2010,TOTAL_SHEEP,Mayo,0.25,490076,488874,1202,8,1202,0,226
2010,TOTAL_SHEEP,Meath,0.25,194747,190526,4221,8,4221,0,792
2010,TOTAL_SHEEP,Monaghan,0.25,44622,33190,11432,30,11432,0,0
2010,TOTAL_SHEEP,Offaly,0.25,91189,77170,14019,26,14019,0,0
2010,TOTAL_SHEEP,Roscommon,0.25,242593,239168,3425,19,3425,0,135
2010,TOTAL_SHEEP,Sligo,0.25,156586,156208,378,5,378,0,171
2010,TOTAL_SHEEP,Tipperary,0.25,171095,137028,34067,71,34067,0,360
2010,TOTAL_SHEEP,Waterford,0.25,96279,74973,21306,50,21306,0,640
2010,TOTAL_SHEEP,Westmeath,0.25,116809,109100,7709,22,7709,0,0
2010,TOTAL_SHEEP,Wexford,0.25,185570,176733,8837,25,8837,0,530
2010,TOTAL_SHEEP,Wicklow,0.25,317978,314887,3091,5,3091,0,1392
2020,TOTAL_CATTLE,Carlow,0.5,106861,106716,145,2,145,0,145
2020,TOTAL_CATTLE,Cavan,0.5,231843,231764,79,1,79,0,79
2020,TOTAL_CATTLE,Cork,0.5,1104794,1103425,1369,6,1369,0,1255
2020,TOTAL_CATTLE,Donegal,0.5,187133,186944,189,6,189,0,16
2020,TOTAL_CATTLE,Dublin,0.5,24704,22685,2019,21,2019,0,1374
2020,TOTAL_CATTLE,Galway,0.5,449083,448697,386,8,386,0,314
2020,TOTAL_CATTLE,Kerry,0.5,349930,349828,102,1,102,0,102
2020,TOTAL_CATTLE,Kildare,0.5,143493,143482,11,1,11,0,11
2020,TOTAL_CATTLE,Kilkenny,0.5,373951,373812,139,1,139,0,139
2020,TOTAL_CATTLE,Laois,0.5,263543,263175,368,2,368,0,368
2020,TOTAL_CATTLE,Limerick,0.5,456291,456010,281,3,281,0,281
2020,TOTAL_CATTLE,Longford,0.5,119830,119805,25,2,25,0,25
2020,TOTAL_CATTLE,Louth,0.5,94924,94806,118,2,118,0,59
2020,TOTAL_CATTLE,Mayo,0.5,283210,282902,308,3,308,0,242
2020,TOTAL_CATTLE,Meath,0.5,324363,324289,74,1,74,0,74
2020,TOTAL_CATTLE,Monaghan,0.5,218190,217945,245,3,245,0,245
2020,TOTAL_CATTLE,Offaly,0.5,254688,254075,613,2,613,0,304
2020,TOTAL_CATTLE,Roscommon,0.5,216827,216822,5,1,5,0,5
2020,TOTAL_CATTLE,Sligo,0.5,113518,113324,194,1,194,0,194
2020,TOTAL_CATTLE,Tipperary,0.5,700341,699519,822,4,822,0,568
2020,TOTAL_CATTLE,Waterford,0.5,270583,267265,3318,6,3318,0,2212
2020,TOTAL_CATTLE,Westmeath,0.5,231955,231405,550,3,550,0,550
2020,TOTAL_CATTLE,Wexford,0.5,301601,301169,432,1,432,0,0
2020,TOTAL_CATTLE,Wicklow,0.5,131382,130837,545,3,545,0,182
2020,DAIRY_COW,Carlow,0.25,18042,9260,8782,33,8782,0,0
2020,DAIRY_COW,Cavan,0.25,39316,36685,2631,19,2631,0,0
2020,DAIRY_COW,Clare,0.25,34903,24058,10845,78,10845,0,0
2020,DAIRY_COW,Cork,0.25,389123,382544,6579,35,6579,0,183
2020,DAIRY_COW,Donegal,0.25,22156,15111,7045,54,7045,0,0
2020,DAIRY_COW,Dublin,0.25,2960,1023,1937,13,1937,0,50
2020,DAIRY_COW,Galway,0.25,39369,23919,15450,101,15450,0,0
2020,DAIRY_COW,Kerry,0.25,102382,98097,4285,36,4285,0,55
2020,DAIRY_COW,Kildare,0.25,20544,7976,12568,59,12568,0,0
2020,DAIRY_COW,Kilkenny,0.25,100988,94899,6089,20,6089,0,75
2020,DAIRY_COW,Laois,0.25,50262,37255,13007,44,13007,0,49
2020,DAIRY_COW,Leitrim,0.25,1844,201,1643,21,1643,0,0
2020,DAIRY_COW,Limerick,0.25,125411,122305,3106,16,3106,0,25
2020,DAIRY_COW,Longford,0.25,11817,6202,5615,30,5615,0,0
2020,DAIRY_COW,Louth,0.25,18963,16706,2257,12,2257,0,0
2020,DAIRY_COW,Mayo,0.25,19009,10233,8776,65,8776,0,103
2020,DAIRY_COW,Meath,0.25,67246,59034,8212,27,8212,0,0
2020,DAIRY_COW,Monaghan,0.25,38303,36353,1950,11,1950,0,87
2020,DAIRY_COW,Offaly,0.25,35738,24503,11235,46,11235,0,0
2020,DAIRY_COW,Roscommon,0.25,8936,1711,7225,56,7225,0,0
2020,DAIRY_COW,Sligo,0.25,8251,3042,5209,47,5209,0,0
2020,DAIRY_COW,Tipperary,0.25,180352,176291,4061,19,4061,0,55
2020,DAIRY_COW,Waterford,0.25,89900,82519,7381,22,7381,0,894
2020,DAIRY_COW,Westmeath,0.25,31524,17889,13635,63,13635,0,98
2020,DAIRY_COW,Wexford,0.25,83741,74313,9428,34,9428,0,0
2020,DAIRY_COW,Wicklow,0.25,26601,17755,8846,40,8846,0,49
2020,OTHER_COW,Carlow,0.5,14955,14796,159,3,159,0,30
2020,OTHER_COW,Cavan,0.5,42756,42722,34,1,34,0,34
2020,OTHER_COW,Clare,0.5,70856,70785,71,2,71,0,0
2020,OTHER_COW,Cork,0.5,72242,71737,505,15,505,0,41
2020,OTHER_COW,Donegal,0.5,39740,39688,52,5,52,0,0
2020,OTHER_COW,Dublin,0.5,3656,3165,491,19,491,0,321
2020,OTHER_COW,Galway,0.5,100062,99942,120,7,120,0,57
2020,OTHER_COW,Kerry,0.5,46559,46369,190,6,190,0,0
2020,OTHER_COW,Kildare,0.5,17706,17070,636,9,636,0,0
2020,OTHER_COW,Kilkenny,0.5,30826,30610,216,2,216,0,0
2020,OTHER_COW,Laois,0.5,30945,30691,254,6,254,0,31
2020,OTHER_COW,Limerick,0.5,36123,36057,66,2,66,0,0
2020,OTHER_COW,Louth,0.5,11725,11669,56,3,56,0,11
2020,OTHER_COW,Mayo,0.5,74152,74126,26,3,26,0,0
2020,OTHER_COW,Meath,0.5,35714,35709,5,1,5,0,5
2020,OTHER_COW,Monaghan,0.5,31304,31271,33,2,33,11,33
2020,OTHER_COW,Offaly,0.5,30154,30068,86,2,86,0,56
2020,OTHER_COW,Sligo,0.5,30400,30356,44,1,44,0,44
2020,OTHER_COW,Tipperary,0.5,53232,52907,325,5,325,0,0
2020,OTHER_COW,Waterford,0.5,18513,18075,438,11,438,0,0
2020,OTHER_COW,Westmeath,0.5,37957,37827,130,4,130,0,87
2020,OTHER_COW,Wexford,0.5,29729,29639,90,3,90,0,0
2020,OTHER_COW,Wicklow,0.5,21086,20810,276,6,276,0,41
2020,TOTAL_SHEEP,Carlow,0.0,153237,152248,989,4,989,0,247
2020,TOTAL_SHEEP,Cavan,0.0,113614,109517,4097,16,4097,0,0
2020,TOTAL_SHEEP,Clare,0.0,41810,30759,11051,76,11051,0,0
2020,TOTAL_SHEEP,Cork,0.0,238836,196258,42578,190,42578,0,0
2020,TOTAL_SHEEP,Donegal,0.0,751609,751272,337,3,337,0,0
2020,TOTAL_SHEEP,Dublin,0.0,35098,31129,3969,13,3969,0,2749
2020,TOTAL_SHEEP,Galway,0.0,602087,599881,2206,11,2206,0,200
2020,TOTAL_SHEEP,Kerry,0.0,478203,472268,5935,47,5935,0,127
2020,TOTAL_SHEEP,Kildare,0.0,160034,140419,19615,29,19615,0,0
2020,TOTAL_SHEEP,Kilkenny,0.0,98026,73927,24099,56,24099,0,0
2020,TOTAL_SHEEP,Laois,0.0,65345,50117,15228,46,15228,0,0
2020,TOTAL_SHEEP,Leitrim,0.0,154326,150499,3827,18,3827,0,0
2020,TOTAL_SHEEP,Limerick,0.0,34151,13658,20493,94,20493,0,0
2020,TOTAL_SHEEP,Longford,0.0,57926,54948,2978,10,2978,0,0
2020,TOTAL_SHEEP,Louth,0.0,76722,73462,3260,8,3260,0,0
2020,TOTAL_SHEEP,Mayo,0.0,632121,631180,941,8,941,0,236
2020,TOTAL_SHEEP,Meath,0.0,246529,244117,2412,4,2412,0,0
2020,TOTAL_SHEEP,Monaghan,0.0,73391,69862,3529,12,3529,0,0
2020,TOTAL_SHEEP,Offaly,0.0,103701,90360,13341,27,13341,0,0
2020,TOTAL_SHEEP,Roscommon,0.0,276129,273732,2397,14,2397,0,171
2020,TOTAL_SHEEP,Sligo,0.0,207494,207308,186,2,186,0,93
2020,TOTAL_SHEEP,Tipperary,0.0,160109,122617,37492,75,37492,0,0
2020,TOTAL_SHEEP,Waterford,0.0,92146,76864,15282,55,15282,0,278
2020,TOTAL_SHEEP,Westmeath,0.0,146883,139807,7076,17,7076,0,417
2020,TOTAL_SHEEP,Wexford,0.0,197314,181527,15787,27,15787,0,0
2020,TOTAL_SHEEP,Wicklow,0.0,323367,322657,710,1,710,0,0
