YEAR,LEVEL,UNIT,VARIABLE,PUBLISHED_OUTSIDE_MODEL,FILLED_OUTSIDE_MODEL,TOTAL_OUTSIDE_MODEL,CENSUS_TOTAL,OUTSIDE_SHARE_PCT
2020,COUNTY,Carlow,TOTAL_CATTLE,0.0,185.0,185.0,106901.0,0.173
2020,COUNTY,Cavan,TOTAL_CATTLE,0.0,37.0,37.0,231801.0,0.016
2020,COUNTY,Clare,TOTAL_CATTLE,0.0,0.0,0.0,296194.0,0.0
2020,COUNTY,Cork,TOTAL_CATTLE,0.0,1262.0,1262.0,1104801.0,0.114
2020,COUNTY,Donegal,TOTAL_CATTLE,0.0,13.0,13.0,187101.0,0.007
2020,COUNTY,Dublin,TOTAL_CATTLE,0.0,1374.0,1374.0,24701.0,5.563
2020,COUNTY,Galway,TOTAL_CATTLE,0.0,329.0,329.0,449101.0,0.073
2020,COUNTY,Kerry,TOTAL_CATTLE,0.0,73.0,73.0,349901.0,0.021
2020,COUNTY,Kildare,TOTAL_CATTLE,0.0,19.0,19.0,143501.0,0.013
2020,COUNTY,Kilkenny,TOTAL_CATTLE,0.0,189.0,189.0,374001.0,0.051
2020,COUNTY,Laois,TOTAL_CATTLE,0.0,326.0,326.0,263501.0,0.124
2020,COUNTY,Leitrim,TOTAL_CATTLE,0.0,0.0,0.0,65311.0,0.0
2020,COUNTY,Limerick,TOTAL_CATTLE,0.0,291.0,291.0,456301.0,0.064
2020,COUNTY,Longford,TOTAL_CATTLE,0.0,0.0,0.0,119805.0,0.0
2020,COUNTY,Louth,TOTAL_CATTLE,0.0,47.0,47.0,94900.0,0.05
2020,COUNTY,Mayo,TOTAL_CATTLE,0.0,234.0,234.0,283200.0,0.083
2020,COUNTY,Meath,TOTAL_CATTLE,0.0,111.0,111.0,324400.0,0.034
2020,COUNTY,Monaghan,TOTAL_CATTLE,0.0,255.0,255.0,218200.0,0.117
2020,COUNTY,Offaly,TOTAL_CATTLE,0.0,310.0,310.0,254700.0,0.122
2020,COUNTY,Roscommon,TOTAL_CATTLE,0.0,0.0,0.0,216822.0,0.0
2020,COUNTY,Sligo,TOTAL_CATTLE,0.0,176.0,176.0,113500.0,0.155
2020,COUNTY,Tipperary,TOTAL_CATTLE,0.0,540.0,540.0,700300.0,0.077
2020,COUNTY,Waterford,TOTAL_CATTLE,0.0,1112.0,1112.0,270600.0,0.411
2020,COUNTY,Westmeath,TOTAL_CATTLE,0.0,595.0,595.0,232000.0,0.256
2020,COUNTY,Wexford,TOTAL_CATTLE,0.0,0.0,0.0,301600.0,0.0
2020,COUNTY,Wicklow,TOTAL_CATTLE,0.0,188.0,188.0,131400.0,0.143
2020,WFD_CATCHMENT,Ballyteigue-Bannow,TOTAL_CATTLE,0.0,0.0,0.0,84869.3,0.0
2020,WFD_CATCHMENT,Bandon-Ilen,TOTAL_CATTLE,0.0,115.0,115.0,309992.7,0.037
2020,WFD_CATCHMENT,Barrow,TOTAL_CATTLE,0.0,438.0,438.0,350767.7,0.125
2020,WFD_CATCHMENT,Blacksod-Broadhaven,TOTAL_CATTLE,0.0,0.0,0.0,24354.4,0.0
2020,WFD_CATCHMENT,Blackwater (Munster),TOTAL_CATTLE,0.0,644.1,644.1,526086.2,0.122
2020,WFD_CATCHMENT,Boyne,TOTAL_CATTLE,0.0,111.0,111.0,363714.4,0.031
2020,WFD_CATCHMENT,Colligan-Mahon,TOTAL_CATTLE,0.0,280.9,280.9,100588.3,0.279
2020,WFD_CATCHMENT,Corrib,TOTAL_CATTLE,0.0,134.6,134.6,256630.2,0.052
2020,WFD_CATCHMENT,Donagh-Moville,TOTAL_CATTLE,0.0,0.0,0.0,23265.5,0.0
2020,WFD_CATCHMENT,Donegal Bay North,TOTAL_CATTLE,0.0,0.0,0.0,14259.7,0.0
2020,WFD_CATCHMENT,Dunmanus-Bantry-Kenmare,TOTAL_CATTLE,0.0,0.0,0.0,59549.9,0.0
2020,WFD_CATCHMENT,Erne,TOTAL_CATTLE,0.0,122.0,122.0,294961.4,0.041
2020,WFD_CATCHMENT,Erriff-Clew Bay,TOTAL_CATTLE,0.0,0.0,0.0,23280.0,0.0
2020,WFD_CATCHMENT,Foyle,TOTAL_CATTLE,0.0,0.0,0.0,64325.2,0.0
2020,WFD_CATCHMENT,Galway Bay North,TOTAL_CATTLE,0.0,0.0,0.0,13478.6,0.0
2020,WFD_CATCHMENT,Galway Bay South East,TOTAL_CATTLE,0.0,194.4,194.4,123058.9,0.158
2020,WFD_CATCHMENT,Gweebarra-Sheephaven,TOTAL_CATTLE,0.0,0.0,0.0,22774.2,0.0
2020,WFD_CATCHMENT,Laune-Maine-Dingle Bay,TOTAL_CATTLE,0.0,73.0,73.0,132615.4,0.055
2020,WFD_CATCHMENT,"Lee, Cork Harbour and Youghal Bay",TOTAL_CATTLE,0.0,502.9,502.9,326899.4,0.154
2020,WFD_CATCHMENT,Liffey and Dublin Bay,TOTAL_CATTLE,0.0,1195.2,1195.2,79478.2,1.504
2020,WFD_CATCHMENT,Lough Neagh & Lower Bann,TOTAL_CATTLE,0.0,0.0,0.0,57391.4,0.0
2020,WFD_CATCHMENT,Lough Swilly,TOTAL_CATTLE,0.0,13.0,13.0,54481.7,0.024
2020,WFD_CATCHMENT,Lower Shannon,TOTAL_CATTLE,0.0,557.0,557.0,662330.7,0.084
2020,WFD_CATCHMENT,Mal Bay,TOTAL_CATTLE,0.0,0.0,0.0,73955.4,0.0
2020,WFD_CATCHMENT,Moy & Killala Bay,TOTAL_CATTLE,0.0,234.0,234.0,162547.0,0.144
2020,WFD_CATCHMENT,Nanny-Delvin,TOTAL_CATTLE,0.0,82.8,82.8,64082.7,0.129
2020,WFD_CATCHMENT,"Newry, Fane, Glyde and Dee",TOTAL_CATTLE,0.0,217.0,217.0,198361.9,0.109
2020,WFD_CATCHMENT,Nore,TOTAL_CATTLE,0.0,189.0,189.0,468447.9,0.04
2020,WFD_CATCHMENT,Ovoca-Vartry,TOTAL_CATTLE,0.0,284.0,284.0,63089.2,0.45
2020,WFD_CATCHMENT,Owenavorragh,TOTAL_CATTLE,0.0,0.0,0.0,64476.8,0.0
2020,WFD_CATCHMENT,Shannon Estuary North,TOTAL_CATTLE,0.0,0.0,0.0,168495.9,0.0
2020,WFD_CATCHMENT,Shannon Estuary South,TOTAL_CATTLE,0.0,242.0,242.0,387497.7,0.062
2020,WFD_CATCHMENT,Slaney & Wexford Harbour,TOTAL_CATTLE,0.0,92.0,92.0,229398.8,0.04
2020,WFD_CATCHMENT,Sligo Bay,TOTAL_CATTLE,0.0,176.0,176.0,89540.0,0.197
2020,WFD_CATCHMENT,Suir,TOTAL_CATTLE,0.0,1371.1,1371.1,579424.7,0.237
2020,WFD_CATCHMENT,Tralee Bay-Feale,TOTAL_CATTLE,0.0,0.0,0.0,203999.5,0.0
2020,WFD_CATCHMENT,Upper Shannon,TOTAL_CATTLE,0.0,397.0,397.0,592072.0,0.067
2020,STATE,STATE,TOTAL_CATTLE,0.0,7666.0,7666.0,7314543.0,0.105
2020,COUNTY,Carlow,DAIRY_COW,0.0,0.0,0.0,18004.0,0.0
2020,COUNTY,Cavan,DAIRY_COW,0.0,0.0,0.0,39304.0,0.0
2020,COUNTY,Clare,DAIRY_COW,0.0,0.0,0.0,34904.0,0.0
2020,COUNTY,Cork,DAIRY_COW,0.0,185.0,185.0,389103.0,0.048
2020,COUNTY,Donegal,DAIRY_COW,0.0,0.0,0.0,22203.0,0.0
2020,COUNTY,Dublin,DAIRY_COW,0.0,50.0,50.0,3003.0,1.665
2020,COUNTY,Galway,DAIRY_COW,0.0,0.0,0.0,39403.0,0.0
2020,COUNTY,Kerry,DAIRY_COW,0.0,39.0,39.0,102403.0,0.038
2020,COUNTY,Kildare,DAIRY_COW,0.0,0.0,0.0,20503.0,0.0
2020,COUNTY,Kilkenny,DAIRY_COW,0.0,102.0,102.0,101003.0,0.101
2020,COUNTY,Laois,DAIRY_COW,0.0,43.0,43.0,50303.0,0.085
2020,COUNTY,Leitrim,DAIRY_COW,0.0,0.0,0.0,1803.0,0.0
2020,COUNTY,Limerick,DAIRY_COW,0.0,26.0,26.0,125403.0,0.021
2020,COUNTY,Longford,DAIRY_COW,0.0,0.0,0.0,11803.0,0.0
2020,COUNTY,Louth,DAIRY_COW,0.0,0.0,0.0,19003.0,0.0
2020,COUNTY,Mayo,DAIRY_COW,0.0,99.0,99.0,19003.0,0.521
2020,COUNTY,Meath,DAIRY_COW,0.0,0.0,0.0,67203.0,0.0
2020,COUNTY,Monaghan,DAIRY_COW,0.0,91.0,91.0,38303.0,0.238
2020,COUNTY,Offaly,DAIRY_COW,0.0,0.0,0.0,35703.0,0.0
2020,COUNTY,Roscommon,DAIRY_COW,0.0,0.0,0.0,8903.0,0.0
2020,COUNTY,Sligo,DAIRY_COW,0.0,0.0,0.0,8303.0,0.0
2020,COUNTY,Tipperary,DAIRY_COW,0.0,52.0,52.0,180403.0,0.029
2020,COUNTY,Waterford,DAIRY_COW,0.0,450.0,450.0,89903.0,0.501
2020,COUNTY,Westmeath,DAIRY_COW,0.0,106.0,106.0,31503.0,0.336
2020,COUNTY,Wexford,DAIRY_COW,0.0,0.0,0.0,83703.0,0.0
2020,COUNTY,Wicklow,DAIRY_COW,0.0,50.0,50.0,26603.0,0.188
2020,WFD_CATCHMENT,Ballyteigue-Bannow,DAIRY_COW,0.0,0.0,0.0,23898.7,0.0
2020,WFD_CATCHMENT,Bandon-Ilen,DAIRY_COW,0.0,62.0,62.0,117281.7,0.053
2020,WFD_CATCHMENT,Barrow,DAIRY_COW,0.0,43.0,43.0,63874.0,0.067
2020,WFD_CATCHMENT,Blacksod-Broadhaven,DAIRY_COW,0.0,0.0,0.0,1182.9,0.0
2020,WFD_CATCHMENT,Blackwater (Munster),DAIRY_COW,0.0,0.0,0.0,178612.1,0.0
2020,WFD_CATCHMENT,Boyne,DAIRY_COW,0.0,0.0,0.0,65224.8,0.0
2020,WFD_CATCHMENT,Colligan-Mahon,DAIRY_COW,0.0,1.6,1.6,33403.2,0.005
2020,WFD_CATCHMENT,Corrib,DAIRY_COW,0.0,0.0,0.0,18843.0,0.0
2020,WFD_CATCHMENT,Donagh-Moville,DAIRY_COW,0.0,0.0,0.0,1712.2,0.0
2020,WFD_CATCHMENT,Donegal Bay North,DAIRY_COW,0.0,0.0,0.0,287.9,0.0
2020,WFD_CATCHMENT,Dunmanus-Bantry-Kenmare,DAIRY_COW,0.0,0.0,0.0,8685.4,0.0
2020,WFD_CATCHMENT,Erne,DAIRY_COW,0.0,0.0,0.0,47970.9,0.0
2020,WFD_CATCHMENT,Erriff-Clew Bay,DAIRY_COW,0.0,0.0,0.0,1092.9,0.0
2020,WFD_CATCHMENT,Foyle,DAIRY_COW,0.0,0.0,0.0,12474.6,0.0
2020,WFD_CATCHMENT,Galway Bay North,DAIRY_COW,0.0,0.0,0.0,0.0,0.0
2020,WFD_CATCHMENT,Galway Bay South East,DAIRY_COW,0.0,0.0,0.0,12109.2,0.0
2020,WFD_CATCHMENT,Gweebarra-Sheephaven,DAIRY_COW,0.0,0.0,0.0,1052.5,0.0
2020,WFD_CATCHMENT,Laune-Maine-Dingle Bay,DAIRY_COW,0.0,39.0,39.0,35884.1,0.109
2020,WFD_CATCHMENT,"Lee, Cork Harbour and Youghal Bay",DAIRY_COW,0.0,123.0,123.0,116404.4,0.106
2020,WFD_CATCHMENT,Liffey and Dublin Bay,DAIRY_COW,0.0,25.0,25.0,9951.1,0.251
2020,WFD_CATCHMENT,Lough Neagh & Lower Bann,DAIRY_COW,0.0,0.0,0.0,10276.3,0.0
2020,WFD_CATCHMENT,Lough Swilly,DAIRY_COW,0.0,0.0,0.0,6141.8,0.0
2020,WFD_CATCHMENT,Lower Shannon,DAIRY_COW,0.0,132.0,132.0,122436.8,0.108
2020,WFD_CATCHMENT,Mal Bay,DAIRY_COW,0.0,0.0,0.0,8395.5,0.0
2020,WFD_CATCHMENT,Moy & Killala Bay,DAIRY_COW,0.0,99.0,99.0,10944.7,0.905
2020,WFD_CATCHMENT,Nanny-Delvin,DAIRY_COW,0.0,25.0,25.0,15349.0,0.163
2020,WFD_CATCHMENT,"Newry, Fane, Glyde and Dee",DAIRY_COW,0.0,91.0,91.0,34018.0,0.268
2020,WFD_CATCHMENT,Nore,DAIRY_COW,0.0,102.0,102.0,114661.4,0.089
2020,WFD_CATCHMENT,Ovoca-Vartry,DAIRY_COW,0.0,50.0,50.0,13251.0,0.377
2020,WFD_CATCHMENT,Owenavorragh,DAIRY_COW,0.0,0.0,0.0,19336.2,0.0
2020,WFD_CATCHMENT,Shannon Estuary North,DAIRY_COW,0.0,0.0,0.0,19479.8,0.0
2020,WFD_CATCHMENT,Shannon Estuary South,DAIRY_COW,0.0,0.0,0.0,112528.5,0.0
2020,WFD_CATCHMENT,Slaney & Wexford Harbour,DAIRY_COW,0.0,0.0,0.0,51745.5,0.0
2020,WFD_CATCHMENT,Sligo Bay,DAIRY_COW,0.0,0.0,0.0,6265.4,0.0
2020,WFD_CATCHMENT,Suir,DAIRY_COW,0.0,500.4,500.4,163208.7,0.307
2020,WFD_CATCHMENT,Tralee Bay-Feale,DAIRY_COW,0.0,0.0,0.0,64649.0,0.0
2020,WFD_CATCHMENT,Upper Shannon,DAIRY_COW,0.0,0.0,0.0,45047.5,0.0
2020,STATE,STATE,DAIRY_COW,0.0,1293.0,1293.0,1567681.0,0.082
2020,COUNTY,Carlow,OTHER_COW,0.0,38.0,38.0,14996.0,0.253
2020,COUNTY,Cavan,OTHER_COW,0.0,19.0,19.0,42741.0,0.044
2020,COUNTY,Clare,OTHER_COW,0.0,0.0,0.0,70895.0,0.0
2020,COUNTY,Cork,OTHER_COW,0.0,38.0,38.0,72201.0,0.053
2020,COUNTY,Donegal,OTHER_COW,0.0,0.0,0.0,39696.0,0.0
2020,COUNTY,Dublin,OTHER_COW,0.0,352.0,352.0,3703.0,9.506
2020,COUNTY,Galway,OTHER_COW,0.0,70.0,70.0,100097.0,0.07
2020,COUNTY,Kerry,OTHER_COW,0.0,0.0,0.0,46598.0,0.0
2020,COUNTY,Kildare,OTHER_COW,0.0,0.0,0.0,17699.0,0.0
2020,COUNTY,Kilkenny,OTHER_COW,0.0,0.0,0.0,30796.0,0.0
2020,COUNTY,Laois,OTHER_COW,0.0,24.0,24.0,30898.0,0.078
2020,COUNTY,Leitrim,OTHER_COW,0.0,0.0,0.0,23785.0,0.0
2020,COUNTY,Limerick,OTHER_COW,0.0,0.0,0.0,36096.0,0.0
2020,COUNTY,Longford,OTHER_COW,0.0,0.0,0.0,25551.0,0.0
2020,COUNTY,Louth,OTHER_COW,0.0,6.0,6.0,11697.0,0.051
2020,COUNTY,Mayo,OTHER_COW,0.0,0.0,0.0,74196.0,0.0
2020,COUNTY,Meath,OTHER_COW,0.0,1.0,1.0,35710.0,0.003
2020,COUNTY,Monaghan,OTHER_COW,0.0,22.0,22.0,31293.0,0.07
2020,COUNTY,Offaly,OTHER_COW,0.0,83.0,83.0,30196.0,0.275
2020,COUNTY,Roscommon,OTHER_COW,0.0,0.0,0.0,53552.0,0.0
2020,COUNTY,Sligo,OTHER_COW,0.0,40.0,40.0,30396.0,0.132
2020,COUNTY,Tipperary,OTHER_COW,0.0,0.0,0.0,53197.0,0.0
2020,COUNTY,Waterford,OTHER_COW,0.0,0.0,0.0,18500.0,0.0
2020,COUNTY,Westmeath,OTHER_COW,0.0,116.0,116.0,37997.0,0.305
2020,COUNTY,Wexford,OTHER_COW,0.0,0.0,0.0,29696.0,0.0
2020,COUNTY,Wicklow,OTHER_COW,0.0,42.0,42.0,21098.0,0.199
2020,WFD_CATCHMENT,Ballyteigue-Bannow,OTHER_COW,0.0,0.0,0.0,6216.5,0.0
2020,WFD_CATCHMENT,Bandon-Ilen,OTHER_COW,0.0,0.0,0.0,21341.8,0.0
2020,WFD_CATCHMENT,Barrow,OTHER_COW,0.0,62.0,62.0,43970.1,0.141
2020,WFD_CATCHMENT,Blacksod-Broadhaven,OTHER_COW,0.0,0.0,0.0,9148.9,0.0
2020,WFD_CATCHMENT,Blackwater (Munster),OTHER_COW,0.0,25.0,25.0,30952.7,0.081
2020,WFD_CATCHMENT,Boyne,OTHER_COW,0.0,1.0,1.0,44507.0,0.002
2020,WFD_CATCHMENT,Colligan-Mahon,OTHER_COW,0.0,0.0,0.0,7065.4,0.0
2020,WFD_CATCHMENT,Corrib,OTHER_COW,0.0,22.7,22.7,53989.5,0.042
2020,WFD_CATCHMENT,Donagh-Moville,OTHER_COW,0.0,0.0,0.0,5697.7,0.0
2020,WFD_CATCHMENT,Donegal Bay North,OTHER_COW,0.0,0.0,0.0,5141.1,0.0
2020,WFD_CATCHMENT,Dunmanus-Bantry-Kenmare,OTHER_COW,0.0,0.0,0.0,17642.1,0.0
2020,WFD_CATCHMENT,Erne,OTHER_COW,0.0,41.0,41.0,57327.3,0.072
2020,WFD_CATCHMENT,Erriff-Clew Bay,OTHER_COW,0.0,0.0,0.0,8091.9,0.0
2020,WFD_CATCHMENT,Foyle,OTHER_COW,0.0,0.0,0.0,7068.1,0.0
2020,WFD_CATCHMENT,Galway Bay North,OTHER_COW,0.0,0.0,0.0,5776.4,0.0
2020,WFD_CATCHMENT,Galway Bay South East,OTHER_COW,0.0,47.3,47.3,31010.2,0.152
2020,WFD_CATCHMENT,Gweebarra-Sheephaven,OTHER_COW,0.0,0.0,0.0,8333.6,0.0
2020,WFD_CATCHMENT,Laune-Maine-Dingle Bay,OTHER_COW,0.0,0.0,0.0,22063.2,0.0
2020,WFD_CATCHMENT,"Lee, Cork Harbour and Youghal Bay",OTHER_COW,0.0,13.0,13.0,17434.4,0.074
2020,WFD_CATCHMENT,Liffey and Dublin Bay,OTHER_COW,0.0,314.6,314.6,11160.0,2.819
2020,WFD_CATCHMENT,Lough Neagh & Lower Bann,OTHER_COW,0.0,0.0,0.0,6496.9,0.0
2020,WFD_CATCHMENT,Lough Swilly,OTHER_COW,0.0,0.0,0.0,10576.3,0.0
2020,WFD_CATCHMENT,Lower Shannon,OTHER_COW,0.0,83.0,83.0,77937.0,0.106
2020,WFD_CATCHMENT,Mal Bay,OTHER_COW,0.0,0.0,0.0,20648.8,0.0
2020,WFD_CATCHMENT,Moy & Killala Bay,OTHER_COW,0.0,0.0,0.0,44498.8,0.0
2020,WFD_CATCHMENT,Nanny-Delvin,OTHER_COW,0.0,15.4,15.4,5958.7,0.259
2020,WFD_CATCHMENT,"Newry, Fane, Glyde and Dee",OTHER_COW,0.0,6.0,6.0,28618.5,0.021
2020,WFD_CATCHMENT,Nore,OTHER_COW,0.0,0.0,0.0,44165.1,0.0
2020,WFD_CATCHMENT,Ovoca-Vartry,OTHER_COW,0.0,64.0,64.0,10590.9,0.604
2020,WFD_CATCHMENT,Owenavorragh,OTHER_COW,0.0,0.0,0.0,6285.1,0.0
2020,WFD_CATCHMENT,Shannon Estuary North,OTHER_COW,0.0,0.0,0.0,38159.3,0.0
2020,WFD_CATCHMENT,Shannon Estuary South,OTHER_COW,0.0,0.0,0.0,27331.8,0.0
2020,WFD_CATCHMENT,Slaney & Wexford Harbour,OTHER_COW,0.0,0.0,0.0,29477.0,0.0
2020,WFD_CATCHMENT,Sligo Bay,OTHER_COW,0.0,40.0,40.0,24830.3,0.161
2020,WFD_CATCHMENT,Suir,OTHER_COW,0.0,0.0,0.0,40356.7,0.0
2020,WFD_CATCHMENT,Tralee Bay-Feale,OTHER_COW,0.0,0.0,0.0,18428.9,0.0
2020,WFD_CATCHMENT,Upper Shannon,OTHER_COW,0.0,116.0,116.0,134982.3,0.086
2020,STATE,STATE,OTHER_COW,0.0,851.0,851.0,983280.0,0.087
2020,COUNTY,Carlow,TOTAL_SHEEP,0.0,396.0,396.0,153832.0,0.257
2020,COUNTY,Cavan,TOTAL_SHEEP,0.0,0.0,0.0,113261.0,0.0
2020,COUNTY,Clare,TOTAL_SHEEP,0.0,0.0,0.0,52191.0,0.0
2020,COUNTY,Cork,TOTAL_SHEEP,0.0,0.0,0.0,235145.0,0.0
2020,COUNTY,Donegal,TOTAL_SHEEP,0.0,0.0,0.0,751974.0,0.0
2020,COUNTY,Dublin,TOTAL_SHEEP,0.0,4914.0,4914.0,38227.0,12.855
2020,COUNTY,Galway,TOTAL_SHEEP,0.0,167.0,167.0,601718.0,0.028
2020,COUNTY,Kerry,TOTAL_SHEEP,0.0,204.0,204.0,481856.0,0.042
2020,COUNTY,Kildare,TOTAL_SHEEP,0.0,0.0,0.0,156240.0,0.0
2020,COUNTY,Kilkenny,TOTAL_SHEEP,0.0,0.0,0.0,96047.0,0.0
2020,COUNTY,Laois,TOTAL_SHEEP,0.0,0.0,0.0,67898.0,0.0
2020,COUNTY,Leitrim,TOTAL_SHEEP,0.0,0.0,0.0,154721.0,0.0
2020,COUNTY,Limerick,TOTAL_SHEEP,0.0,0.0,0.0,40166.0,0.0
2020,COUNTY,Longford,TOTAL_SHEEP,0.0,0.0,0.0,58808.0,0.0
2020,COUNTY,Louth,TOTAL_SHEEP,0.0,0.0,0.0,77830.0,0.0
2020,COUNTY,Mayo,TOTAL_SHEEP,0.0,334.0,334.0,632516.0,0.053
2020,COUNTY,Meath,TOTAL_SHEEP,0.0,0.0,0.0,246301.0,0.0
2020,COUNTY,Monaghan,TOTAL_SHEEP,0.0,0.0,0.0,72670.0,0.0
2020,COUNTY,Offaly,TOTAL_SHEEP,0.0,0.0,0.0,100809.0,0.0
2020,COUNTY,Roscommon,TOTAL_SHEEP,0.0,166.0,166.0,276067.0,0.06
2020,COUNTY,Sligo,TOTAL_SHEEP,0.0,234.0,234.0,207776.0,0.113
2020,COUNTY,Tipperary,TOTAL_SHEEP,0.0,0.0,0.0,143744.0,0.0
2020,COUNTY,Waterford,TOTAL_SHEEP,0.0,396.0,396.0,98603.0,0.402
2020,COUNTY,Westmeath,TOTAL_SHEEP,0.0,387.0,387.0,146386.0,0.264
2020,COUNTY,Wexford,TOTAL_SHEEP,0.0,0.0,0.0,192219.0,0.0
2020,COUNTY,Wicklow,TOTAL_SHEEP,0.0,0.0,0.0,323203.0,0.0
2020,WFD_CATCHMENT,Ballyteigue-Bannow,TOTAL_SHEEP,0.0,0.0,0.0,37459.7,0.0
2020,WFD_CATCHMENT,Bandon-Ilen,TOTAL_SHEEP,0.0,0.0,0.0,31039.1,0.0
2020,WFD_CATCHMENT,Barrow,TOTAL_SHEEP,0.0,396.0,396.0,244813.6,0.162
2020,WFD_CATCHMENT,Blacksod-Broadhaven,TOTAL_SHEEP,0.0,0.0,0.0,120865.5,0.0
2020,WFD_CATCHMENT,Blackwater (Munster),TOTAL_SHEEP,0.0,0.0,0.0,69599.5,0.0
2020,WFD_CATCHMENT,Boyne,TOTAL_SHEEP,0.0,0.0,0.0,230576.3,0.0
2020,WFD_CATCHMENT,Colligan-Mahon,TOTAL_SHEEP,0.0,0.0,0.0,35092.4,0.0
2020,WFD_CATCHMENT,Corrib,TOTAL_SHEEP,0.0,167.0,167.0,438513.0,0.038
2020,WFD_CATCHMENT,Donagh-Moville,TOTAL_SHEEP,0.0,0.0,0.0,120469.4,0.0
2020,WFD_CATCHMENT,Donegal Bay North,TOTAL_SHEEP,0.0,0.0,0.0,110629.1,0.0
2020,WFD_CATCHMENT,Dunmanus-Bantry-Kenmare,TOTAL_SHEEP,0.0,0.0,0.0,248473.5,0.0
2020,WFD_CATCHMENT,Erne,TOTAL_SHEEP,0.0,0.0,0.0,207888.8,0.0
2020,WFD_CATCHMENT,Erriff-Clew Bay,TOTAL_SHEEP,0.0,0.0,0.0,252656.3,0.0
2020,WFD_CATCHMENT,Foyle,TOTAL_SHEEP,0.0,0.0,0.0,151392.8,0.0
2020,WFD_CATCHMENT,Galway Bay North,TOTAL_SHEEP,0.0,0.0,0.0,45453.3,0.0
2020,WFD_CATCHMENT,Galway Bay South East,TOTAL_SHEEP,0.0,0.0,0.0,91933.2,0.0
2020,WFD_CATCHMENT,Gweebarra-Sheephaven,TOTAL_SHEEP,0.0,0.0,0.0,164466.6,0.0
2020,WFD_CATCHMENT,Laune-Maine-Dingle Bay,TOTAL_SHEEP,0.0,204.0,204.0,232708.0,0.088
2020,WFD_CATCHMENT,"Lee, Cork Harbour and Youghal Bay",TOTAL_SHEEP,0.0,0.0,0.0,71635.5,0.0
2020,WFD_CATCHMENT,Liffey and Dublin Bay,TOTAL_SHEEP,0.0,4543.3,4543.3,166741.5,2.725
2020,WFD_CATCHMENT,Lough Neagh & Lower Bann,TOTAL_SHEEP,0.0,0.0,0.0,21230.2,0.0
2020,WFD_CATCHMENT,Lough Swilly,TOTAL_SHEEP,0.0,0.0,0.0,180016.4,0.0
2020,WFD_CATCHMENT,Lower Shannon,TOTAL_SHEEP,0.0,0.0,0.0,231753.9,0.0
2020,WFD_CATCHMENT,Mal Bay,TOTAL_SHEEP,0.0,0.0,0.0,9554.8,0.0
2020,WFD_CATCHMENT,Moy & Killala Bay,TOTAL_SHEEP,0.0,334.0,334.0,151889.8,0.22
2020,WFD_CATCHMENT,Nanny-Delvin,TOTAL_SHEEP,0.0,370.7,370.7,47664.9,0.778
2020,WFD_CATCHMENT,"Newry, Fane, Glyde and Dee",TOTAL_SHEEP,0.0,0.0,0.0,133926.9,0.0
2020,WFD_CATCHMENT,Nore,TOTAL_SHEEP,0.0,0.0,0.0,106200.8,0.0
2020,WFD_CATCHMENT,Ovoca-Vartry,TOTAL_SHEEP,0.0,0.0,0.0,174563.7,0.0
2020,WFD_CATCHMENT,Owenavorragh,TOTAL_SHEEP,0.0,0.0,0.0,29465.0,0.0
2020,WFD_CATCHMENT,Shannon Estuary North,TOTAL_SHEEP,0.0,0.0,0.0,29547.3,0.0
2020,WFD_CATCHMENT,Shannon Estuary South,TOTAL_SHEEP,0.0,0.0,0.0,25299.8,0.0
2020,WFD_CATCHMENT,Slaney & Wexford Harbour,TOTAL_SHEEP,0.0,0.0,0.0,268068.1,0.0
2020,WFD_CATCHMENT,Sligo Bay,TOTAL_SHEEP,0.0,234.0,234.0,215443.4,0.109
2020,WFD_CATCHMENT,Suir,TOTAL_SHEEP,0.0,396.0,396.0,135945.1,0.291
2020,WFD_CATCHMENT,Tralee Bay-Feale,TOTAL_SHEEP,0.0,0.0,0.0,95616.8,0.0
2020,WFD_CATCHMENT,Upper Shannon,TOTAL_SHEEP,0.0,553.0,553.0,591613.8,0.093
2020,STATE,STATE,TOTAL_SHEEP,0.0,7198.0,7198.0,5520208.0,0.13
2010,COUNTY,Carlow,TOTAL_CATTLE,0.0,62.0,62.0,93828.0,0.066
2010,COUNTY,Cavan,TOTAL_CATTLE,0.0,31.0,31.0,219409.0,0.014
2010,COUNTY,Clare,TOTAL_CATTLE,0.0,0.0,0.0,277211.0,0.0
2010,COUNTY,Cork,TOTAL_CATTLE,101.0,306.0,407.0,990265.0,0.041
2010,COUNTY,Donegal,TOTAL_CATTLE,0.0,31.0,31.0,191715.0,0.016
2010,COUNTY,Dublin,TOTAL_CATTLE,270.0,1453.0,1723.0,23648.0,7.286
2010,COUNTY,Galway,TOTAL_CATTLE,207.0,155.0,362.0,420127.0,0.086
2010,COUNTY,Kerry,TOTAL_CATTLE,0.0,381.0,381.0,324531.0,0.117
2010,COUNTY,Kildare,TOTAL_CATTLE,0.0,30.0,30.0,125107.0,0.024
2010,COUNTY,Kilkenny,TOTAL_CATTLE,0.0,60.0,60.0,320009.0,0.019
2010,COUNTY,Laois,TOTAL_CATTLE,0.0,347.0,347.0,224276.0,0.155
2010,COUNTY,Leitrim,TOTAL_CATTLE,0.0,0.0,0.0,68795.0,0.0
2010,COUNTY,Limerick,TOTAL_CATTLE,0.0,224.0,224.0,387771.0,0.058
2010,COUNTY,Longford,TOTAL_CATTLE,0.0,30.0,30.0,114596.0,0.026
2010,COUNTY,Louth,TOTAL_CATTLE,0.0,62.0,62.0,80899.0,0.077
2010,COUNTY,Mayo,TOTAL_CATTLE,181.0,305.0,486.0,281428.0,0.173
2010,COUNTY,Meath,TOTAL_CATTLE,0.0,93.0,93.0,295513.0,0.031
2010,COUNTY,Monaghan,TOTAL_CATTLE,160.0,30.0,190.0,199529.0,0.095
2010,COUNTY,Offaly,TOTAL_CATTLE,0.0,274.0,274.0,222904.0,0.123
2010,COUNTY,Roscommon,TOTAL_CATTLE,0.0,31.0,31.0,206715.0,0.015
2010,COUNTY,Sligo,TOTAL_CATTLE,439.0,31.0,470.0,115840.0,0.406
2010,COUNTY,Tipperary,TOTAL_CATTLE,0.0,1670.0,1670.0,600472.0,0.278
2010,COUNTY,Waterford,TOTAL_CATTLE,0.0,552.0,552.0,240634.0,0.229
2010,COUNTY,Westmeath,TOTAL_CATTLE,0.0,93.0,93.0,206669.0,0.045
2010,COUNTY,Wexford,TOTAL_CATTLE,0.0,0.0,0.0,255844.0,0.0
2010,COUNTY,Wicklow,TOTAL_CATTLE,0.0,62.0,62.0,118850.0,0.052
2010,WFD_CATCHMENT,Ballyteigue-Bannow,TOTAL_CATTLE,0.0,0.0,0.0,71420.5,0.0
2010,WFD_CATCHMENT,Bandon-Ilen,TOTAL_CATTLE,101.0,31.0,132.0,294614.9,0.045
2010,WFD_CATCHMENT,Barrow,TOTAL_CATTLE,0.0,408.0,408.0,300108.1,0.136
2010,WFD_CATCHMENT,Blacksod-Broadhaven,TOTAL_CATTLE,0.0,0.0,0.0,24499.7,0.0
2010,WFD_CATCHMENT,Blackwater (Munster),TOTAL_CATTLE,0.0,192.5,192.5,445290.0,0.043
2010,WFD_CATCHMENT,Boyne,TOTAL_CATTLE,0.0,93.0,93.0,332606.7,0.028
2010,WFD_CATCHMENT,Colligan-Mahon,TOTAL_CATTLE,0.0,366.3,366.3,95717.1,0.383
2010,WFD_CATCHMENT,Corrib,TOTAL_CATTLE,90.1,82.9,173.0,244612.7,0.071
2010,WFD_CATCHMENT,Donagh-Moville,TOTAL_CATTLE,0.0,0.0,0.0,24558.0,0.0
2010,WFD_CATCHMENT,Donegal Bay North,TOTAL_CATTLE,0.0,0.0,0.0,16237.4,0.0
2010,WFD_CATCHMENT,Dunmanus-Bantry-Kenmare,TOTAL_CATTLE,0.0,0.0,0.0,57459.5,0.0
2010,WFD_CATCHMENT,Erne,TOTAL_CATTLE,0.0,31.0,31.0,280188.4,0.011
2010,WFD_CATCHMENT,Erriff-Clew Bay,TOTAL_CATTLE,0.0,0.0,0.0,24556.3,0.0
2010,WFD_CATCHMENT,Foyle,TOTAL_CATTLE,0.0,0.0,0.0,63774.5,0.0
2010,WFD_CATCHMENT,Galway Bay North,TOTAL_CATTLE,0.0,0.0,0.0,12690.3,0.0
2010,WFD_CATCHMENT,Galway Bay South East,TOTAL_CATTLE,116.9,72.1,189.0,115255.3,0.164
2010,WFD_CATCHMENT,Gweebarra-Sheephaven,TOTAL_CATTLE,0.0,0.0,0.0,23211.8,0.0
2010,WFD_CATCHMENT,Laune-Maine-Dingle Bay,TOTAL_CATTLE,0.0,350.0,350.0,125203.4,0.28
2010,WFD_CATCHMENT,"Lee, Cork Harbour and Youghal Bay",TOTAL_CATTLE,0.0,113.5,113.5,297686.9,0.038
2010,WFD_CATCHMENT,Liffey and Dublin Bay,TOTAL_CATTLE,270.0,1339.3,1609.3,77279.5,2.082
2010,WFD_CATCHMENT,Lough Neagh & Lower Bann,TOTAL_CATTLE,0.0,0.0,0.0,52761.6,0.0
2010,WFD_CATCHMENT,Lough Swilly,TOTAL_CATTLE,0.0,31.0,31.0,55231.1,0.056
2010,WFD_CATCHMENT,Lower Shannon,TOTAL_CATTLE,0.0,336.0,336.0,576891.9,0.058
2010,WFD_CATCHMENT,Mal Bay,TOTAL_CATTLE,0.0,0.0,0.0,72211.2,0.0
2010,WFD_CATCHMENT,Moy & Killala Bay,TOTAL_CATTLE,181.0,305.0,486.0,163098.7,0.298
2010,WFD_CATCHMENT,Nanny-Delvin,TOTAL_CATTLE,0.0,83.7,83.7,54076.6,0.155
2010,WFD_CATCHMENT,"Newry, Fane, Glyde and Dee",TOTAL_CATTLE,160.0,92.0,252.0,178316.5,0.141
2010,WFD_CATCHMENT,Nore,TOTAL_CATTLE,0.0,60.0,60.0,399162.7,0.015
2010,WFD_CATCHMENT,Ovoca-Vartry,TOTAL_CATTLE,0.0,92.0,92.0,58332.7,0.158
2010,WFD_CATCHMENT,Owenavorragh,TOTAL_CATTLE,0.0,0.0,0.0,51819.5,0.0
2010,WFD_CATCHMENT,Shannon Estuary North,TOTAL_CATTLE,0.0,0.0,0.0,157066.3,0.0
2010,WFD_CATCHMENT,Shannon Estuary South,TOTAL_CATTLE,0.0,193.0,193.0,325221.3,0.059
2010,WFD_CATCHMENT,Slaney & Wexford Harbour,TOTAL_CATTLE,0.0,31.0,31.0,196214.5,0.016
2010,WFD_CATCHMENT,Sligo Bay,TOTAL_CATTLE,439.0,31.0,470.0,92450.2,0.508
2010,WFD_CATCHMENT,Suir,TOTAL_CATTLE,0.0,1824.7,1824.7,498261.0,0.366
2010,WFD_CATCHMENT,Tralee Bay-Feale,TOTAL_CATTLE,0.0,31.0,31.0,186329.3,0.017
2010,WFD_CATCHMENT,Upper Shannon,TOTAL_CATTLE,0.0,123.0,123.0,562168.6,0.022
2010,STATE,STATE,TOTAL_CATTLE,1358.0,6313.0,7671.0,6606585.0,0.116
2010,COUNTY,Carlow,DAIRY_COW,0.0,0.0,0.0,10406.0,0.0
2010,COUNTY,Cavan,DAIRY_COW,0.0,0.0,0.0,30684.0,0.0
2010,COUNTY,Clare,DAIRY_COW,0.0,0.0,0.0,26763.0,0.0
2010,COUNTY,Cork,DAIRY_COW,0.0,140.0,140.0,283372.0,0.049
2010,COUNTY,Donegal,DAIRY_COW,0.0,0.0,0.0,16326.0,0.0
2010,COUNTY,Dublin,DAIRY_COW,0.0,43.0,43.0,2181.0,1.972
2010,COUNTY,Galway,DAIRY_COW,0.0,15.0,15.0,26630.0,0.056
2010,COUNTY,Kerry,DAIRY_COW,0.0,0.0,0.0,85389.0,0.0
2010,COUNTY,Kildare,DAIRY_COW,0.0,0.0,0.0,11583.0,0.0
2010,COUNTY,Kilkenny,DAIRY_COW,0.0,0.0,0.0,57694.0,0.0
2010,COUNTY,Laois,DAIRY_COW,0.0,0.0,0.0,26728.0,0.0
2010,COUNTY,Leitrim,DAIRY_COW,0.0,0.0,0.0,2860.0,0.0
2010,COUNTY,Limerick,DAIRY_COW,0.0,0.0,0.0,93645.0,0.0
2010,COUNTY,Longford,DAIRY_COW,0.0,14.0,14.0,7228.0,0.194
2010,COUNTY,Louth,DAIRY_COW,0.0,0.0,0.0,12082.0,0.0
2010,COUNTY,Mayo,DAIRY_COW,0.0,0.0,0.0,16667.0,0.0
2010,COUNTY,Meath,DAIRY_COW,0.0,0.0,0.0,43358.0,0.0
2010,COUNTY,Monaghan,DAIRY_COW,0.0,0.0,0.0,30192.0,0.0
2010,COUNTY,Offaly,DAIRY_COW,0.0,0.0,0.0,21519.0,0.0
2010,COUNTY,Roscommon,DAIRY_COW,0.0,0.0,0.0,7084.0,0.0
2010,COUNTY,Sligo,DAIRY_COW,0.0,102.0,102.0,8866.0,1.15
2010,COUNTY,Tipperary,DAIRY_COW,0.0,116.0,116.0,113250.0,0.102
2010,COUNTY,Waterford,DAIRY_COW,0.0,145.0,145.0,54729.0,0.265
2010,COUNTY,Westmeath,DAIRY_COW,0.0,0.0,0.0,15932.0,0.0
2010,COUNTY,Wexford,DAIRY_COW,0.0,0.0,0.0,49309.0,0.0
2010,COUNTY,Wicklow,DAIRY_COW,0.0,15.0,15.0,16278.0,0.092
2010,WFD_CATCHMENT,Ballyteigue-Bannow,DAIRY_COW,0.0,0.0,0.0,13366.4,0.0
2010,WFD_CATCHMENT,Bandon-Ilen,DAIRY_COW,0.0,50.0,50.0,88931.1,0.056
2010,WFD_CATCHMENT,Barrow,DAIRY_COW,0.0,0.0,0.0,33275.9,0.0
2010,WFD_CATCHMENT,Blacksod-Broadhaven,DAIRY_COW,0.0,0.0,0.0,845.5,0.0
2010,WFD_CATCHMENT,Blackwater (Munster),DAIRY_COW,0.0,64.4,64.4,124446.7,0.052
2010,WFD_CATCHMENT,Boyne,DAIRY_COW,0.0,0.0,0.0,42611.8,0.0
2010,WFD_CATCHMENT,Colligan-Mahon,DAIRY_COW,0.0,100.2,100.2,20648.5,0.485
2010,WFD_CATCHMENT,Corrib,DAIRY_COW,0.0,0.0,0.0,14071.0,0.0
2010,WFD_CATCHMENT,Donagh-Moville,DAIRY_COW,0.0,0.0,0.0,1639.6,0.0
2010,WFD_CATCHMENT,Donegal Bay North,DAIRY_COW,0.0,0.0,0.0,292.8,0.0
2010,WFD_CATCHMENT,Dunmanus-Bantry-Kenmare,DAIRY_COW,0.0,0.0,0.0,5340.3,0.0
2010,WFD_CATCHMENT,Erne,DAIRY_COW,0.0,0.0,0.0,38202.6,0.0
2010,WFD_CATCHMENT,Erriff-Clew Bay,DAIRY_COW,0.0,0.0,0.0,964.5,0.0
2010,WFD_CATCHMENT,Foyle,DAIRY_COW,0.0,0.0,0.0,8838.5,0.0
2010,WFD_CATCHMENT,Galway Bay North,DAIRY_COW,0.0,0.0,0.0,41.2,0.0
2010,WFD_CATCHMENT,Galway Bay South East,DAIRY_COW,0.0,15.0,15.0,8287.0,0.181
2010,WFD_CATCHMENT,Gweebarra-Sheephaven,DAIRY_COW,0.0,0.0,0.0,771.5,0.0
2010,WFD_CATCHMENT,Laune-Maine-Dingle Bay,DAIRY_COW,0.0,0.0,0.0,28888.4,0.0
2010,WFD_CATCHMENT,"Lee, Cork Harbour and Youghal Bay",DAIRY_COW,0.0,25.6,25.6,84757.0,0.03
2010,WFD_CATCHMENT,Liffey and Dublin Bay,DAIRY_COW,0.0,29.0,29.0,7029.0,0.413
2010,WFD_CATCHMENT,Lough Neagh & Lower Bann,DAIRY_COW,0.0,0.0,0.0,7933.3,0.0
2010,WFD_CATCHMENT,Lough Swilly,DAIRY_COW,0.0,0.0,0.0,4401.9,0.0
2010,WFD_CATCHMENT,Lower Shannon,DAIRY_COW,0.0,0.0,0.0,75220.1,0.0
2010,WFD_CATCHMENT,Mal Bay,DAIRY_COW,0.0,0.0,0.0,6560.9,0.0
2010,WFD_CATCHMENT,Moy & Killala Bay,DAIRY_COW,0.0,0.0,0.0,10606.6,0.0
2010,WFD_CATCHMENT,Nanny-Delvin,DAIRY_COW,0.0,14.0,14.0,9941.2,0.141
2010,WFD_CATCHMENT,"Newry, Fane, Glyde and Dee",DAIRY_COW,0.0,0.0,0.0,23590.9,0.0
2010,WFD_CATCHMENT,Nore,DAIRY_COW,0.0,0.0,0.0,63753.5,0.0
2010,WFD_CATCHMENT,Ovoca-Vartry,DAIRY_COW,0.0,15.0,15.0,8866.6,0.169
2010,WFD_CATCHMENT,Owenavorragh,DAIRY_COW,0.0,0.0,0.0,11526.9,0.0
2010,WFD_CATCHMENT,Shannon Estuary North,DAIRY_COW,0.0,0.0,0.0,15456.9,0.0
2010,WFD_CATCHMENT,Shannon Estuary South,DAIRY_COW,0.0,0.0,0.0,83129.3,0.0
2010,WFD_CATCHMENT,Slaney & Wexford Harbour,DAIRY_COW,0.0,0.0,0.0,30175.6,0.0
2010,WFD_CATCHMENT,Sligo Bay,DAIRY_COW,0.0,102.0,102.0,6664.8,1.53
2010,WFD_CATCHMENT,Suir,DAIRY_COW,0.0,160.8,160.8,103752.7,0.155
2010,WFD_CATCHMENT,Tralee Bay-Feale,DAIRY_COW,0.0,0.0,0.0,55800.5,0.0
2010,WFD_CATCHMENT,Upper Shannon,DAIRY_COW,0.0,14.0,14.0,30123.9,0.046
2010,STATE,STATE,DAIRY_COW,0.0,590.0,590.0,1070755.0,0.055
2010,COUNTY,Carlow,OTHER_COW,0.0,15.0,15.0,17465.0,0.086
2010,COUNTY,Cavan,OTHER_COW,0.0,15.0,15.0,49114.0,0.031
2010,COUNTY,Clare,OTHER_COW,0.0,0.0,0.0,76933.0,0.0
2010,COUNTY,Cork,OTHER_COW,0.0,60.0,60.0,93837.0,0.064
2010,COUNTY,Donegal,OTHER_COW,0.0,15.0,15.0,47291.0,0.032
2010,COUNTY,Dublin,OTHER_COW,0.0,246.0,246.0,4066.0,6.05
2010,COUNTY,Galway,OTHER_COW,0.0,99.0,99.0,109124.0,0.091
2010,COUNTY,Kerry,OTHER_COW,0.0,48.0,48.0,48995.0,0.098
2010,COUNTY,Kildare,OTHER_COW,0.0,0.0,0.0,20438.0,0.0
2010,COUNTY,Kilkenny,OTHER_COW,0.0,14.0,14.0,41788.0,0.034
2010,COUNTY,Laois,OTHER_COW,0.0,39.0,39.0,37903.0,0.103
2010,COUNTY,Leitrim,OTHER_COW,0.0,0.0,0.0,26830.0,0.0
2010,COUNTY,Limerick,OTHER_COW,0.0,50.0,50.0,44153.0,0.113
2010,COUNTY,Longford,OTHER_COW,0.0,0.0,0.0,29112.0,0.0
2010,COUNTY,Louth,OTHER_COW,0.0,0.0,0.0,13114.0,0.0
2010,COUNTY,Mayo,OTHER_COW,0.0,111.0,111.0,82349.0,0.135
2010,COUNTY,Meath,OTHER_COW,0.0,15.0,15.0,44058.0,0.034
2010,COUNTY,Monaghan,OTHER_COW,35.0,0.0,35.0,35376.0,0.099
2010,COUNTY,Offaly,OTHER_COW,0.0,41.0,41.0,36441.0,0.113
2010,COUNTY,Roscommon,OTHER_COW,0.0,15.0,15.0,58931.0,0.025
2010,COUNTY,Sligo,OTHER_COW,0.0,81.0,81.0,33580.0,0.241
2010,COUNTY,Tipperary,OTHER_COW,0.0,97.0,97.0,74310.0,0.131
2010,COUNTY,Waterford,OTHER_COW,0.0,60.0,60.0,29826.0,0.201
2010,COUNTY,Westmeath,OTHER_COW,0.0,30.0,30.0,42645.0,0.07
2010,COUNTY,Wexford,OTHER_COW,0.0,0.0,0.0,36684.0,0.0
2010,COUNTY,Wicklow,OTHER_COW,0.0,15.0,15.0,24066.0,0.062
2010,WFD_CATCHMENT,Ballyteigue-Bannow,OTHER_COW,0.0,0.0,0.0,8768.5,0.0
2010,WFD_CATCHMENT,Bandon-Ilen,OTHER_COW,0.0,15.0,15.0,27232.5,0.055
2010,WFD_CATCHMENT,Barrow,OTHER_COW,0.0,54.0,54.0,53142.0,0.102
2010,WFD_CATCHMENT,Blacksod-Broadhaven,OTHER_COW,0.0,0.0,0.0,9720.8,0.0
2010,WFD_CATCHMENT,Blackwater (Munster),OTHER_COW,0.0,30.0,30.0,41799.7,0.072
2010,WFD_CATCHMENT,Boyne,OTHER_COW,0.0,15.0,15.0,54495.3,0.028
2010,WFD_CATCHMENT,Colligan-Mahon,OTHER_COW,0.0,15.0,15.0,12452.8,0.12
2010,WFD_CATCHMENT,Corrib,OTHER_COW,0.0,56.3,56.3,60887.4,0.092
2010,WFD_CATCHMENT,Donagh-Moville,OTHER_COW,0.0,0.0,0.0,6799.1,0.0
2010,WFD_CATCHMENT,Donegal Bay North,OTHER_COW,0.0,0.0,0.0,6084.7,0.0
2010,WFD_CATCHMENT,Dunmanus-Bantry-Kenmare,OTHER_COW,0.0,0.0,0.0,19270.9,0.0
2010,WFD_CATCHMENT,Erne,OTHER_COW,0.0,15.0,15.0,65417.7,0.023
2010,WFD_CATCHMENT,Erriff-Clew Bay,OTHER_COW,0.0,0.0,0.0,9205.1,0.0
2010,WFD_CATCHMENT,Foyle,OTHER_COW,0.0,0.0,0.0,9710.0,0.0
2010,WFD_CATCHMENT,Galway Bay North,OTHER_COW,0.0,0.0,0.0,5449.3,0.0
2010,WFD_CATCHMENT,Galway Bay South East,OTHER_COW,0.0,42.7,42.7,32583.6,0.131
2010,WFD_CATCHMENT,Gweebarra-Sheephaven,OTHER_COW,0.0,0.0,0.0,8665.2,0.0
2010,WFD_CATCHMENT,Laune-Maine-Dingle Bay,OTHER_COW,0.0,48.0,48.0,22643.3,0.212
2010,WFD_CATCHMENT,"Lee, Cork Harbour and Youghal Bay",OTHER_COW,0.0,30.0,30.0,24146.3,0.124
2010,WFD_CATCHMENT,Liffey and Dublin Bay,OTHER_COW,0.0,236.0,236.0,12680.9,1.861
2010,WFD_CATCHMENT,Lough Neagh & Lower Bann,OTHER_COW,0.0,0.0,0.0,7727.9,0.0
2010,WFD_CATCHMENT,Lough Swilly,OTHER_COW,0.0,15.0,15.0,12687.4,0.118
2010,WFD_CATCHMENT,Lower Shannon,OTHER_COW,0.0,56.0,56.0,94751.6,0.059
2010,WFD_CATCHMENT,Mal Bay,OTHER_COW,0.0,0.0,0.0,22599.8,0.0
2010,WFD_CATCHMENT,Moy & Killala Bay,OTHER_COW,0.0,111.0,111.0,48012.5,0.231
2010,WFD_CATCHMENT,Nanny-Delvin,OTHER_COW,0.0,10.0,10.0,7455.7,0.134
2010,WFD_CATCHMENT,"Newry, Fane, Glyde and Dee",OTHER_COW,35.0,0.0,35.0,32240.7,0.109
2010,WFD_CATCHMENT,Nore,OTHER_COW,0.0,14.0,14.0,57262.9,0.024
2010,WFD_CATCHMENT,Ovoca-Vartry,OTHER_COW,0.0,15.0,15.0,11518.8,0.13
2010,WFD_CATCHMENT,Owenavorragh,OTHER_COW,0.0,0.0,0.0,7199.7,0.0
2010,WFD_CATCHMENT,Shannon Estuary North,OTHER_COW,0.0,0.0,0.0,41509.7,0.0
2010,WFD_CATCHMENT,Shannon Estuary South,OTHER_COW,0.0,35.0,35.0,33490.0,0.105
2010,WFD_CATCHMENT,Slaney & Wexford Harbour,OTHER_COW,0.0,0.0,0.0,34460.5,0.0
2010,WFD_CATCHMENT,Sligo Bay,OTHER_COW,0.0,81.0,81.0,27797.6,0.291
2010,WFD_CATCHMENT,Suir,OTHER_COW,0.0,127.0,127.0,57453.5,0.221
2010,WFD_CATCHMENT,Tralee Bay-Feale,OTHER_COW,0.0,0.0,0.0,20564.4,0.0
2010,WFD_CATCHMENT,Upper Shannon,OTHER_COW,0.0,45.0,45.0,150541.0,0.03
2010,STATE,STATE,OTHER_COW,35.0,1066.0,1101.0,1158429.0,0.095
2010,COUNTY,Carlow,TOTAL_SHEEP,0.0,0.0,0.0,155119.0,0.0
2010,COUNTY,Cavan,TOTAL_SHEEP,0.0,0.0,0.0,68956.0,0.0
2010,COUNTY,Clare,TOTAL_SHEEP,0.0,0.0,0.0,39160.0,0.0
2010,COUNTY,Cork,TOTAL_SHEEP,0.0,210.0,210.0,252759.0,0.083
2010,COUNTY,Donegal,TOTAL_SHEEP,0.0,0.0,0.0,577249.0,0.0
2010,COUNTY,Dublin,TOTAL_SHEEP,0.0,2034.0,2034.0,39973.0,5.088
2010,COUNTY,Galway,TOTAL_SHEEP,0.0,840.0,840.0,531988.0,0.158
2010,COUNTY,Kerry,TOTAL_SHEEP,0.0,0.0,0.0,437664.0,0.0
2010,COUNTY,Kildare,TOTAL_SHEEP,0.0,210.0,210.0,138763.0,0.151
2010,COUNTY,Kilkenny,TOTAL_SHEEP,0.0,210.0,210.0,105790.0,0.199
2010,COUNTY,Laois,TOTAL_SHEEP,0.0,210.0,210.0,58663.0,0.358
2010,COUNTY,Leitrim,TOTAL_SHEEP,0.0,0.0,0.0,123464.0,0.0
2010,COUNTY,Limerick,TOTAL_SHEEP,0.0,0.0,0.0,29122.0,0.0
2010,COUNTY,Longford,TOTAL_SHEEP,0.0,0.0,0.0,38325.0,0.0
2010,COUNTY,Louth,TOTAL_SHEEP,0.0,0.0,0.0,65799.0,0.0
2010,COUNTY,Mayo,TOTAL_SHEEP,0.0,420.0,420.0,490834.0,0.086
2010,COUNTY,Meath,TOTAL_SHEEP,0.0,420.0,420.0,193653.0,0.217
2010,COUNTY,Monaghan,TOTAL_SHEEP,0.0,0.0,0.0,42459.0,0.0
2010,COUNTY,Offaly,TOTAL_SHEEP,0.0,0.0,0.0,86428.0,0.0
2010,COUNTY,Roscommon,TOTAL_SHEEP,0.0,210.0,210.0,243730.0,0.086
2010,COUNTY,Sligo,TOTAL_SHEEP,0.0,630.0,630.0,157341.0,0.4
2010,COUNTY,Tipperary,TOTAL_SHEEP,0.0,210.0,210.0,159084.0,0.132
2010,COUNTY,Waterford,TOTAL_SHEEP,0.0,420.0,420.0,89745.0,0.468
2010,COUNTY,Westmeath,TOTAL_SHEEP,0.0,0.0,0.0,116613.0,0.0
2010,COUNTY,Wexford,TOTAL_SHEEP,0.0,420.0,420.0,186329.0,0.225
2010,COUNTY,Wicklow,TOTAL_SHEEP,0.0,630.0,630.0,316414.0,0.199
2010,WFD_CATCHMENT,Ballyteigue-Bannow,TOTAL_SHEEP,0.0,0.0,0.0,30656.1,0.0
2010,WFD_CATCHMENT,Bandon-Ilen,TOTAL_SHEEP,0.0,210.0,210.0,36244.5,0.579
2010,WFD_CATCHMENT,Barrow,TOTAL_SHEEP,0.0,420.0,420.0,232847.2,0.18
2010,WFD_CATCHMENT,Blacksod-Broadhaven,TOTAL_SHEEP,0.0,0.0,0.0,83715.8,0.0
2010,WFD_CATCHMENT,Blackwater (Munster),TOTAL_SHEEP,0.0,0.0,0.0,71559.2,0.0
2010,WFD_CATCHMENT,Boyne,TOTAL_SHEEP,0.0,420.0,420.0,188343.2,0.223
2010,WFD_CATCHMENT,Colligan-Mahon,TOTAL_SHEEP,0.0,210.0,210.0,33288.7,0.631
2010,WFD_CATCHMENT,Corrib,TOTAL_SHEEP,0.0,212.1,212.1,400469.6,0.053
2010,WFD_CATCHMENT,Donagh-Moville,TOTAL_SHEEP,0.0,0.0,0.0,97099.5,0.0
2010,WFD_CATCHMENT,Donegal Bay North,TOTAL_SHEEP,0.0,0.0,0.0,91950.2,0.0
2010,WFD_CATCHMENT,Dunmanus-Bantry-Kenmare,TOTAL_SHEEP,0.0,0.0,0.0,234288.2,0.0
2010,WFD_CATCHMENT,Erne,TOTAL_SHEEP,0.0,0.0,0.0,128910.4,0.0
2010,WFD_CATCHMENT,Erriff-Clew Bay,TOTAL_SHEEP,0.0,0.0,0.0,203817.5,0.0
2010,WFD_CATCHMENT,Foyle,TOTAL_SHEEP,0.0,0.0,0.0,105506.1,0.0
2010,WFD_CATCHMENT,Galway Bay North,TOTAL_SHEEP,0.0,0.0,0.0,33399.4,0.0
2010,WFD_CATCHMENT,Galway Bay South East,TOTAL_SHEEP,0.0,627.9,627.9,84029.6,0.747
2010,WFD_CATCHMENT,Gweebarra-Sheephaven,TOTAL_SHEEP,0.0,0.0,0.0,120828.5,0.0
2010,WFD_CATCHMENT,Laune-Maine-Dingle Bay,TOTAL_SHEEP,0.0,0.0,0.0,211050.5,0.0
2010,WFD_CATCHMENT,"Lee, Cork Harbour and Youghal Bay",TOTAL_SHEEP,0.0,0.0,0.0,84186.0,0.0
2010,WFD_CATCHMENT,Liffey and Dublin Bay,TOTAL_SHEEP,0.0,1891.4,1891.4,163597.2,1.156
2010,WFD_CATCHMENT,Lough Neagh & Lower Bann,TOTAL_SHEEP,0.0,0.0,0.0,16048.3,0.0
2010,WFD_CATCHMENT,Lough Swilly,TOTAL_SHEEP,0.0,0.0,0.0,145507.6,0.0
2010,WFD_CATCHMENT,Lower Shannon,TOTAL_SHEEP,0.0,0.0,0.0,201554.5,0.0
2010,WFD_CATCHMENT,Mal Bay,TOTAL_SHEEP,0.0,0.0,0.0,7929.2,0.0
2010,WFD_CATCHMENT,Moy & Killala Bay,TOTAL_SHEEP,0.0,420.0,420.0,98453.1,0.427
2010,WFD_CATCHMENT,Nanny-Delvin,TOTAL_SHEEP,0.0,142.6,142.6,36608.2,0.389
2010,WFD_CATCHMENT,"Newry, Fane, Glyde and Dee",TOTAL_SHEEP,0.0,0.0,0.0,105501.2,0.0
2010,WFD_CATCHMENT,Nore,TOTAL_SHEEP,0.0,210.0,210.0,106265.5,0.198
2010,WFD_CATCHMENT,Ovoca-Vartry,TOTAL_SHEEP,0.0,630.0,630.0,171427.5,0.368
2010,WFD_CATCHMENT,Owenavorragh,TOTAL_SHEEP,0.0,210.0,210.0,27429.9,0.766
2010,WFD_CATCHMENT,Shannon Estuary North,TOTAL_SHEEP,0.0,0.0,0.0,22799.5,0.0
2010,WFD_CATCHMENT,Shannon Estuary South,TOTAL_SHEEP,0.0,0.0,0.0,21892.4,0.0
2010,WFD_CATCHMENT,Slaney & Wexford Harbour,TOTAL_SHEEP,0.0,210.0,210.0,265801.1,0.079
2010,WFD_CATCHMENT,Sligo Bay,TOTAL_SHEEP,0.0,630.0,630.0,166959.7,0.377
2010,WFD_CATCHMENT,Suir,TOTAL_SHEEP,0.0,420.0,420.0,134929.4,0.311
2010,WFD_CATCHMENT,Tralee Bay-Feale,TOTAL_SHEEP,0.0,0.0,0.0,82471.0,0.0
2010,WFD_CATCHMENT,Upper Shannon,TOTAL_SHEEP,0.0,210.0,210.0,498058.6,0.042
2010,STATE,STATE,TOTAL_SHEEP,0.0,7074.0,7074.0,4745424.0,0.149
