YEAR,VARIABLE,SOURCE,LAMBDA,TEST_CELLS,TEST_ERROR_PCT
2010,TOTAL_CATTLE,EQUAL_SPLIT,0.0,smallest 0.333 of published cells,35.48
2010,TOTAL_CATTLE,CENSUS_2000,0.25,smallest 0.333 of published cells,28.12
2010,TOTAL_CATTLE,CENSUS_2000,0.5,smallest 0.333 of published cells,23.64
2010,TOTAL_CATTLE,CENSUS_2000,0.75,smallest 0.333 of published cells,21.85
2010,TOTAL_CATTLE,CENSUS_2000,1.0,smallest 0.333 of published cells,23.2
2010,TOTAL_CATTLE,CENSUS_2020,0.25,smallest 0.333 of published cells,129.4
2010,TOTAL_CATTLE,CENSUS_2020,0.5,smallest 0.333 of published cells,92.48
2010,TOTAL_CATTLE,CENSUS_2020,0.75,smallest 0.333 of published cells,55.52
2010,TOTAL_CATTLE,CENSUS_2020,1.0,smallest 0.333 of published cells,46.64
2010,TOTAL_CATTLE,NONE,0.25,smallest 0.333 of published cells,526.66
2010,TOTAL_CATTLE,NONE,0.5,smallest 0.333 of published cells,317.82
2010,TOTAL_CATTLE,NONE,0.75,smallest 0.333 of published cells,108.99
2010,TOTAL_CATTLE,NONE,1.0,smallest 0.333 of published cells,100.0
2010,TOTAL_CATTLE,EQUAL_SPLIT,0.0,smallest 0.167 of published cells,36.81
2010,TOTAL_CATTLE,CENSUS_2000,0.25,smallest 0.167 of published cells,29.86
2010,TOTAL_CATTLE,CENSUS_2020,0.25,smallest 0.167 of published cells,59.6
2010,TOTAL_CATTLE,CENSUS_2000,0.5,smallest 0.167 of published cells,25.29
2010,TOTAL_CATTLE,CENSUS_2020,0.5,smallest 0.167 of published cells,46.8
2010,TOTAL_CATTLE,CENSUS_2000,0.75,smallest 0.167 of published cells,23.37
2010,TOTAL_CATTLE,CENSUS_2020,0.75,smallest 0.167 of published cells,36.69
2010,TOTAL_CATTLE,CENSUS_2000,1.0,smallest 0.167 of published cells,24.95
2010,TOTAL_CATTLE,CENSUS_2020,1.0,smallest 0.167 of published cells,48.71
2010,TOTAL_CATTLE,NONE,0.25,smallest 0.167 of published cells,317.59
2010,TOTAL_CATTLE,NONE,0.5,smallest 0.167 of published cells,178.37
2010,TOTAL_CATTLE,NONE,0.75,smallest 0.167 of published cells,41.2
2010,TOTAL_CATTLE,NONE,1.0,smallest 0.167 of published cells,100.0
2010,TOTAL_CATTLE,EQUAL_SPLIT,0.0,smallest 0.100 of published cells,35.56
2010,TOTAL_CATTLE,CENSUS_2000,0.25,smallest 0.100 of published cells,29.49
2010,TOTAL_CATTLE,CENSUS_2020,0.25,smallest 0.100 of published cells,38.68
2010,TOTAL_CATTLE,NONE,0.25,smallest 0.100 of published cells,163.72
2010,TOTAL_CATTLE,CENSUS_2000,0.5,smallest 0.100 of published cells,26.54
2010,TOTAL_CATTLE,CENSUS_2020,0.5,smallest 0.100 of published cells,31.12
2010,TOTAL_CATTLE,NONE,0.5,smallest 0.100 of published cells,75.88
2010,TOTAL_CATTLE,CENSUS_2000,0.75,smallest 0.100 of published cells,26.34
2010,TOTAL_CATTLE,CENSUS_2020,0.75,smallest 0.100 of published cells,31.67
2010,TOTAL_CATTLE,NONE,0.75,smallest 0.100 of published cells,33.26
2010,TOTAL_CATTLE,CENSUS_2000,1.0,smallest 0.100 of published cells,28.92
2010,TOTAL_CATTLE,CENSUS_2020,1.0,smallest 0.100 of published cells,44.94
2010,TOTAL_CATTLE,NONE,1.0,smallest 0.100 of published cells,100.0
2010,DAIRY_COW,EQUAL_SPLIT,0.0,smallest 0.333 of published cells,22.11
2010,DAIRY_COW,CENSUS_2000,0.25,smallest 0.333 of published cells,19.97
2010,DAIRY_COW,CENSUS_2020,0.25,smallest 0.333 of published cells,19.96
2010,DAIRY_COW,NATIONAL,0.25,smallest 0.333 of published cells,16.67
2010,DAIRY_COW,CENSUS_2000,0.5,smallest 0.333 of published cells,20.05
2010,DAIRY_COW,CENSUS_2020,0.5,smallest 0.333 of published cells,28.17
2010,DAIRY_COW,NATIONAL,0.5,smallest 0.333 of published cells,15.07
2010,DAIRY_COW,CENSUS_2000,0.75,smallest 0.333 of published cells,22.41
2010,DAIRY_COW,CENSUS_2020,0.75,smallest 0.333 of published cells,40.32
2010,DAIRY_COW,NATIONAL,0.75,smallest 0.333 of published cells,16.14
2010,DAIRY_COW,CENSUS_2000,1.0,smallest 0.333 of published cells,26.14
2010,DAIRY_COW,CENSUS_2020,1.0,smallest 0.333 of published cells,52.93
2010,DAIRY_COW,NATIONAL,1.0,smallest 0.333 of published cells,19.79
2010,DAIRY_COW,EQUAL_SPLIT,0.0,smallest 0.167 of published cells,19.24
2010,DAIRY_COW,CENSUS_2000,0.25,smallest 0.167 of published cells,17.98
2010,DAIRY_COW,CENSUS_2020,0.25,smallest 0.167 of published cells,18.44
2010,DAIRY_COW,NATIONAL,0.25,smallest 0.167 of published cells,8.74
2010,DAIRY_COW,CENSUS_2000,0.5,smallest 0.167 of published cells,18.88
2010,DAIRY_COW,CENSUS_2020,0.5,smallest 0.167 of published cells,28.8
2010,DAIRY_COW,NATIONAL,0.5,smallest 0.167 of published cells,15.7
2010,DAIRY_COW,CENSUS_2000,0.75,smallest 0.167 of published cells,21.38
2010,DAIRY_COW,CENSUS_2020,0.75,smallest 0.167 of published cells,40.7
2010,DAIRY_COW,NATIONAL,0.75,smallest 0.167 of published cells,22.65
2010,DAIRY_COW,CENSUS_2000,1.0,smallest 0.167 of published cells,25.53
2010,DAIRY_COW,CENSUS_2020,1.0,smallest 0.167 of published cells,52.51
2010,DAIRY_COW,NATIONAL,1.0,smallest 0.167 of published cells,29.6
2010,DAIRY_COW,EQUAL_SPLIT,0.0,smallest 0.100 of published cells,19.0
2010,DAIRY_COW,CENSUS_2000,0.25,smallest 0.100 of published cells,17.7
2010,DAIRY_COW,CENSUS_2020,0.25,smallest 0.100 of published cells,12.86
2010,DAIRY_COW,NATIONAL,0.25,smallest 0.100 of published cells,8.3
2010,DAIRY_COW,CENSUS_2000,0.5,smallest 0.100 of published cells,19.07
2010,DAIRY_COW,CENSUS_2020,0.5,smallest 0.100 of published cells,27.81
2010,DAIRY_COW,NATIONAL,0.5,smallest 0.100 of published cells,14.57
2010,DAIRY_COW,CENSUS_2000,0.75,smallest 0.100 of published cells,22.12
2010,DAIRY_COW,CENSUS_2020,0.75,smallest 0.100 of published cells,42.93
2010,DAIRY_COW,NATIONAL,0.75,smallest 0.100 of published cells,21.3
2010,DAIRY_COW,CENSUS_2000,1.0,smallest 0.100 of published cells,27.04
2010,DAIRY_COW,CENSUS_2020,1.0,smallest 0.100 of published cells,58.2
2010,DAIRY_COW,NATIONAL,1.0,smallest 0.100 of published cells,27.58
2010,OTHER_COW,EQUAL_SPLIT,0.0,smallest 0.333 of published cells,28.77
2010,OTHER_COW,CENSUS_2000,0.25,smallest 0.333 of published cells,23.58
2010,OTHER_COW,CENSUS_2020,0.25,smallest 0.333 of published cells,47.25
2010,OTHER_COW,NATIONAL,0.25,smallest 0.333 of published cells,149.25
2010,OTHER_COW,CENSUS_2000,0.5,smallest 0.333 of published cells,21.85
2010,OTHER_COW,CENSUS_2020,0.5,smallest 0.333 of published cells,30.69
2010,OTHER_COW,NATIONAL,0.5,smallest 0.333 of published cells,113.01
2010,OTHER_COW,CENSUS_2000,0.75,smallest 0.333 of published cells,22.66
2010,OTHER_COW,CENSUS_2020,0.75,smallest 0.333 of published cells,25.43
2010,OTHER_COW,NATIONAL,0.75,smallest 0.333 of published cells,77.44
2010,OTHER_COW,CENSUS_2000,1.0,smallest 0.333 of published cells,26.03
2010,OTHER_COW,CENSUS_2020,1.0,smallest 0.333 of published cells,41.87
2010,OTHER_COW,NATIONAL,1.0,smallest 0.333 of published cells,62.98
2010,OTHER_COW,EQUAL_SPLIT,0.0,smallest 0.167 of published cells,29.35
2010,OTHER_COW,CENSUS_2000,0.25,smallest 0.167 of published cells,24.31
2010,OTHER_COW,CENSUS_2020,0.25,smallest 0.167 of published cells,34.07
2010,OTHER_COW,NATIONAL,0.25,smallest 0.167 of published cells,103.23
2010,OTHER_COW,CENSUS_2000,0.5,smallest 0.167 of published cells,23.01
2010,OTHER_COW,CENSUS_2020,0.5,smallest 0.167 of published cells,32.68
2010,OTHER_COW,NATIONAL,0.5,smallest 0.167 of published cells,98.5
2010,OTHER_COW,CENSUS_2000,0.75,smallest 0.167 of published cells,24.61
2010,OTHER_COW,CENSUS_2020,0.75,smallest 0.167 of published cells,35.52
2010,OTHER_COW,NATIONAL,0.75,smallest 0.167 of published cells,94.34
2010,OTHER_COW,CENSUS_2000,1.0,smallest 0.167 of published cells,28.7
2010,OTHER_COW,CENSUS_2020,1.0,smallest 0.167 of published cells,47.9
2010,OTHER_COW,NATIONAL,1.0,smallest 0.167 of published cells,103.88
2010,OTHER_COW,EQUAL_SPLIT,0.0,smallest 0.100 of published cells,30.27
2010,OTHER_COW,CENSUS_2000,0.25,smallest 0.100 of published cells,24.77
2010,OTHER_COW,CENSUS_2020,0.25,smallest 0.100 of published cells,36.06
2010,OTHER_COW,NATIONAL,0.25,smallest 0.100 of published cells,63.32
2010,OTHER_COW,CENSUS_2000,0.5,smallest 0.100 of published cells,23.84
2010,OTHER_COW,CENSUS_2020,0.5,smallest 0.100 of published cells,32.9
2010,OTHER_COW,NATIONAL,0.5,smallest 0.100 of published cells,64.64
2010,OTHER_COW,CENSUS_2000,0.75,smallest 0.100 of published cells,26.34
2010,OTHER_COW,CENSUS_2020,0.75,smallest 0.100 of published cells,38.13
2010,OTHER_COW,NATIONAL,0.75,smallest 0.100 of published cells,70.47
2010,OTHER_COW,CENSUS_2000,1.0,smallest 0.100 of published cells,32.11
2010,OTHER_COW,CENSUS_2020,1.0,smallest 0.100 of published cells,48.61
2010,OTHER_COW,NATIONAL,1.0,smallest 0.100 of published cells,81.83
2010,TOTAL_SHEEP,EQUAL_SPLIT,0.0,smallest 0.333 of published cells,37.59
2010,TOTAL_SHEEP,CENSUS_2000,0.25,smallest 0.333 of published cells,33.93
2010,TOTAL_SHEEP,CENSUS_2020,0.25,smallest 0.333 of published cells,39.77
2010,TOTAL_SHEEP,NONE,0.25,smallest 0.333 of published cells,51.23
2010,TOTAL_SHEEP,CENSUS_2000,0.5,smallest 0.333 of published cells,36.33
2010,TOTAL_SHEEP,CENSUS_2020,0.5,smallest 0.333 of published cells,37.56
2010,TOTAL_SHEEP,NONE,0.5,smallest 0.333 of published cells,55.8
2010,TOTAL_SHEEP,CENSUS_2000,0.75,smallest 0.333 of published cells,42.25
2010,TOTAL_SHEEP,CENSUS_2020,0.75,smallest 0.333 of published cells,38.16
2010,TOTAL_SHEEP,NONE,0.75,smallest 0.333 of published cells,70.64
2010,TOTAL_SHEEP,CENSUS_2000,1.0,smallest 0.333 of published cells,50.88
2010,TOTAL_SHEEP,CENSUS_2020,1.0,smallest 0.333 of published cells,46.03
2010,TOTAL_SHEEP,NONE,1.0,smallest 0.333 of published cells,100.0
2010,TOTAL_SHEEP,EQUAL_SPLIT,0.0,smallest 0.167 of published cells,29.06
2010,TOTAL_SHEEP,CENSUS_2000,0.25,smallest 0.167 of published cells,28.01
2010,TOTAL_SHEEP,CENSUS_2020,0.25,smallest 0.167 of published cells,36.06
2010,TOTAL_SHEEP,NONE,0.25,smallest 0.167 of published cells,46.74
2010,TOTAL_SHEEP,CENSUS_2000,0.5,smallest 0.167 of published cells,33.57
2010,TOTAL_SHEEP,CENSUS_2020,0.5,smallest 0.167 of published cells,37.53
2010,TOTAL_SHEEP,NONE,0.5,smallest 0.167 of published cells,50.76
2010,TOTAL_SHEEP,CENSUS_2000,0.75,smallest 0.167 of published cells,42.52
2010,TOTAL_SHEEP,CENSUS_2020,0.75,smallest 0.167 of published cells,41.0
2010,TOTAL_SHEEP,NONE,0.75,smallest 0.167 of published cells,68.87
2010,TOTAL_SHEEP,CENSUS_2000,1.0,smallest 0.167 of published cells,53.53
2010,TOTAL_SHEEP,CENSUS_2020,1.0,smallest 0.167 of published cells,47.45
2010,TOTAL_SHEEP,NONE,1.0,smallest 0.167 of published cells,100.0
2010,TOTAL_SHEEP,EQUAL_SPLIT,0.0,smallest 0.100 of published cells,26.7
2010,TOTAL_SHEEP,CENSUS_2000,0.25,smallest 0.100 of published cells,26.46
2010,TOTAL_SHEEP,CENSUS_2020,0.25,smallest 0.100 of published cells,30.32
2010,TOTAL_SHEEP,NONE,0.25,smallest 0.100 of published cells,40.49
2010,TOTAL_SHEEP,CENSUS_2000,0.5,smallest 0.100 of published cells,33.24
2010,TOTAL_SHEEP,CENSUS_2020,0.5,smallest 0.100 of published cells,24.73
2010,TOTAL_SHEEP,NONE,0.5,smallest 0.100 of published cells,41.95
2010,TOTAL_SHEEP,CENSUS_2000,0.75,smallest 0.100 of published cells,42.43
2010,TOTAL_SHEEP,CENSUS_2020,0.75,smallest 0.100 of published cells,21.48
2010,TOTAL_SHEEP,NONE,0.75,smallest 0.100 of published cells,66.34
2010,TOTAL_SHEEP,CENSUS_2000,1.0,smallest 0.100 of published cells,53.88
2010,TOTAL_SHEEP,CENSUS_2020,1.0,smallest 0.100 of published cells,31.42
2010,TOTAL_SHEEP,NONE,1.0,smallest 0.100 of published cells,100.0
2020,TOTAL_CATTLE,EQUAL_SPLIT,0.0,smallest 0.333 of published cells,26.55
2020,TOTAL_CATTLE,CENSUS_2010,0.25,smallest 0.333 of published cells,20.41
2020,TOTAL_CATTLE,CENSUS_2010,0.5,smallest 0.333 of published cells,16.59
2020,TOTAL_CATTLE,CENSUS_2010,0.75,smallest 0.333 of published cells,14.91
2020,TOTAL_CATTLE,CENSUS_2010,1.0,smallest 0.333 of published cells,16.59
2020,TOTAL_CATTLE,CENSUS_2000,0.25,smallest 0.333 of published cells,64.98
2020,TOTAL_CATTLE,NONE,0.25,smallest 0.333 of published cells,151.43
2020,TOTAL_CATTLE,CENSUS_2000,0.5,smallest 0.333 of published cells,69.77
2020,TOTAL_CATTLE,NONE,0.5,smallest 0.333 of published cells,68.8
2020,TOTAL_CATTLE,CENSUS_2000,0.75,smallest 0.333 of published cells,76.55
2020,TOTAL_CATTLE,NONE,0.75,smallest 0.333 of published cells,16.2
2020,TOTAL_CATTLE,CENSUS_2000,1.0,smallest 0.333 of published cells,90.57
2020,TOTAL_CATTLE,NONE,1.0,smallest 0.333 of published cells,100.0
2020,TOTAL_CATTLE,AIM_LOCAL,0.25,smallest 0.333 of published cells,62.23
2020,TOTAL_CATTLE,AIM_LOCAL,0.5,smallest 0.333 of published cells,46.18
2020,TOTAL_CATTLE,AIM_LOCAL,0.75,smallest 0.333 of published cells,43.19
2020,TOTAL_CATTLE,AIM_LOCAL,1.0,smallest 0.333 of published cells,45.6
2020,TOTAL_CATTLE,EQUAL_SPLIT,0.0,smallest 0.167 of published cells,26.4
2020,TOTAL_CATTLE,CENSUS_2010,0.25,smallest 0.167 of published cells,20.99
2020,TOTAL_CATTLE,CENSUS_2010,0.5,smallest 0.167 of published cells,18.5
2020,TOTAL_CATTLE,CENSUS_2010,0.75,smallest 0.167 of published cells,18.37
2020,TOTAL_CATTLE,CENSUS_2010,1.0,smallest 0.167 of published cells,21.46
2020,TOTAL_CATTLE,CENSUS_2000,0.25,smallest 0.167 of published cells,33.46
2020,TOTAL_CATTLE,NONE,0.25,smallest 0.167 of published cells,106.75
2020,TOTAL_CATTLE,CENSUS_2000,0.5,smallest 0.167 of published cells,49.39
2020,TOTAL_CATTLE,NONE,0.5,smallest 0.167 of published cells,41.16
2020,TOTAL_CATTLE,CENSUS_2000,0.75,smallest 0.167 of published cells,65.16
2020,TOTAL_CATTLE,NONE,0.75,smallest 0.167 of published cells,31.12
2020,TOTAL_CATTLE,CENSUS_2000,1.0,smallest 0.167 of published cells,82.52
2020,TOTAL_CATTLE,NONE,1.0,smallest 0.167 of published cells,100.0
2020,TOTAL_CATTLE,AIM_LOCAL,0.25,smallest 0.167 of published cells,62.43
2020,TOTAL_CATTLE,AIM_LOCAL,0.5,smallest 0.167 of published cells,53.95
2020,TOTAL_CATTLE,AIM_LOCAL,0.75,smallest 0.167 of published cells,48.54
2020,TOTAL_CATTLE,AIM_LOCAL,1.0,smallest 0.167 of published cells,42.99
2020,TOTAL_CATTLE,EQUAL_SPLIT,0.0,smallest 0.100 of published cells,23.42
2020,TOTAL_CATTLE,CENSUS_2010,0.25,smallest 0.100 of published cells,19.58
2020,TOTAL_CATTLE,CENSUS_2010,0.5,smallest 0.100 of published cells,18.6
2020,TOTAL_CATTLE,CENSUS_2010,0.75,smallest 0.100 of published cells,19.51
2020,TOTAL_CATTLE,CENSUS_2010,1.0,smallest 0.100 of published cells,22.4
2020,TOTAL_CATTLE,NONE,0.25,smallest 0.100 of published cells,67.2
2020,TOTAL_CATTLE,NONE,0.5,smallest 0.100 of published cells,16.11
2020,TOTAL_CATTLE,NONE,0.75,smallest 0.100 of published cells,45.26
2020,TOTAL_CATTLE,NONE,1.0,smallest 0.100 of published cells,100.0
2020,TOTAL_CATTLE,CENSUS_2000,0.25,smallest 0.100 of published cells,26.52
2020,TOTAL_CATTLE,CENSUS_2000,0.5,smallest 0.100 of published cells,42.71
2020,TOTAL_CATTLE,CENSUS_2000,0.75,smallest 0.100 of published cells,59.43
2020,TOTAL_CATTLE,CENSUS_2000,1.0,smallest 0.100 of published cells,76.7
2020,TOTAL_CATTLE,AIM_LOCAL,0.25,smallest 0.100 of published cells,40.72
2020,TOTAL_CATTLE,AIM_LOCAL,0.5,smallest 0.100 of published cells,41.19
2020,TOTAL_CATTLE,AIM_LOCAL,0.75,smallest 0.100 of published cells,41.64
2020,TOTAL_CATTLE,AIM_LOCAL,1.0,smallest 0.100 of published cells,42.73
2020,DAIRY_COW,EQUAL_SPLIT,0.0,smallest 0.333 of published cells,21.22
2020,DAIRY_COW,AIM_LOCAL,0.25,smallest 0.333 of published cells,28.67
2020,DAIRY_COW,CENSUS_2010,0.25,smallest 0.333 of published cells,17.66
2020,DAIRY_COW,AIM_LOCAL,0.5,smallest 0.333 of published cells,39.75
2020,DAIRY_COW,CENSUS_2010,0.5,smallest 0.333 of published cells,16.86
2020,DAIRY_COW,AIM_LOCAL,0.75,smallest 0.333 of published cells,53.29
2020,DAIRY_COW,CENSUS_2010,0.75,smallest 0.333 of published cells,18.23
2020,DAIRY_COW,AIM_LOCAL,1.0,smallest 0.333 of published cells,70.01
2020,DAIRY_COW,CENSUS_2010,1.0,smallest 0.333 of published cells,21.61
2020,DAIRY_COW,CENSUS_2000,0.25,smallest 0.333 of published cells,15.84
2020,DAIRY_COW,CENSUS_2000,0.5,smallest 0.333 of published cells,11.97
2020,DAIRY_COW,CENSUS_2000,0.75,smallest 0.333 of published cells,15.15
2020,DAIRY_COW,CENSUS_2000,1.0,smallest 0.333 of published cells,27.19
2020,DAIRY_COW,AIM_COUNTY,0.25,smallest 0.333 of published cells,64.06
2020,DAIRY_COW,AIM_COUNTY,0.5,smallest 0.333 of published cells,99.43
2020,DAIRY_COW,AIM_COUNTY,0.75,smallest 0.333 of published cells,134.8
2020,DAIRY_COW,AIM_COUNTY,1.0,smallest 0.333 of published cells,170.17
2020,DAIRY_COW,EQUAL_SPLIT,0.0,smallest 0.167 of published cells,17.95
2020,DAIRY_COW,AIM_LOCAL,0.25,smallest 0.167 of published cells,26.83
2020,DAIRY_COW,CENSUS_2010,0.25,smallest 0.167 of published cells,16.01
2020,DAIRY_COW,AIM_LOCAL,0.5,smallest 0.167 of published cells,41.78
2020,DAIRY_COW,CENSUS_2010,0.5,smallest 0.167 of published cells,16.75
2020,DAIRY_COW,AIM_LOCAL,0.75,smallest 0.167 of published cells,58.51
2020,DAIRY_COW,CENSUS_2010,0.75,smallest 0.167 of published cells,19.28
2020,DAIRY_COW,AIM_LOCAL,1.0,smallest 0.167 of published cells,76.56
2020,DAIRY_COW,CENSUS_2010,1.0,smallest 0.167 of published cells,23.11
2020,DAIRY_COW,CENSUS_2000,0.25,smallest 0.167 of published cells,12.59
2020,DAIRY_COW,CENSUS_2000,0.5,smallest 0.167 of published cells,17.42
2020,DAIRY_COW,CENSUS_2000,0.75,smallest 0.167 of published cells,25.64
2020,DAIRY_COW,CENSUS_2000,1.0,smallest 0.167 of published cells,34.66
2020,DAIRY_COW,AIM_COUNTY,0.25,smallest 0.167 of published cells,34.38
2020,DAIRY_COW,AIM_COUNTY,0.5,smallest 0.167 of published cells,58.59
2020,DAIRY_COW,AIM_COUNTY,0.75,smallest 0.167 of published cells,82.81
2020,DAIRY_COW,AIM_COUNTY,1.0,smallest 0.167 of published cells,107.03
2020,DAIRY_COW,EQUAL_SPLIT,0.0,smallest 0.100 of published cells,14.92
2020,DAIRY_COW,AIM_LOCAL,0.25,smallest 0.100 of published cells,22.62
2020,DAIRY_COW,CENSUS_2010,0.25,smallest 0.100 of published cells,13.47
2020,DAIRY_COW,AIM_LOCAL,0.5,smallest 0.100 of published cells,33.77
2020,DAIRY_COW,CENSUS_2010,0.5,smallest 0.100 of published cells,15.74
2020,DAIRY_COW,AIM_LOCAL,0.75,smallest 0.100 of published cells,47.51
2020,DAIRY_COW,CENSUS_2010,0.75,smallest 0.100 of published cells,19.29
2020,DAIRY_COW,AIM_LOCAL,1.0,smallest 0.100 of published cells,62.16
2020,DAIRY_COW,CENSUS_2010,1.0,smallest 0.100 of published cells,23.95
2020,DAIRY_COW,CENSUS_2000,0.25,smallest 0.100 of published cells,15.68
2020,DAIRY_COW,CENSUS_2000,0.5,smallest 0.100 of published cells,18.65
2020,DAIRY_COW,CENSUS_2000,0.75,smallest 0.100 of published cells,23.32
2020,DAIRY_COW,CENSUS_2000,1.0,smallest 0.100 of published cells,29.33
2020,DAIRY_COW,AIM_COUNTY,0.25,smallest 0.100 of published cells,28.79
2020,DAIRY_COW,AIM_COUNTY,0.5,smallest 0.100 of published cells,52.79
2020,DAIRY_COW,AIM_COUNTY,0.75,smallest 0.100 of published cells,76.45
2020,DAIRY_COW,AIM_COUNTY,1.0,smallest 0.100 of published cells,101.34
2020,OTHER_COW,EQUAL_SPLIT,0.0,smallest 0.333 of published cells,26.13
2020,OTHER_COW,BLEND_2010_AIM,0.25,smallest 0.333 of published cells,21.23
2020,OTHER_COW,BLEND_2010_AIM,0.5,smallest 0.333 of published cells,19.7
2020,OTHER_COW,BLEND_2010_AIM,0.75,smallest 0.333 of published cells,20.51
2020,OTHER_COW,BLEND_2010_AIM,1.0,smallest 0.333 of published cells,23.83
2020,OTHER_COW,CENSUS_2010,0.25,smallest 0.333 of published cells,25.48
2020,OTHER_COW,CENSUS_2010,0.5,smallest 0.333 of published cells,22.35
2020,OTHER_COW,CENSUS_2010,0.75,smallest 0.333 of published cells,21.36
2020,OTHER_COW,CENSUS_2010,1.0,smallest 0.333 of published cells,24.45
2020,OTHER_COW,AIM_COUNTY,0.25,smallest 0.333 of published cells,93.87
2020,OTHER_COW,AIM_COUNTY,0.5,smallest 0.333 of published cells,51.23
2020,OTHER_COW,AIM_COUNTY,0.75,smallest 0.333 of published cells,31.37
2020,OTHER_COW,AIM_COUNTY,1.0,smallest 0.333 of published cells,48.41
2020,OTHER_COW,CENSUS_2000,0.25,smallest 0.333 of published cells,29.29
2020,OTHER_COW,CENSUS_2000,0.5,smallest 0.333 of published cells,24.44
2020,OTHER_COW,CENSUS_2000,0.75,smallest 0.333 of published cells,21.44
2020,OTHER_COW,CENSUS_2000,1.0,smallest 0.333 of published cells,24.97
2020,OTHER_COW,AIM_LOCAL,0.25,smallest 0.333 of published cells,19.8
2020,OTHER_COW,AIM_LOCAL,0.5,smallest 0.333 of published cells,19.96
2020,OTHER_COW,AIM_LOCAL,0.75,smallest 0.333 of published cells,28.86
2020,OTHER_COW,AIM_LOCAL,1.0,smallest 0.333 of published cells,43.73
2020,OTHER_COW,EQUAL_SPLIT,0.0,smallest 0.167 of published cells,24.69
2020,OTHER_COW,BLEND_2010_AIM,0.25,smallest 0.167 of published cells,21.56
2020,OTHER_COW,BLEND_2010_AIM,0.5,smallest 0.167 of published cells,21.48
2020,OTHER_COW,BLEND_2010_AIM,0.75,smallest 0.167 of published cells,23.39
2020,OTHER_COW,BLEND_2010_AIM,1.0,smallest 0.167 of published cells,27.02
2020,OTHER_COW,AIM_COUNTY,0.25,smallest 0.167 of published cells,39.91
2020,OTHER_COW,CENSUS_2010,0.25,smallest 0.167 of published cells,25.9
2020,OTHER_COW,AIM_COUNTY,0.5,smallest 0.167 of published cells,37.27
2020,OTHER_COW,CENSUS_2010,0.5,smallest 0.167 of published cells,25.05
2020,OTHER_COW,AIM_COUNTY,0.75,smallest 0.167 of published cells,34.88
2020,OTHER_COW,CENSUS_2010,0.75,smallest 0.167 of published cells,27.62
2020,OTHER_COW,AIM_COUNTY,1.0,smallest 0.167 of published cells,39.61
2020,OTHER_COW,CENSUS_2010,1.0,smallest 0.167 of published cells,33.39
2020,OTHER_COW,CENSUS_2000,0.25,smallest 0.167 of published cells,13.02
2020,OTHER_COW,CENSUS_2000,0.5,smallest 0.167 of published cells,12.92
2020,OTHER_COW,CENSUS_2000,0.75,smallest 0.167 of published cells,15.58
2020,OTHER_COW,CENSUS_2000,1.0,smallest 0.167 of published cells,20.02
2020,OTHER_COW,AIM_LOCAL,0.25,smallest 0.167 of published cells,14.16
2020,OTHER_COW,AIM_LOCAL,0.5,smallest 0.167 of published cells,16.8
2020,OTHER_COW,AIM_LOCAL,0.75,smallest 0.167 of published cells,28.16
2020,OTHER_COW,AIM_LOCAL,1.0,smallest 0.167 of published cells,40.63
2020,OTHER_COW,EQUAL_SPLIT,0.0,smallest 0.100 of published cells,23.2
2020,OTHER_COW,BLEND_2010_AIM,0.25,smallest 0.100 of published cells,21.98
2020,OTHER_COW,BLEND_2010_AIM,0.5,smallest 0.100 of published cells,22.82
2020,OTHER_COW,BLEND_2010_AIM,0.75,smallest 0.100 of published cells,25.51
2020,OTHER_COW,BLEND_2010_AIM,1.0,smallest 0.100 of published cells,30.22
2020,OTHER_COW,CENSUS_2010,0.25,smallest 0.100 of published cells,20.23
2020,OTHER_COW,CENSUS_2010,0.5,smallest 0.100 of published cells,21.45
2020,OTHER_COW,CENSUS_2010,0.75,smallest 0.100 of published cells,25.33
2020,OTHER_COW,CENSUS_2010,1.0,smallest 0.100 of published cells,31.26
2020,OTHER_COW,AIM_LOCAL,0.25,smallest 0.100 of published cells,14.2
2020,OTHER_COW,AIM_LOCAL,0.5,smallest 0.100 of published cells,21.97
2020,OTHER_COW,AIM_LOCAL,0.75,smallest 0.100 of published cells,32.38
2020,OTHER_COW,AIM_LOCAL,1.0,smallest 0.100 of published cells,44.22
2020,OTHER_COW,CENSUS_2000,0.25,smallest 0.100 of published cells,16.9
2020,OTHER_COW,CENSUS_2000,0.5,smallest 0.100 of published cells,18.41
2020,OTHER_COW,CENSUS_2000,0.75,smallest 0.100 of published cells,22.42
2020,OTHER_COW,CENSUS_2000,1.0,smallest 0.100 of published cells,26.4
2020,OTHER_COW,AIM_COUNTY,0.25,smallest 0.100 of published cells,40.47
2020,OTHER_COW,AIM_COUNTY,0.5,smallest 0.100 of published cells,37.31
2020,OTHER_COW,AIM_COUNTY,0.75,smallest 0.100 of published cells,34.81
2020,OTHER_COW,AIM_COUNTY,1.0,smallest 0.100 of published cells,37.79
2020,TOTAL_SHEEP,EQUAL_SPLIT,0.0,smallest 0.333 of published cells,32.52
2020,TOTAL_SHEEP,CENSUS_2000,0.25,smallest 0.333 of published cells,43.96
2020,TOTAL_SHEEP,CENSUS_2010,0.25,smallest 0.333 of published cells,28.0
2020,TOTAL_SHEEP,NONE,0.25,smallest 0.333 of published cells,32.33
2020,TOTAL_SHEEP,CENSUS_2000,0.5,smallest 0.333 of published cells,55.47
2020,TOTAL_SHEEP,CENSUS_2010,0.5,smallest 0.333 of published cells,30.25
2020,TOTAL_SHEEP,NONE,0.5,smallest 0.333 of published cells,43.01
2020,TOTAL_SHEEP,CENSUS_2000,0.75,smallest 0.333 of published cells,68.97
2020,TOTAL_SHEEP,CENSUS_2010,0.75,smallest 0.333 of published cells,36.35
2020,TOTAL_SHEEP,NONE,0.75,smallest 0.333 of published cells,68.68
2020,TOTAL_SHEEP,CENSUS_2000,1.0,smallest 0.333 of published cells,85.31
2020,TOTAL_SHEEP,CENSUS_2010,1.0,smallest 0.333 of published cells,45.07
2020,TOTAL_SHEEP,NONE,1.0,smallest 0.333 of published cells,100.0
2020,TOTAL_SHEEP,EQUAL_SPLIT,0.0,smallest 0.167 of published cells,28.1
2020,TOTAL_SHEEP,CENSUS_2000,0.25,smallest 0.167 of published cells,37.94
2020,TOTAL_SHEEP,CENSUS_2010,0.25,smallest 0.167 of published cells,25.5
2020,TOTAL_SHEEP,NONE,0.25,smallest 0.167 of published cells,33.36
2020,TOTAL_SHEEP,CENSUS_2000,0.5,smallest 0.167 of published cells,51.88
2020,TOTAL_SHEEP,CENSUS_2010,0.5,smallest 0.167 of published cells,30.78
2020,TOTAL_SHEEP,NONE,0.5,smallest 0.167 of published cells,49.53
2020,TOTAL_SHEEP,CENSUS_2000,0.75,smallest 0.167 of published cells,69.29
2020,TOTAL_SHEEP,CENSUS_2010,0.75,smallest 0.167 of published cells,39.21
2020,TOTAL_SHEEP,NONE,0.75,smallest 0.167 of published cells,73.76
2020,TOTAL_SHEEP,CENSUS_2000,1.0,smallest 0.167 of published cells,88.29
2020,TOTAL_SHEEP,CENSUS_2010,1.0,smallest 0.167 of published cells,48.77
2020,TOTAL_SHEEP,NONE,1.0,smallest 0.167 of published cells,100.0
2020,TOTAL_SHEEP,EQUAL_SPLIT,0.0,smallest 0.100 of published cells,24.31
2020,TOTAL_SHEEP,CENSUS_2000,0.25,smallest 0.100 of published cells,31.53
2020,TOTAL_SHEEP,CENSUS_2010,0.25,smallest 0.100 of published cells,24.47
2020,TOTAL_SHEEP,NONE,0.25,smallest 0.100 of published cells,32.41
2020,TOTAL_SHEEP,CENSUS_2000,0.5,smallest 0.100 of published cells,48.59
2020,TOTAL_SHEEP,CENSUS_2010,0.5,smallest 0.100 of published cells,29.98
2020,TOTAL_SHEEP,NONE,0.5,smallest 0.100 of published cells,49.89
2020,TOTAL_SHEEP,CENSUS_2000,0.75,smallest 0.100 of published cells,69.16
2020,TOTAL_SHEEP,CENSUS_2010,0.75,smallest 0.100 of published cells,37.59
2020,TOTAL_SHEEP,NONE,0.75,smallest 0.100 of published cells,74.65
2020,TOTAL_SHEEP,CENSUS_2000,1.0,smallest 0.100 of published cells,90.45
2020,TOTAL_SHEEP,CENSUS_2010,1.0,smallest 0.100 of published cells,47.05
2020,TOTAL_SHEEP,NONE,1.0,smallest 0.100 of published cells,100.0
