GEOGRAPHY,VARIANT_VS_B,METRIC,N,SPEARMAN,MEDIAN_ABS_DIFF,P95_ABS_DIFF,MAX_ABS_DIFF
ED,A,DAIRY_SHARE_ADULT_PCT,2787,0.9813,0.0,16.3059,67.5
ED,A,DXD_SHARE_FOLLOWERS_PCT,2837,0.9344,1.137,10.3424,52.1445
ED,A,DXB_SHARE_FOLLOWERS_PCT,2837,0.917,0.5826,6.4608,45.568
ED,A,BXB_SHARE_FOLLOWERS_PCT,2837,0.9804,0.5921,6.6259,43.5664
ED,A,FOLLOWER_TO_ADULT_RATIO,2787,0.895,0.0,0.9531,5.7007
ED,A,CATTLE_PER_FARMED_HA,2857,0.9967,0.0,0.0,2.1791
ED,C,DAIRY_SHARE_ADULT_PCT,2856,0.9991,0.0,2.496,14.4488
ED,C,DXD_SHARE_FOLLOWERS_PCT,2856,0.9934,0.0909,1.5423,42.4641
ED,C,DXB_SHARE_FOLLOWERS_PCT,2856,0.9939,0.0759,1.3442,16.6144
ED,C,BXB_SHARE_FOLLOWERS_PCT,2856,0.9984,0.0621,0.5674,25.8497
ED,C,FOLLOWER_TO_ADULT_RATIO,2856,0.9959,0.0,0.1837,2.4294
ED,C,CATTLE_PER_FARMED_HA,2857,0.9999,0.0,0.0,0.3797
WFD_CATCHMENT,A,DAIRY_SHARE_ADULT_PCT,46,0.998,0.3359,2.3037,4.638
WFD_CATCHMENT,A,DXD_SHARE_FOLLOWERS_PCT,46,0.9887,0.6736,1.7349,10.4367
WFD_CATCHMENT,A,DXB_SHARE_FOLLOWERS_PCT,46,0.9901,0.28,0.9827,2.9467
WFD_CATCHMENT,A,BXB_SHARE_FOLLOWERS_PCT,46,0.9968,0.4693,1.1449,7.49
WFD_CATCHMENT,A,FOLLOWER_TO_ADULT_RATIO,46,0.9948,0.0243,0.0957,0.1373
WFD_CATCHMENT,A,CATTLE_PER_FARMED_HA,46,0.9999,0.0,0.0045,0.0068
WFD_CATCHMENT,C,DAIRY_SHARE_ADULT_PCT,46,0.9999,0.0635,0.2579,0.383
WFD_CATCHMENT,C,DXD_SHARE_FOLLOWERS_PCT,46,0.9984,0.0641,0.306,0.4193
WFD_CATCHMENT,C,DXB_SHARE_FOLLOWERS_PCT,46,0.9989,0.0443,0.145,0.2501
WFD_CATCHMENT,C,BXB_SHARE_FOLLOWERS_PCT,46,1.0,0.0305,0.1444,0.2432
WFD_CATCHMENT,C,FOLLOWER_TO_ADULT_RATIO,46,0.9998,0.0029,0.0174,0.019
WFD_CATCHMENT,C,CATTLE_PER_FARMED_HA,46,1.0,0.0,0.0007,0.0015
