YEAR,VARIABLE,LAMBDA,MEAN_DISPLACED_PCT,DIFF_FROM_BEST,SE_OF_DIFF,ADMISSIBLE,SELECTED
2010,DAIRY_COW,0.0,8.93,0.643,0.011,False,False
2010,DAIRY_COW,0.25,8.29,0.0,0.0,True,True
2010,DAIRY_COW,0.5,8.73,0.437,0.01,False,False
2010,DAIRY_COW,0.75,10.04,1.748,0.013,False,False
2010,DAIRY_COW,1.0,12.04,3.754,0.019,False,False
2010,OTHER_COW,0.0,12.32,2.046,0.044,False,False
2010,OTHER_COW,0.25,10.66,0.388,0.024,False,False
2010,OTHER_COW,0.5,10.27,0.0,0.0,True,True
2010,OTHER_COW,0.75,11.14,0.872,0.029,False,False
2010,OTHER_COW,1.0,13.25,2.981,0.06,False,False
2010,TOTAL_CATTLE,0.0,12.73,2.568,0.058,False,False
2010,TOTAL_CATTLE,0.25,10.89,0.725,0.034,False,False
2010,TOTAL_CATTLE,0.5,10.16,0.0,0.0,True,True
2010,TOTAL_CATTLE,0.75,10.59,0.428,0.035,False,False
2010,TOTAL_CATTLE,1.0,12.38,2.217,0.059,False,False
2010,TOTAL_SHEEP,0.0,14.02,0.072,0.036,False,False
2010,TOTAL_SHEEP,0.25,13.95,0.0,0.0,True,True
2010,TOTAL_SHEEP,0.5,16.14,2.198,0.029,False,False
2010,TOTAL_SHEEP,0.75,19.8,5.858,0.055,False,False
2010,TOTAL_SHEEP,1.0,24.5,10.557,0.079,False,False
2020,DAIRY_COW,0.0,9.01,0.216,0.029,False,False
2020,DAIRY_COW,0.25,8.79,0.0,0.0,True,True
2020,DAIRY_COW,0.5,10.25,1.458,0.042,False,False
2020,DAIRY_COW,0.75,12.64,3.851,0.074,False,False
2020,DAIRY_COW,1.0,15.81,7.019,0.091,False,False
2020,OTHER_COW,0.0,12.39,1.55,0.072,False,False
2020,OTHER_COW,0.25,11.02,0.176,0.04,False,False
2020,OTHER_COW,0.5,10.84,0.0,0.0,True,True
2020,OTHER_COW,0.75,11.81,0.968,0.037,False,False
2020,OTHER_COW,1.0,13.92,3.072,0.063,False,False
2020,TOTAL_CATTLE,0.0,12.88,3.417,0.125,False,False
2020,TOTAL_CATTLE,0.25,10.69,1.223,0.093,False,False
2020,TOTAL_CATTLE,0.5,9.47,0.002,0.049,True,True
2020,TOTAL_CATTLE,0.75,9.46,0.0,0.0,True,False
2020,TOTAL_CATTLE,1.0,11.05,1.583,0.036,False,False
2020,TOTAL_SHEEP,0.0,13.44,0.0,0.0,True,True
2020,TOTAL_SHEEP,0.25,14.19,0.748,0.056,False,False
2020,TOTAL_SHEEP,0.5,17.93,4.49,0.124,False,False
2020,TOTAL_SHEEP,0.75,23.45,10.005,0.184,False,False
2020,TOTAL_SHEEP,1.0,29.78,16.337,0.233,False,False
