YEAR,VARIABLE,UNIT,SHRINKAGE_LAMBDA,CONTROL,PUBLISHED_SUM,ROUNDED_GAP,TARGET,BLANK_CELLS,FILLED,PASSED_OUT_UNDER_CAP,RECEIVED_UNDER_CAP,DEVIATION_FROM_CONTROL,FILLED_OUTSIDE_MODEL
2010,TOTAL_CATTLE,STATE,0.75,6606585,6593832,12753,12753,104,12753,0,0,0,6313
2010,DAIRY_COW,STATE,0.25,1070755,955919,114836,114836,972,114836,0,0,0,590
2010,OTHER_COW,STATE,0.5,1158429,1155287,3142,3142,104,3142,0,0,0,1066
2010,TOTAL_SHEEP,STATE,0.25,4745424,4487686,257738,257738,921,257738,0,0,0,7074
2020,TOTAL_CATTLE,Carlow,0.5,106900,106716,184,185,2,185,0,0,1,185
2020,TOTAL_CATTLE,Cavan,0.5,231800,231764,36,37,1,37,0,0,1,37
2020,TOTAL_CATTLE,Cork,0.5,1104800,1103425,1375,1376,6,1376,0,0,1,1262
2020,TOTAL_CATTLE,Donegal,0.5,187100,186944,156,157,6,157,0,0,1,13
2020,TOTAL_CATTLE,Dublin,0.5,24700,22685,2015,2016,21,2016,0,0,1,1374
2020,TOTAL_CATTLE,Galway,0.5,449100,448697,403,404,8,404,0,0,1,329
2020,TOTAL_CATTLE,Kerry,0.5,349900,349828,72,73,1,73,0,0,1,73
2020,TOTAL_CATTLE,Kildare,0.5,143500,143482,18,19,1,19,0,0,1,19
2020,TOTAL_CATTLE,Kilkenny,0.5,374000,373812,188,189,1,189,0,0,1,189
2020,TOTAL_CATTLE,Laois,0.5,263500,263175,325,326,2,326,0,0,1,326
2020,TOTAL_CATTLE,Limerick,0.5,456300,456010,290,291,3,291,0,0,1,291
2020,TOTAL_CATTLE,Longford,0.5,119800,119805,0,0,2,0,0,0,5,0
2020,TOTAL_CATTLE,Louth,0.5,94900,94806,94,94,2,94,0,0,0,47
2020,TOTAL_CATTLE,Mayo,0.5,283200,282902,298,298,3,298,0,0,0,234
2020,TOTAL_CATTLE,Meath,0.5,324400,324289,111,111,1,111,0,0,0,111
2020,TOTAL_CATTLE,Monaghan,0.5,218200,217945,255,255,3,255,0,0,0,255
2020,TOTAL_CATTLE,Offaly,0.5,254700,254075,625,625,2,625,0,0,0,310
2020,TOTAL_CATTLE,Roscommon,0.5,216800,216822,0,0,1,0,0,0,22,0
2020,TOTAL_CATTLE,Sligo,0.5,113500,113324,176,176,1,176,0,0,0,176
2020,TOTAL_CATTLE,Tipperary,0.5,700300,699519,781,781,4,781,0,0,0,540
2020,TOTAL_CATTLE,Waterford,0.5,270600,267265,3335,3335,6,3335,0,0,0,1112
2020,TOTAL_CATTLE,Westmeath,0.5,232000,231405,595,595,3,595,0,0,0,595
2020,TOTAL_CATTLE,Wexford,0.5,301600,301169,431,431,1,431,0,0,0,0
2020,TOTAL_CATTLE,Wicklow,0.5,131400,130837,563,563,3,563,0,0,0,188
2020,DAIRY_COW,Carlow,0.25,18000,9260,8740,8744,33,8744,0,0,4,0
2020,DAIRY_COW,Cavan,0.25,39300,36685,2615,2619,19,2619,0,0,4,0
2020,DAIRY_COW,Clare,0.25,34900,24058,10842,10846,78,10846,0,0,4,0
2020,DAIRY_COW,Cork,0.25,389100,382544,6556,6559,35,6559,0,0,3,185
2020,DAIRY_COW,Donegal,0.25,22200,15111,7089,7092,54,7092,0,0,3,0
2020,DAIRY_COW,Dublin,0.25,3000,1023,1977,1980,13,1980,0,0,3,50
2020,DAIRY_COW,Galway,0.25,39400,23919,15481,15484,101,15484,0,0,3,0
2020,DAIRY_COW,Kerry,0.25,102400,98097,4303,4306,36,4306,0,0,3,39
2020,DAIRY_COW,Kildare,0.25,20500,7976,12524,12527,59,12527,0,0,3,0
2020,DAIRY_COW,Kilkenny,0.25,101000,94899,6101,6104,20,6104,0,0,3,102
2020,DAIRY_COW,Laois,0.25,50300,37255,13045,13048,44,13048,0,0,3,43
2020,DAIRY_COW,Leitrim,0.25,1800,201,1599,1602,21,1602,0,0,3,0
2020,DAIRY_COW,Limerick,0.25,125400,122305,3095,3098,16,3098,0,0,3,26
2020,DAIRY_COW,Longford,0.25,11800,6202,5598,5601,30,5601,0,0,3,0
2020,DAIRY_COW,Louth,0.25,19000,16706,2294,2297,12,2297,0,0,3,0
2020,DAIRY_COW,Mayo,0.25,19000,10233,8767,8770,65,8770,0,0,3,99
2020,DAIRY_COW,Meath,0.25,67200,59034,8166,8169,27,8169,0,0,3,0
2020,DAIRY_COW,Monaghan,0.25,38300,36353,1947,1950,11,1950,0,0,3,91
2020,DAIRY_COW,Offaly,0.25,35700,24503,11197,11200,46,11200,0,0,3,0
2020,DAIRY_COW,Roscommon,0.25,8900,1711,7189,7192,56,7192,0,0,3,0
2020,DAIRY_COW,Sligo,0.25,8300,3042,5258,5261,47,5261,0,0,3,0
2020,DAIRY_COW,Tipperary,0.25,180400,176291,4109,4112,19,4112,0,0,3,52
2020,DAIRY_COW,Waterford,0.25,89900,82519,7381,7384,22,7384,0,0,3,450
2020,DAIRY_COW,Westmeath,0.25,31500,17889,13611,13614,63,13614,0,0,3,106
2020,DAIRY_COW,Wexford,0.25,83700,74313,9387,9390,34,9390,0,0,3,0
2020,DAIRY_COW,Wicklow,0.25,26600,17755,8845,8848,40,8848,0,0,3,50
2020,OTHER_COW,Carlow,0.5,15000,14796,204,198,3,200,0,2,-4,38
2020,OTHER_COW,Cavan,0.5,42800,42722,78,72,1,19,53,0,-59,19
2020,OTHER_COW,Clare,0.5,70900,70785,115,109,2,110,0,1,-5,0
2020,OTHER_COW,Cork,0.5,72200,71737,463,457,15,464,0,7,1,38
2020,OTHER_COW,Donegal,0.5,39700,39688,12,6,5,8,0,2,-4,0
2020,OTHER_COW,Dublin,0.5,3700,3165,535,529,19,538,0,9,3,352
2020,OTHER_COW,Galway,0.5,100100,99942,158,152,7,155,0,3,-3,70
2020,OTHER_COW,Kerry,0.5,46600,46369,231,226,6,229,0,3,-2,0
2020,OTHER_COW,Kildare,0.5,17700,17070,630,625,9,629,0,4,-1,0
2020,OTHER_COW,Kilkenny,0.5,30800,30610,190,185,2,186,0,1,-4,0
2020,OTHER_COW,Laois,0.5,30900,30691,209,204,6,207,0,3,-2,24
2020,OTHER_COW,Limerick,0.5,36100,36057,43,38,2,39,0,1,-4,0
2020,OTHER_COW,Louth,0.5,11700,11669,31,26,3,28,0,2,-3,6
2020,OTHER_COW,Mayo,0.5,74200,74126,74,69,3,70,0,1,-4,0
2020,OTHER_COW,Meath,0.5,35700,35709,0,0,1,1,0,1,10,1
2020,OTHER_COW,Monaghan,0.5,31300,31271,29,24,2,22,2,0,-7,22
2020,OTHER_COW,Offaly,0.5,30200,30068,132,127,2,128,0,1,-4,83
2020,OTHER_COW,Sligo,0.5,30400,30356,44,39,1,40,0,1,-4,40
2020,OTHER_COW,Tipperary,0.5,53200,52907,293,288,5,290,0,2,-3,0
2020,OTHER_COW,Waterford,0.5,18500,18075,425,420,11,425,0,5,0,0
2020,OTHER_COW,Westmeath,0.5,38000,37827,173,168,4,170,0,2,-3,116
2020,OTHER_COW,Wexford,0.5,29700,29639,61,56,3,57,0,1,-4,0
2020,OTHER_COW,Wicklow,0.5,21100,20810,290,285,6,288,0,3,-2,42
2020,TOTAL_SHEEP,Border,0.0,1300400,1288458,11942,11944,51,11944,0,0,2,234
2020,TOTAL_SHEEP,Dublin and Mid-East,0.0,841800,811784,30016,30017,55,30017,0,0,1,4914
2020,TOTAL_SHEEP,Mid-West,0.0,236100,167034,69066,69067,245,69067,0,0,1,0
2020,TOTAL_SHEEP,Midland,0.0,373900,335232,38668,38669,100,38669,0,0,1,387
2020,TOTAL_SHEEP,South-East,0.0,540700,484566,56134,56135,142,56135,0,0,1,792
2020,TOTAL_SHEEP,South-West,0.0,717000,668526,48474,48475,237,48475,0,0,1,204
2020,TOTAL_SHEEP,West,0.0,1510300,1504793,5507,5508,33,5508,0,0,1,667
