CSOED,SOIL_PROFILE_SOURCE,SOIL_SOURCE_HOLDINGS,SOIL_SOURCE_UAA_HA,SOIL_USE_CLASS_1_SHARE,SOIL_USE_CLASS_2_SHARE,SOIL_USE_CLASS_3_SHARE,SOIL_USE_CLASS_4_SHARE,SOIL_USE_CLASS_5_SHARE,SOIL_USE_CLASS_6_SHARE,GOBLIN_SOIL_G1_SHARE,GOBLIN_SOIL_G2_SHARE,GOBLIN_SOIL_G3_SHARE,FOREST_YC_WEIGHTED_MEAN,IFS_PEAT_CUTOVER_UAA_SHARE,IFS_MAP_DEEP_WELL_DRAINED_HA,IFS_MAP_SHALLOW_WELL_DRAINED_HA,IFS_MAP_POORLY_DRAINED_HA,IFS_MAP_POORLY_DRAINED_PEATY_HA,IFS_MAP_ALLUVIUM_HA,IFS_MAP_PEAT_HA,IFS_MAP_MISCELLANEOUS_HA,LPIS_YEAR,LPIS_CLAIMED_AG_HA,LPIS_ELIGIBLE_AG_HA,LPIS_SPATIAL_FOOTPRINT_HA,LPIS_CLAIMED_GRASS_HA,LPIS_ELIGIBLE_GRASS_HA,LPIS_PERMANENT_PASTURE_HA,LPIS_LOW_INPUT_GRASS_HA,LPIS_TEMPORARY_GRASS_HA,LPIS_HAY_MEADOW_HA,LPIS_OTHER_GRASS_HA,LPIS_COMMONAGE_GRASS_HA,LPIS_ANC_GRASS_HA,LPIS_ENV_SCHEME_GRASS_HA,LPIS_ORGANIC_GRASS_HA,LPIS_BOG_PEAT_CONTEXT_HA,LPIS_HABITAT_CONTEXT_HA,LPIS_FORESTRY_CONTEXT_HA
1013,ED,39,2281.362774,0.0,1.0,0.0,0.0,0.0,0.0,1.0,0.0,0.0,24.0,0.0,1336.633611,623.4814406,257.3240933,364.1432019,248.1916274,4.13469623,0.0,2020,1932.738519,2076.1493,2167.534782,1095.549309,1134.35077,972.6765546,43.01,77.26275452,2.6,0,0.0,1.982459725,97.32261729,0.0,0.0,30.18608401,2.03446116
1014,ED,17,828.6167195,0.0480891334,0.3312137603,0.0,0.6206971063,0.0,0.0,0.3793028937,0.6206971063,0.0,21.80784356,0.0,352.9595005,136.5201831,407.5375027,9.605127828,61.98958325,0.0,0.0,2020,833.3316339,892.6512254,919.7903971,478.3726988,480.171965,401.7834179,24.10504665,52.4842342,0.0,0,0.0,0.102175749,103.2361951,0.0,0.0,7.408667475,11.18572321
1015,ED,30,1243.942564,0.131459074,0.868540926,0.0,0.0,0.0,0.0,1.0,0.0,0.0,24.0,0.1295075872,847.065525,381.1813118,105.9443776,128.8068844,114.4070186,0.0,0.0,2020,1155.165367,1514.233289,1596.96809,896.5988676,905.845813,788.4283589,31.28183194,61.09517124,15.79350556,0,0.0,0.8019719452,84.42336829,0.28,0.0,9.67,22.30862128
1016,ED,25,1460.20512,0.0,1.0,0.0,0.0,0.0,0.0,1.0,0.0,0.0,23.73359907,0.0,551.7650226,398.3068365,305.9719108,9.090657307,108.4173771,34.34052141,0.0,2020,722.4108274,777.8400818,830.0992483,585.8107291,629.5943499,477.9515099,50.31336077,46.74604372,10.79981474,0,0.0,0.0123797665,85.796159,0.0,0.0,10.4927852,2.800030271
1017,ED,29,1006.324647,0.0,1.0,0.0,0.0,0.0,0.0,1.0,0.0,0.0,23.56599927,0.0,899.4949409,313.6031108,223.1305358,1.737266659,116.7966621,0.0,0.0,2020,1092.721727,1123.083634,1322.882238,1033.946642,1045.563462,867.5742378,73.94480048,69.04760348,23.38,0,0.0,564.9420633,187.8076187,102.52,0.0,6.5,9.08
1018,ED,9,486.1896218,0.6836032546,0.0,0.0,0.3163967454,0.0,0.0,0.6836032546,0.3163967454,0.0,24.0,0.0,248.089943,143.1186386,139.7025258,44.48786614,29.69030185,0.0,0.0,2020,312.77378,347.8413909,359.7663303,113.4712568,122.9771094,69.10546648,11.06553186,33.30025849,0.0,0,0.0,0.0,17.33751073,0.0,0.0,3.081771106,0.0
1019,ED,26,925.125194,0.2122541438,0.5985319842,0.0,0.189213872,0.0,0.0,0.810786128,0.189213872,0.0,22.63802217,0.0,201.4830005,1431.679766,32.63528109,0.0,156.5462674,0.0,0.0,2020,1025.225582,1279.317143,1362.138408,496.343138,537.3950785,437.7239957,13.73,38.8791423,6.01,0,0.0,0.0,12.98,17.72,0.0,5.368432109,0.0
1020,ED,28,1113.795643,0.8728946493,0.0448915385,0.0,0.0822138122,0.0,0.0,0.9177861878,0.0822138122,0.0,23.01420098,0.4162742717,253.3214042,563.9146114,494.4934767,355.5913227,60.81047357,31.54162774,0.0,2020,1156.96627,1193.872274,1271.805387,867.9059502,898.5030696,774.5164027,40.81539346,26.44171716,26.13243688,0,0.0,374.6591323,142.6010821,0.5,0.0,8.600841816,0.0
1021,ED,45,2287.68026,0.0,0.9899461475,0.0100538525,0.0,0.0,0.0,0.9899461475,0.0100538525,0.0,23.56521999,0.0,1358.843571,625.671743,53.01692122,143.2543797,141.6812484,0.0,0.0,2020,1412.602623,1447.039435,1622.412537,1057.088657,1068.252043,878.3955971,28.31243703,134.7206231,15.66,0,0.0554362661,452.4254034,85.93561409,0.0,0.0,25.85370481,0.2217435031
1022,ED,34,1324.121457,0.0,1.0,0.0,0.0,0.0,0.0,1.0,0.0,0.0,23.7939615,0.0,652.6810332,354.0791538,582.7210867,17.04156654,156.3626766,0.9013436884,0.0,2020,1201.652346,1253.057795,1335.588901,1055.501129,1109.153318,906.1730859,44.88470484,95.51022025,8.933118178,0,0.0,1.218441403,97.88387112,0.0,0.0,16.7118244,0.0013787203
1023,ED,62,2298.431705,0.0,0.6324699631,0.2817976658,0.0,0.0,0.0857323711,0.6324699631,0.2817976658,0.0857323711,21.73802781,0.1386349821,1738.210306,578.5140029,42.15190395,1069.243128,93.39929438,28.34626304,87.54139324,2020,1996.133155,2110.782768,2338.337133,1615.290193,1640.084296,1377.432509,74.14775483,112.7180964,50.99183308,0,148.4671172,1011.96307,499.5542339,40.75627914,0.0,38.00021117,10.12379534
1024,ED,31,1445.056072,0.0739434975,0.3267527172,0.4013934187,0.1979103666,0.0,0.0,0.4006962146,0.5993037854,0.0,23.73219032,0.0,921.6560431,36.67346296,611.5191843,64.06514415,246.397933,15.77766762,0.0,2020,1659.660585,1787.206917,1868.456991,959.5866472,1000.053011,823.3950754,20.75268362,101.4428149,13.99607328,0,0.0,0.2521193147,159.1262181,0.0,0.0,15.63742757,0.0
1025,ED,57,1688.5827,0.0,0.4186544794,0.069316984,0.0349050124,0.0,0.4771235243,0.4186544794,0.1042219964,0.4771235243,20.62079579,0.0,1103.609821,234.1211026,336.4826393,529.378389,170.4771507,13.81560094,0.8227557336,2020,1931.978793,1977.027975,2108.744475,1538.101984,1567.862857,1224.483028,122.6058651,103.4835877,87.52950355,0,187.6397759,1536.079872,521.206172,0.0318475672,0.0,24.77264261,57.94772046
1026,ED,23,1941.800695,0.9284169584,0.0715830416,0.0,0.0,0.0,0.0,1.0,0.0,0.0,24.0,0.0,714.7553988,409.8300759,195.6778727,0.0,92.74753243,0.0,0.0,2020,1021.411826,1211.433728,1243.211533,447.7190446,510.0643123,386.6848209,3.39,47.98422364,9.66,0,0.0,0.0,42.58143282,0.0,0.0,9.702710915,0.0
1027,ED,24,1363.774583,0.4720566802,0.0,0.0,0.5279433198,0.0,0.0,0.4720566802,0.5279433198,0.0,24.0,0.0,763.4619078,261.8010502,428.058825,37.76641619,66.43205235,0.0,0.0,2020,1187.801957,1355.182503,1389.911602,514.5007524,541.2997301,469.2582448,6.63,38.61250761,0.0,0,0.0,0.0,3.924241639,0.0,0.0,17.31457641,7.8
1028,ED,33,1344.962406,0.8697525513,0.1302474487,0.0,0.0,0.0,0.0,1.0,0.0,0.0,24.0,0.0,914.1762516,586.5489121,316.3071595,43.69706695,120.3875612,7.3359227,0.0,2020,1527.937419,1658.435805,1692.547067,568.8132478,587.7612937,486.0643365,2.78,77.07891127,2.89,0,0.0,0.0,28.4738959,0.0,0.0,6.723053549,0.0
1029,ED,33,1523.630738,0.3218412898,0.6781587102,0.0,0.0,0.0,0.0,1.0,0.0,0.0,23.47743428,0.0309249353,721.0079982,424.3040329,184.3319226,17.26853663,83.20508821,36.78873358,0.0,2020,1159.143069,1271.053188,1322.773588,536.7159825,559.1936876,465.1141578,2.203956391,64.87786822,4.52,0,0.0,0.0,23.44503288,0.2539563908,0.0,13.39133252,0.0
1030,ED,45,1733.884351,0.0,1.0,0.0,0.0,0.0,0.0,1.0,0.0,0.0,20.8987835,0.0,695.8927024,369.845059,416.7888682,292.7037974,105.9212048,0.6294460747,0.0,2020,1479.353452,1528.64643,1723.282554,1375.270505,1380.287893,1136.023404,115.5974752,79.03313111,44.61649444,0,0.0,1373.500861,390.3988824,0.0,0.0,19.89768713,23.48
1031,ED,21,798.374286,1.0,0.0,0.0,0.0,0.0,0.0,1.0,0.0,0.0,24.0,0.0,652.3769584,74.59465596,323.4374912,20.40670764,39.58083602,0.0,0.0,2020,790.3039084,816.0967491,854.4391386,356.2423172,370.2580279,290.4327954,22.68067949,43.12884225,0.0,0,0.0,0.0,23.44642544,0.0,0.0,2.327289085,0.0
1032,ED,45,2797.232884,0.0647783032,0.7836399492,0.0,0.1515817476,0.0,0.0,0.8484182524,0.1515817476,0.0,24.0,0.0,377.1581002,1288.760729,622.0601375,0.0,173.0966384,0.0,0.0,2020,2017.920159,2055.024552,2146.869315,1225.832091,1230.352672,1098.149655,34.65345166,86.67898461,6.35,0,0.0,0.4198034998,136.2788286,0.0,0.0,12.14767886,0.613176779
1033,ED,25,1353.510403,0.3613158288,0.5570971507,0.0,0.0815870205,0.0,0.0,0.9184129795,0.0815870205,0.0,23.26960967,0.0,343.6070718,986.1095517,127.4366478,0.5021542356,21.27917681,0.4749284548,0.0,2020,1110.58186,1171.151071,1272.494346,876.9356828,885.7682411,807.359571,22.13261792,37.76349389,9.68,0,0.0,0.0,107.7258546,0.0,0.0,11.65797849,0.2299697293
1035,ED,33,1180.584922,0.0,0.250138719,0.4416395273,0.0,0.0,0.3082217537,0.250138719,0.4416395273,0.3082217537,21.84195221,0.3108686531,483.6835767,391.4552494,161.9071267,642.0800473,17.39424125,2.239561785,19.18808109,2020,1186.504879,1197.968523,1304.138328,1119.457251,1130.678817,958.2914112,92.98071784,45.66044679,22.52467469,0,137.6554884,1118.704437,340.5942842,9.547542967,0.0,8.352753631,28.28227954
1036,ED,41,1778.734382,0.7138680107,0.2861319893,0.0,0.0,0.0,0.0,1.0,0.0,0.0,24.0,0.0,586.8484222,1544.225836,119.1717848,19.91458477,96.88358481,21.92009813,0.0,2020,1771.63824,1853.514294,1963.934971,852.6437058,891.4692782,684.6672086,34.86113465,128.9753626,4.14,0,0.0,0.0,79.2727725,0.0,0.0,20.37812828,0.0
1037,ED,44,1802.131872,0.0738073296,0.0982946935,0.0,0.8278979769,0.0,0.0,0.1721020231,0.8278979769,0.0,23.36330963,0.0553233654,177.3914007,422.8171468,1263.789616,53.21613407,11.1405439,2.553892824,0.0,2020,1433.808953,1440.137449,1543.850803,1277.628026,1280.871932,1174.560266,56.48626047,23.83762404,22.74387565,0,0.0,1275.184597,197.322493,0.0,0.0,3.711128752,17.58467558
1038,ED,30,1078.359225,0.0,0.1852913291,0.0,0.0,0.3329546617,0.4817540092,0.1852913291,0.0,0.8147086709,18.22499692,0.6024095356,523.0457006,136.129039,218.2861772,1007.462343,61.34131691,112.2753077,281.359643,2020,1678.455958,1673.189704,1876.974643,1605.506978,1599.068853,1469.86931,96.79046923,16.73320967,22.11398868,0,706.496942,1605.022191,1007.394254,0.0022745074,0.0,18.11784586,32.11
1039,ED,31,1660.797042,0.4864403781,0.1118798356,0.0,0.4016797863,0.0,0.0,0.5983202137,0.4016797863,0.0,24.0,0.0843691291,23.92746213,279.4616997,1147.697112,363.0135247,78.90391782,102.7834046,0.0,2020,1305.464671,1366.389766,1443.381145,1175.600218,1217.73914,1037.4859,42.39803342,77.04195501,18.67432986,0,0.0,1088.94153,143.3201021,0.0,0.0,4.828862549,0.1801354668
1040,ED,41,2349.361987,0.7654135837,0.0937013905,0.0,0.1408850258,0.0,0.0,0.8591149742,0.1408850258,0.0,23.86271345,0.0,1006.245883,358.4511578,728.4953395,0.0,237.8025683,16.52677015,0.0,2020,1785.155222,2090.605689,2163.045475,976.4437318,1041.211448,731.5235978,53.22834459,187.2259329,4.465856502,0,0.0,0.0,118.9830618,0.0,0.0,20.66694994,6.194276786
1041,ED,27,1033.233142,0.0,0.0,0.0,1.0,0.0,0.0,0.0,1.0,0.0,21.76781233,0.0,36.03303401,435.804266,779.2440036,354.9319528,13.77765091,104.17721,0.0,2020,1135.138316,1141.18272,1245.231157,1092.633837,1098.648242,936.8223475,94.11389961,0.0511042958,61.64648561,0,0.0,1092.633837,180.7564171,0.0,0.0,12.5410507,29.99342795
1042,ED,46,1605.948988,0.0,0.8374848759,0.1386040283,0.0239110957,0.0,0.0,0.8374848759,0.1625151241,0.0,22.77262503,0.0,1001.70362,180.403701,617.5153534,53.160935,141.5868945,9.458487275,0.0,2020,1690.929396,1744.240017,1798.635016,1331.965619,1365.14829,1135.330221,24.71843772,156.9011036,15.01585585,0,0.0,248.6083643,121.1554711,0.0980994317,0.0,13.87387588,0.0
1043,ED,21,1014.037937,0.0,1.0,0.0,0.0,0.0,0.0,1.0,0.0,0.0,24.0,0.0,705.3925932,492.9188748,143.8248847,69.01034946,88.8191874,5.90982201,0.0,2020,1210.985214,1298.717099,1365.583968,788.675878,828.5988988,687.8178228,25.8073234,67.98073187,7.07,0,0.0,0.0,101.0846995,0.0,0.0,14.95923632,3.83
1044,ED,31,1502.972969,0.4737372744,0.5262627256,0.0,0.0,0.0,0.0,1.0,0.0,0.0,24.0,0.0,1103.595232,155.0182249,302.4440222,14.33061914,106.5507486,3.01299204,0.0,2020,1441.265971,1684.985461,1742.803158,818.1032432,852.7288899,723.1908026,20.60546284,67.93691317,6.370064579,0,0.0,0.0861828206,80.08159246,0.0,0.0,10.88,0.0
1045,ED,40,1373.838503,0.4732780048,0.0,0.0,0.5267219952,0.0,0.0,0.4732780048,0.5267219952,0.0,24.0,0.0,784.9903212,172.1819713,403.354243,24.44124359,76.10234886,46.83665382,0.0,2020,1234.200411,1335.684742,1391.510036,835.9118363,877.8150072,675.475721,33.38731638,109.4218128,17.6269861,0,0.0,0.0,152.0569729,0.0,0.0,8.015002522,7.26
1046,ED,17,934.9784172,0.5558293192,0.4441706808,0.0,0.0,0.0,0.0,1.0,0.0,0.0,24.0,0.0,328.3579251,768.4821993,14.61232131,0.0,51.75257501,34.499475,0.0,2020,999.8871532,1226.200252,1280.119269,404.8630181,417.9107946,343.0929418,10.65701381,43.02891898,8.084143498,0,0.0,0.0,118.269067,20.19832163,0.0,10.46080073,0.0
1047,ED,21,1280.636568,0.0,1.0,0.0,0.0,0.0,0.0,1.0,0.0,0.0,24.0,0.0,456.7777125,680.365142,137.2832482,2.632141264,102.7327931,0.0,0.0,2020,1074.345992,1219.984138,1261.889316,548.1981446,562.7773789,458.3032762,7.42266307,81.59220525,0.88,0,0.0,0.1345161115,56.08702823,0.0,0.0,6.270998305,0.006487753
1049,ED,30,1024.16623,0.0,0.1763080863,0.0,0.0058255718,0.0,0.817866342,0.1763080863,0.0058255718,0.817866342,19.48747875,0.385636488,444.7415825,138.8642675,431.1201906,691.6214454,61.12516461,33.24431485,0.0,2020,1178.016041,1200.221161,1288.44214,1154.879869,1174.05234,1064.137084,73.38165426,9.551131408,7.81,0,278.5672619,1154.879869,542.5524598,0.0,0.0,8.4455625,7.673257844
1050,ED,35,762.178753,0.0,0.0,0.0,0.4730310975,0.0,0.5269689025,0.0,0.4730310975,0.5269689025,15.19897911,0.240944898,594.6885993,139.0325949,130.9311244,568.2230684,43.33996778,7.888726282,37.69079791,2020,1175.63294,1167.036143,1363.283292,1154.062401,1145.438251,993.2141108,132.6337053,3.411045527,24.80353907,0,397.2756587,1154.062401,663.865707,0.0,0.0,1.381149465,20.12674216
1051,ED,38,1362.143152,0.0,0.4939378817,0.0,0.306152691,0.0,0.1999094273,0.4939378817,0.306152691,0.1999094273,21.5714195,0.2080441043,890.8801957,164.9547547,322.2160779,740.2127011,56.88985509,68.23332063,0.0,2020,1413.988899,1414.887542,1610.044783,1338.457426,1320.811768,1261.909947,20.76,45.45747978,10.33,0,312.3616005,1269.377628,368.0220142,0.0,0.0,2.19,0.0
1052,ED,47,2044.400129,0.0,0.9024169896,0.0,0.0975830104,0.0,0.0,0.9024169896,0.0975830104,0.0,23.14774022,0.0349735842,769.9139061,359.3571695,337.4709789,129.9175028,84.56253247,3.842084445,0.0,2020,1331.038604,1343.779996,1467.044956,1245.183683,1257.541466,1143.975561,68.18737268,17.77074937,15.25,0,0.0,1245.183683,237.6906852,0.0,0.0,11.05180365,23.65
1053,ED,39,1497.780668,0.0,1.0,0.0,0.0,0.0,0.0,1.0,0.0,0.0,22.29029675,0.0,724.6844828,282.0698625,184.2502856,209.7430444,94.80786497,39.20918022,0.0,2020,1093.065774,1114.260611,1185.331178,1039.478654,1059.793599,934.4607942,51.10153539,42.55818563,11.35813886,0,0.0,1039.478654,118.8311069,0.0,0.0,4.017011676,0.0
1054,ED,35,970.8407365,0.0,1.0,0.0,0.0,0.0,0.0,1.0,0.0,0.0,23.60274722,0.0,761.4691387,290.4598824,176.5574932,42.23326562,104.7813085,0.0,0.0,2020,865.9459188,891.5176632,974.1427917,808.0835863,814.1537621,706.3750452,48.69264136,30.0140386,23.00186114,0,0.0,808.0835863,166.073157,0.0,0.0,14.94447271,0.0
11004,ED,94,3595.004554,0.2466662725,0.0402697682,0.4891204708,0.0,0.2239434885,0.0,0.2869360407,0.4891204708,0.2239434885,23.31332877,0.0545389739,2938.907773,340.1466142,322.3928103,35.02942586,380.0495777,583.9322836,0.0,2020,3749.837348,1459.158388,3990.859933,3471.398792,1276.726363,3159.907345,176.2796903,73.06606681,62.14568981,0,0.0,3244.242122,500.9553598,0.0640461812,0.0,16.15175973,31.90397013
11005,ED,59,2596.562907,0.3446870864,0.0,0.6553129136,0.0,0.0,0.0,0.3446870864,0.6553129136,0.0,22.16233551,0.0,443.2717979,699.4612292,1378.087241,21.23006013,82.19488674,0.0,0.0,2020,2159.415473,1398.916207,2252.595253,2036.942646,1294.283362,1958.682137,32.13073686,13.92569356,32.20407867,0,0.0,2034.687043,178.3288581,0.0,0.0,18.57573313,0.0
11006,ED,98,3713.405528,0.6031754754,0.0,0.3352088068,0.0616157178,0.0,0.0,0.6031754754,0.3968245246,0.0,23.33566291,0.0,3125.090183,620.0651404,884.479094,32.36618943,308.5138272,24.7230098,0.0,2020,4017.475738,2439.899766,4260.856477,3558.823041,2155.354737,3280.799609,105.3216103,146.708742,25.99307954,0,0.0,3454.843755,285.0585695,0.0,0.0,3.860507422,23.73
11007,ED,57,2590.575766,0.0,0.0,1.0,0.0,0.0,0.0,0.0,1.0,0.0,20.54393234,0.0,310.4478695,22.66248395,3097.918761,0.0,228.2556812,3.365813529,0.0,2020,2824.017383,1621.293909,3139.029154,2291.378316,1357.737475,2104.366221,56.08549471,104.0466008,26.88,0,0.0,0.0,239.5920766,64.79915425,0.0,6.401280888,7.75
11008,ED,36,2228.631169,0.0,0.2910501419,0.7089498581,0.0,0.0,0.0,0.2910501419,0.7089498581,0.0,23.06193657,0.0,1065.534275,95.51437257,2015.068151,0.0,176.8237952,0.0,0.0,2020,2604.131639,2036.576128,2745.02647,1116.09254,841.8033699,1047.298489,0.0,65.12405154,3.67,0,0.0,0.0,24.54,5.39,0.0,0.43,0.0
