YEAR,COUNTRY,CD_PRODUCT,FADN_REGION,SOC_EUR
2020,IE,A2010,381,643.41
2020,IE,A2010,382,522.0
2020,IE,A2120,381,512.39
2020,IE,A2120,382,401.98
2020,IE,A2130,381,355.05
2020,IE,A2130,382,317.04
2020,IE,A2220,381,326.8
2020,IE,A2220,382,363.2
2020,IE,A2230,381,386.39
2020,IE,A2230,382,233.62
2020,IE,A2300F,381,2468.88
2020,IE,A2300F,382,2449.47
2020,IE,A2300G,381,876.03
2020,IE,A2300G,382,807.62
2020,IE,A4100,381,95.43
2020,IE,A4100,382,85.93
2020,IE,A4110K,381,129.82
2020,IE,A4110K,382,122.55
2020,IE,A4120,381,51.61
2020,IE,A4120,382,49.09
2020,IE,C1110T,381,1877.73
2020,IE,C1110T,382,2102.88
2020,IE,C1300T,381,1525.9
2020,IE,C1300T,382,1736.61
2020,IE,C1400T,381,1550.0
2020,IE,C1400T,382,1553.54
