CSOED,AVA42_2010_DAIRY_STATUS
01003,ZERO_2020__WITHHELD_2010
01005,ZERO_2020__WITHHELD_2010
01006,ZERO_2020__WITHHELD_2010
01008,ZERO_2020__WITHHELD_2010
01009,ZERO_2020__WITHHELD_2010
01011,ZERO_2020__WITHHELD_2010
01012,ZERO_2020__WITHHELD_2010
01013,ZERO_2020__POSITIVE_2010
01014,ZERO_2020__WITHHELD_2010
01015,ZERO_2020__WITHHELD_2010
01017,ZERO_2020__POSITIVE_2010
01018,ZERO_2020__WITHHELD_2010
01019,ZERO_2020__WITHHELD_2010
01020,ZERO_2020__WITHHELD_2010
01021,ZERO_2020__WITHHELD_2010
01023,ZERO_2020__WITHHELD_2010
01024,ZERO_2020__WITHHELD_2010
01025,ZERO_2020__WITHHELD_2010
01026,ZERO_2020__WITHHELD_2010
01027,ZERO_2020__WITHHELD_2010
01028,ZERO_2020__POSITIVE_2010
01030,ZERO_2020__WITHHELD_2010
01031,ZERO_2020__WITHHELD_2010
01035,ZERO_2020__WITHHELD_2010
01037,ZERO_2020__WITHHELD_2010
01038,ZERO_2020__WITHHELD_2010
01041,ZERO_2020__WITHHELD_2010
01042,ZERO_2020__WITHHELD_2010
01043,ZERO_2020__WITHHELD_2010
01045,ZERO_2020__WITHHELD_2010
01046,ZERO_2020__WITHHELD_2010
01047,ZERO_2020__POSITIVE_2010
01054,ZERO_2020__WITHHELD_2010
03001,ZERO_2020__WITHHELD_2010
03018,ZERO_2020__WITHHELD_2010
03021,ZERO_2020__WITHHELD_2010
03027,ZERO_2020__WITHHELD_2010
04002,ZERO_2020__WITHHELD_2010
04006,ZERO_2020__WITHHELD_2010
04007,ZERO_2020__WITHHELD_2010
04016,ZERO_2020__WITHHELD_2010
04018,ZERO_2020__WITHHELD_2010
04025,ZERO_2020__WITHHELD_2010
04028,ZERO_2020__WITHHELD_2010
04038,ZERO_2020__WITHHELD_2010
05060,ZERO_2020__WITHHELD_2010
06003,ZERO_2020__WITHHELD_2010
06004,ZERO_2020__WITHHELD_2010
06005,ZERO_2020__WITHHELD_2010
06007,ZERO_2020__WITHHELD_2010
06008,ZERO_2020__WITHHELD_2010
06010,ZERO_2020__WITHHELD_2010
06011,ZERO_2020__WITHHELD_2010
06014,ZERO_2020__WITHHELD_2010
06016,ZERO_2020__WITHHELD_2010
06018,ZERO_2020__WITHHELD_2010
06019,ZERO_2020__WITHHELD_2010
06020,ZERO_2020__WITHHELD_2010
06021,ZERO_2020__WITHHELD_2010
06022,ZERO_2020__WITHHELD_2010
06023,ZERO_2020__WITHHELD_2010
06024,ZERO_2020__WITHHELD_2010
06025,ZERO_2020__WITHHELD_2010
06027,ZERO_2020__WITHHELD_2010
06028,ZERO_2020__WITHHELD_2010
06029,ZERO_2020__WITHHELD_2010
06030,ZERO_2020__WITHHELD_2010
06031,ZERO_2020__WITHHELD_2010
06032,ZERO_2020__WITHHELD_2010
06034,ZERO_2020__WITHHELD_2010
06036,ZERO_2020__WITHHELD_2010
06037,ZERO_2020__WITHHELD_2010
06038,ZERO_2020__POSITIVE_2010
06040,ZERO_2020__WITHHELD_2010
06041,ZERO_2020__WITHHELD_2010
06042,ZERO_2020__WITHHELD_2010
06043,ZERO_2020__POSITIVE_2010
06044,ZERO_2020__WITHHELD_2010
06045,ZERO_2020__WITHHELD_2010
06046,ZERO_2020__WITHHELD_2010
06047,ZERO_2020__POSITIVE_2010
06048,ZERO_2020__WITHHELD_2010
06051,ZERO_2020__WITHHELD_2010
06053,ZERO_2020__WITHHELD_2010
06055,ZERO_2020__WITHHELD_2010
06057,ZERO_2020__WITHHELD_2010
06058,ZERO_2020__WITHHELD_2010
06059,ZERO_2020__WITHHELD_2010
06060,ZERO_2020__WITHHELD_2010
06062,ZERO_2020__WITHHELD_2010
06063,ZERO_2020__WITHHELD_2010
06064,ZERO_2020__WITHHELD_2010
06068,ZERO_2020__WITHHELD_2010
06071,ZERO_2020__WITHHELD_2010
06072,ZERO_2020__WITHHELD_2010
06076,ZERO_2020__WITHHELD_2010
06077,ZERO_2020__WITHHELD_2010
06078,ZERO_2020__WITHHELD_2010
06079,ZERO_2020__WITHHELD_2010
06080,ZERO_2020__WITHHELD_2010
06081,ZERO_2020__WITHHELD_2010
06082,ZERO_2020__WITHHELD_2010
06084,ZERO_2020__WITHHELD_2010
06085,ZERO_2020__WITHHELD_2010
06086,ZERO_2020__WITHHELD_2010
06089,ZERO_2020__WITHHELD_2010
07022,ZERO_2020__WITHHELD_2010
07037,ZERO_2020__WITHHELD_2010
07053,ZERO_2020__POSITIVE_2010
07063,ZERO_2020__WITHHELD_2010
07065,ZERO_2020__WITHHELD_2010
07066,ZERO_2020__WITHHELD_2010
07068,ZERO_2020__POSITIVE_2010
07069,ZERO_2020__WITHHELD_2010
07071,ZERO_2020__WITHHELD_2010
07073,ZERO_2020__WITHHELD_2010
07074,ZERO_2020__WITHHELD_2010
07077,ZERO_2020__WITHHELD_2010
07081,ZERO_2020__WITHHELD_2010
07084,ZERO_2020__WITHHELD_2010
07085,ZERO_2020__WITHHELD_2010
07087,ZERO_2020__WITHHELD_2010
07096,ZERO_2020__POSITIVE_2010
07102,ZERO_2020__POSITIVE_2010
07106,ZERO_2020__WITHHELD_2010
08006,ZERO_2020__WITHHELD_2010
08010,ZERO_2020__WITHHELD_2010
08014,ZERO_2020__WITHHELD_2010
08021,ZERO_2020__WITHHELD_2010
08022,ZERO_2020__POSITIVE_2010
08023,ZERO_2020__POSITIVE_2010
08028,ZERO_2020__WITHHELD_2010
08033,ZERO_2020__POSITIVE_2010
08035,ZERO_2020__WITHHELD_2010
08036,ZERO_2020__WITHHELD_2010
08038,ZERO_2020__WITHHELD_2010
08040,ZERO_2020__WITHHELD_2010
08041,ZERO_2020__WITHHELD_2010
08042,ZERO_2020__WITHHELD_2010
08044,ZERO_2020__WITHHELD_2010
08045/08046,ZERO_2020__WITHHELD_2010
08049,ZERO_2020__WITHHELD_2010
08051,ZERO_2020__POSITIVE_2010
08052,ZERO_2020__WITHHELD_2010
08053,ZERO_2020__WITHHELD_2010
08054,ZERO_2020__WITHHELD_2010
08056,ZERO_2020__WITHHELD_2010
08058,ZERO_2020__WITHHELD_2010
08060,ZERO_2020__WITHHELD_2010
08064,ZERO_2020__WITHHELD_2010
08070,ZERO_2020__WITHHELD_2010
08071,ZERO_2020__POSITIVE_2010
08075,ZERO_2020__WITHHELD_2010
08077,ZERO_2020__WITHHELD_2010
08078,ZERO_2020__WITHHELD_2010
08083,ZERO_2020__WITHHELD_2010
08086,ZERO_2020__WITHHELD_2010
08089,ZERO_2020__POSITIVE_2010
08090,ZERO_2020__POSITIVE_2010
08091,ZERO_2020__WITHHELD_2010
08093,ZERO_2020__WITHHELD_2010
08094,ZERO_2020__WITHHELD_2010
08096,ZERO_2020__WITHHELD_2010
08097,ZERO_2020__WITHHELD_2010
09003,ZERO_2020__WITHHELD_2010
09004,ZERO_2020__WITHHELD_2010
09005,ZERO_2020__WITHHELD_2010
09010,ZERO_2020__WITHHELD_2010
09013,ZERO_2020__WITHHELD_2010
09014,ZERO_2020__WITHHELD_2010
09015,ZERO_2020__WITHHELD_2010
09016,ZERO_2020__WITHHELD_2010
09019,ZERO_2020__WITHHELD_2010
09020,ZERO_2020__WITHHELD_2010
09023,ZERO_2020__WITHHELD_2010
09024/09035,ZERO_2020__WITHHELD_2010
09025,ZERO_2020__WITHHELD_2010
09026,ZERO_2020__WITHHELD_2010
09028,ZERO_2020__WITHHELD_2010
09029,ZERO_2020__POSITIVE_2010
09031,ZERO_2020__WITHHELD_2010
09032,ZERO_2020__WITHHELD_2010
09036,ZERO_2020__WITHHELD_2010
09038,ZERO_2020__WITHHELD_2010
09039,ZERO_2020__WITHHELD_2010
09043,ZERO_2020__POSITIVE_2010
09044,ZERO_2020__WITHHELD_2010
09046,ZERO_2020__WITHHELD_2010
09048,ZERO_2020__WITHHELD_2010
09049,ZERO_2020__WITHHELD_2010
09050,ZERO_2020__WITHHELD_2010
09051,ZERO_2020__WITHHELD_2010
09052,ZERO_2020__WITHHELD_2010
09055,ZERO_2020__POSITIVE_2010
10010,ZERO_2020__WITHHELD_2010
10014,ZERO_2020__WITHHELD_2010
10016,ZERO_2020__WITHHELD_2010
10018,ZERO_2020__WITHHELD_2010
10019,ZERO_2020__POSITIVE_2010
10025,ZERO_2020__WITHHELD_2010
10029,ZERO_2020__WITHHELD_2010
10031,ZERO_2020__WITHHELD_2010
10034,ZERO_2020__WITHHELD_2010
10035,ZERO_2020__POSITIVE_2010
11005,ZERO_2020__POSITIVE_2010
11008,ZERO_2020__WITHHELD_2010
11017,ZERO_2020__WITHHELD_2010
11019,ZERO_2020__WITHHELD_2010
11021,ZERO_2020__WITHHELD_2010
11022,ZERO_2020__WITHHELD_2010
11023,ZERO_2020__WITHHELD_2010
11026,ZERO_2020__WITHHELD_2010
11028,ZERO_2020__POSITIVE_2010
11031,ZERO_2020__WITHHELD_2010
11032,ZERO_2020__WITHHELD_2010
11034,ZERO_2020__WITHHELD_2010
11037,ZERO_2020__WITHHELD_2010
11039,ZERO_2020__WITHHELD_2010
11047,ZERO_2020__WITHHELD_2010
11062,ZERO_2020__WITHHELD_2010
11065,ZERO_2020__WITHHELD_2010
11066,ZERO_2020__WITHHELD_2010
11069,ZERO_2020__POSITIVE_2010
11073,ZERO_2020__WITHHELD_2010
11076,ZERO_2020__POSITIVE_2010
11080,ZERO_2020__WITHHELD_2010
11082,ZERO_2020__WITHHELD_2010
11083,ZERO_2020__WITHHELD_2010
11084,ZERO_2020__WITHHELD_2010
11087,ZERO_2020__POSITIVE_2010
11088,ZERO_2020__WITHHELD_2010
11091,ZERO_2020__WITHHELD_2010
12006,ZERO_2020__WITHHELD_2010
12007,ZERO_2020__WITHHELD_2010
12011,ZERO_2020__WITHHELD_2010
12014,ZERO_2020__POSITIVE_2010
12015,ZERO_2020__WITHHELD_2010
12017,ZERO_2020__WITHHELD_2010
12022,ZERO_2020__WITHHELD_2010
12023,ZERO_2020__WITHHELD_2010
12024,ZERO_2020__WITHHELD_2010
12025,ZERO_2020__WITHHELD_2010
12026,ZERO_2020__WITHHELD_2010
12029,ZERO_2020__WITHHELD_2010
12031,ZERO_2020__WITHHELD_2010
12035,ZERO_2020__POSITIVE_2010
12036,ZERO_2020__WITHHELD_2010
12037,ZERO_2020__WITHHELD_2010
12038,ZERO_2020__WITHHELD_2010
12045,ZERO_2020__WITHHELD_2010
12047,ZERO_2020__WITHHELD_2010
12052,ZERO_2020__WITHHELD_2010
12055,ZERO_2020__WITHHELD_2010
12057,ZERO_2020__POSITIVE_2010
12058,ZERO_2020__WITHHELD_2010
12059,ZERO_2020__WITHHELD_2010
12060,ZERO_2020__WITHHELD_2010
12061,ZERO_2020__WITHHELD_2010
12063,ZERO_2020__POSITIVE_2010
12064,ZERO_2020__WITHHELD_2010
12065,ZERO_2020__WITHHELD_2010
12066,ZERO_2020__WITHHELD_2010
12067,ZERO_2020__WITHHELD_2010
12069,ZERO_2020__WITHHELD_2010
12070,ZERO_2020__WITHHELD_2010
12074,ZERO_2020__POSITIVE_2010
12076,ZERO_2020__WITHHELD_2010
12077,ZERO_2020__WITHHELD_2010
12078,ZERO_2020__WITHHELD_2010
12085,ZERO_2020__WITHHELD_2010
12086,ZERO_2020__POSITIVE_2010
12087,ZERO_2020__WITHHELD_2010
13003,ZERO_2020__WITHHELD_2010
13007,ZERO_2020__WITHHELD_2010
13008,ZERO_2020__WITHHELD_2010
13010,ZERO_2020__WITHHELD_2010
13011,ZERO_2020__WITHHELD_2010
13012,ZERO_2020__WITHHELD_2010
13013,ZERO_2020__WITHHELD_2010
13014,ZERO_2020__WITHHELD_2010
13018,ZERO_2020__WITHHELD_2010
13019,ZERO_2020__WITHHELD_2010
13023,ZERO_2020__WITHHELD_2010
13024,ZERO_2020__WITHHELD_2010
13028,ZERO_2020__WITHHELD_2010
13029,ZERO_2020__WITHHELD_2010
13030,ZERO_2020__WITHHELD_2010
13031,ZERO_2020__WITHHELD_2010
13032,ZERO_2020__WITHHELD_2010
13035,ZERO_2020__POSITIVE_2010
13036,ZERO_2020__WITHHELD_2010
13037,ZERO_2020__WITHHELD_2010
13038,ZERO_2020__WITHHELD_2010
13041,ZERO_2020__WITHHELD_2010
13043,ZERO_2020__WITHHELD_2010
13044,ZERO_2020__WITHHELD_2010
13046,ZERO_2020__WITHHELD_2010
13048,ZERO_2020__WITHHELD_2010
13049,ZERO_2020__WITHHELD_2010
13050,ZERO_2020__WITHHELD_2010
13051,ZERO_2020__POSITIVE_2010
13054/13085,ZERO_2020__WITHHELD_2010
13055,ZERO_2020__WITHHELD_2010
13059,ZERO_2020__WITHHELD_2010
13060,ZERO_2020__WITHHELD_2010
13061,ZERO_2020__WITHHELD_2010
13064,ZERO_2020__WITHHELD_2010
13065,ZERO_2020__WITHHELD_2010
13067,ZERO_2020__WITHHELD_2010
13069,ZERO_2020__WITHHELD_2010
13070,ZERO_2020__WITHHELD_2010
13073,ZERO_2020__WITHHELD_2010
13075,ZERO_2020__WITHHELD_2010
13077,ZERO_2020__WITHHELD_2010
13078,ZERO_2020__POSITIVE_2010
13079,ZERO_2020__WITHHELD_2010
13080,ZERO_2020__POSITIVE_2010
13082,ZERO_2020__WITHHELD_2010
13083,ZERO_2020__WITHHELD_2010
13084,ZERO_2020__WITHHELD_2010
13089,ZERO_2020__WITHHELD_2010
13094,ZERO_2020__WITHHELD_2010
13095,ZERO_2020__WITHHELD_2010
13096,ZERO_2020__WITHHELD_2010
13098,ZERO_2020__WITHHELD_2010
13099,ZERO_2020__WITHHELD_2010
13101,ZERO_2020__WITHHELD_2010
13102,ZERO_2020__WITHHELD_2010
13104,ZERO_2020__WITHHELD_2010
13106,ZERO_2020__WITHHELD_2010
14013,ZERO_2020__POSITIVE_2010
14022,ZERO_2020__WITHHELD_2010
14023,ZERO_2020__WITHHELD_2010
14027,ZERO_2020__POSITIVE_2010
14029,ZERO_2020__WITHHELD_2010
14032,ZERO_2020__WITHHELD_2010
14034,ZERO_2020__WITHHELD_2010
14038,ZERO_2020__WITHHELD_2010
14041,ZERO_2020__POSITIVE_2010
14043,ZERO_2020__WITHHELD_2010
14057,ZERO_2020__POSITIVE_2010
14067,ZERO_2020__WITHHELD_2010
14074,ZERO_2020__WITHHELD_2010
14078,ZERO_2020__WITHHELD_2010
14080,ZERO_2020__WITHHELD_2010
14086,ZERO_2020__WITHHELD_2010
14092,ZERO_2020__WITHHELD_2010
14093,ZERO_2020__WITHHELD_2010
14098,ZERO_2020__WITHHELD_2010
14099,ZERO_2020__WITHHELD_2010
14100,ZERO_2020__WITHHELD_2010
14101,ZERO_2020__WITHHELD_2010
14103,ZERO_2020__POSITIVE_2010
14104,ZERO_2020__WITHHELD_2010
14105,ZERO_2020__WITHHELD_2010
14106,ZERO_2020__WITHHELD_2010
14113,ZERO_2020__POSITIVE_2010
14114,ZERO_2020__WITHHELD_2010
14115,ZERO_2020__WITHHELD_2010
14116,ZERO_2020__WITHHELD_2010
14118,ZERO_2020__WITHHELD_2010
14119,ZERO_2020__WITHHELD_2010
15008,ZERO_2020__WITHHELD_2010
15009,ZERO_2020__POSITIVE_2010
15010,ZERO_2020__POSITIVE_2010
15011,ZERO_2020__WITHHELD_2010
15013,ZERO_2020__WITHHELD_2010
15015,ZERO_2020__WITHHELD_2010
15016,ZERO_2020__WITHHELD_2010
15017,ZERO_2020__WITHHELD_2010
15019,ZERO_2020__WITHHELD_2010
15020,ZERO_2020__WITHHELD_2010
15021,ZERO_2020__WITHHELD_2010
15022,ZERO_2020__WITHHELD_2010
15027,ZERO_2020__POSITIVE_2010
15033,ZERO_2020__WITHHELD_2010
15035,ZERO_2020__WITHHELD_2010
15037,ZERO_2020__WITHHELD_2010
15039,ZERO_2020__POSITIVE_2010
15040,ZERO_2020__WITHHELD_2010
15042,ZERO_2020__WITHHELD_2010
15043,ZERO_2020__WITHHELD_2010
15044,ZERO_2020__WITHHELD_2010
15045,ZERO_2020__WITHHELD_2010
15048,ZERO_2020__WITHHELD_2010
15052,ZERO_2020__WITHHELD_2010
15054,ZERO_2020__WITHHELD_2010
15055,ZERO_2020__WITHHELD_2010
15057,ZERO_2020__WITHHELD_2010
15060,ZERO_2020__WITHHELD_2010
15061,ZERO_2020__WITHHELD_2010
15064,ZERO_2020__WITHHELD_2010
15068,ZERO_2020__WITHHELD_2010
15070,ZERO_2020__WITHHELD_2010
15071,ZERO_2020__POSITIVE_2010
15072,ZERO_2020__WITHHELD_2010
15073,ZERO_2020__WITHHELD_2010
15074,ZERO_2020__WITHHELD_2010
15075,ZERO_2020__WITHHELD_2010
15077,ZERO_2020__WITHHELD_2010
16005,ZERO_2020__WITHHELD_2010
16010,ZERO_2020__WITHHELD_2010
16014/16008,ZERO_2020__WITHHELD_2010
16015,ZERO_2020__WITHHELD_2010
16016,ZERO_2020__WITHHELD_2010
16018,ZERO_2020__WITHHELD_2010
16020/16017,ZERO_2020__POSITIVE_2010
16021,ZERO_2020__WITHHELD_2010
16022,ZERO_2020__WITHHELD_2010
16024,ZERO_2020__WITHHELD_2010
16025,ZERO_2020__WITHHELD_2010
16026,ZERO_2020__WITHHELD_2010
16027,ZERO_2020__WITHHELD_2010
16028,ZERO_2020__WITHHELD_2010
16030,ZERO_2020__WITHHELD_2010
16031,ZERO_2020__WITHHELD_2010
16032,ZERO_2020__WITHHELD_2010
16033,ZERO_2020__WITHHELD_2010
16034,ZERO_2020__WITHHELD_2010
16035,ZERO_2020__WITHHELD_2010
16037,ZERO_2020__WITHHELD_2010
16038,ZERO_2020__WITHHELD_2010
16043,ZERO_2020__POSITIVE_2010
16045,ZERO_2020__WITHHELD_2010
16047,ZERO_2020__WITHHELD_2010
16048,ZERO_2020__WITHHELD_2010
16049,ZERO_2020__POSITIVE_2010
16050,ZERO_2020__WITHHELD_2010
16053,ZERO_2020__WITHHELD_2010
16056,ZERO_2020__WITHHELD_2010
16057,ZERO_2020__WITHHELD_2010
16059,ZERO_2020__WITHHELD_2010
16062,ZERO_2020__WITHHELD_2010
16063,ZERO_2020__WITHHELD_2010
16065,ZERO_2020__WITHHELD_2010
16066,ZERO_2020__WITHHELD_2010
16069,ZERO_2020__WITHHELD_2010
16070,ZERO_2020__POSITIVE_2010
16074,ZERO_2020__WITHHELD_2010
16075,ZERO_2020__WITHHELD_2010
16077,ZERO_2020__WITHHELD_2010
16088,ZERO_2020__WITHHELD_2010
16091,ZERO_2020__WITHHELD_2010
16094,ZERO_2020__WITHHELD_2010
16095,ZERO_2020__WITHHELD_2010
16099,ZERO_2020__POSITIVE_2010
16100,ZERO_2020__POSITIVE_2010
16104,ZERO_2020__POSITIVE_2010
16105,ZERO_2020__WITHHELD_2010
16106,ZERO_2020__WITHHELD_2010
16107,ZERO_2020__WITHHELD_2010
16108,ZERO_2020__WITHHELD_2010
16110,ZERO_2020__WITHHELD_2010
16112,ZERO_2020__WITHHELD_2010
16113,ZERO_2020__WITHHELD_2010
16114,ZERO_2020__WITHHELD_2010
16115,ZERO_2020__WITHHELD_2010
16116,ZERO_2020__POSITIVE_2010
16117,ZERO_2020__WITHHELD_2010
16118,ZERO_2020__WITHHELD_2010
16119,ZERO_2020__WITHHELD_2010
16120,ZERO_2020__WITHHELD_2010
16121,ZERO_2020__WITHHELD_2010
16122,ZERO_2020__WITHHELD_2010
16124,ZERO_2020__WITHHELD_2010
16125,ZERO_2020__WITHHELD_2010
16126,ZERO_2020__WITHHELD_2010
16129,ZERO_2020__WITHHELD_2010
16131,ZERO_2020__WITHHELD_2010
16135,ZERO_2020__WITHHELD_2010
16137,ZERO_2020__POSITIVE_2010
16138,ZERO_2020__WITHHELD_2010
16139,ZERO_2020__WITHHELD_2010
16140,ZERO_2020__WITHHELD_2010
16142,ZERO_2020__WITHHELD_2010
16143,ZERO_2020__WITHHELD_2010
16145,ZERO_2020__WITHHELD_2010
16148,ZERO_2020__WITHHELD_2010
16149,ZERO_2020__WITHHELD_2010
16150,ZERO_2020__WITHHELD_2010
16152,ZERO_2020__WITHHELD_2010
16154,ZERO_2020__WITHHELD_2010
18005,ZERO_2020__WITHHELD_2010
18009,ZERO_2020__WITHHELD_2010
18032,ZERO_2020__WITHHELD_2010
18034,ZERO_2020__WITHHELD_2010
18035,ZERO_2020__WITHHELD_2010
18036,ZERO_2020__POSITIVE_2010
18038,ZERO_2020__WITHHELD_2010
18039,ZERO_2020__WITHHELD_2010
18041,ZERO_2020__WITHHELD_2010
18044,ZERO_2020__WITHHELD_2010
18045,ZERO_2020__POSITIVE_2010
18049,ZERO_2020__POSITIVE_2010
18050,ZERO_2020__WITHHELD_2010
18051,ZERO_2020__WITHHELD_2010
18052,ZERO_2020__WITHHELD_2010
18071,ZERO_2020__WITHHELD_2010
18098,ZERO_2020__WITHHELD_2010
18108,ZERO_2020__WITHHELD_2010
18169,ZERO_2020__WITHHELD_2010
18180,ZERO_2020__POSITIVE_2010
18190,ZERO_2020__WITHHELD_2010
18195,ZERO_2020__POSITIVE_2010
18199,ZERO_2020__WITHHELD_2010
18202,ZERO_2020__WITHHELD_2010
18206,ZERO_2020__WITHHELD_2010
18226,ZERO_2020__POSITIVE_2010
18253,ZERO_2020__WITHHELD_2010
18290,ZERO_2020__WITHHELD_2010
18307,ZERO_2020__WITHHELD_2010
18318,ZERO_2020__POSITIVE_2010
18319,ZERO_2020__WITHHELD_2010
19001,ZERO_2020__WITHHELD_2010
19002,ZERO_2020__WITHHELD_2010
19007,ZERO_2020__WITHHELD_2010
19009/19020,ZERO_2020__WITHHELD_2010
19010,ZERO_2020__POSITIVE_2010
19015,ZERO_2020__WITHHELD_2010
19016,ZERO_2020__WITHHELD_2010
19019,ZERO_2020__WITHHELD_2010
19021,ZERO_2020__WITHHELD_2010
19022,ZERO_2020__WITHHELD_2010
19023,ZERO_2020__WITHHELD_2010
19027,ZERO_2020__WITHHELD_2010
19030,ZERO_2020__WITHHELD_2010
19031,ZERO_2020__WITHHELD_2010
19034,ZERO_2020__WITHHELD_2010
19037,ZERO_2020__WITHHELD_2010
19038,ZERO_2020__POSITIVE_2010
19039,ZERO_2020__WITHHELD_2010
19041,ZERO_2020__WITHHELD_2010
19042,ZERO_2020__WITHHELD_2010
19044,ZERO_2020__POSITIVE_2010
19047,ZERO_2020__WITHHELD_2010
19048,ZERO_2020__WITHHELD_2010
19050,ZERO_2020__WITHHELD_2010
19052,ZERO_2020__WITHHELD_2010
19065,ZERO_2020__POSITIVE_2010
19066,ZERO_2020__POSITIVE_2010
19068,ZERO_2020__WITHHELD_2010
19069,ZERO_2020__POSITIVE_2010
19075,ZERO_2020__WITHHELD_2010
19076,ZERO_2020__WITHHELD_2010
19105,ZERO_2020__WITHHELD_2010
19113,ZERO_2020__WITHHELD_2010
19137,ZERO_2020__WITHHELD_2010
19138,ZERO_2020__WITHHELD_2010
19150,ZERO_2020__WITHHELD_2010
19151,ZERO_2020__WITHHELD_2010
19152,ZERO_2020__WITHHELD_2010
19156,ZERO_2020__WITHHELD_2010
21012,ZERO_2020__POSITIVE_2010
21051,ZERO_2020__WITHHELD_2010
21056,ZERO_2020__WITHHELD_2010
21066,ZERO_2020__WITHHELD_2010
21067,ZERO_2020__POSITIVE_2010
21085,ZERO_2020__POSITIVE_2010
21094,ZERO_2020__WITHHELD_2010
21105,ZERO_2020__WITHHELD_2010
21107,ZERO_2020__WITHHELD_2010
21109,ZERO_2020__WITHHELD_2010
21118,ZERO_2020__POSITIVE_2010
21124,ZERO_2020__WITHHELD_2010
21128,ZERO_2020__WITHHELD_2010
21130,ZERO_2020__WITHHELD_2010
22001,ZERO_2020__WITHHELD_2010
22003,ZERO_2020__WITHHELD_2010
22012,ZERO_2020__WITHHELD_2010
22016,ZERO_2020__POSITIVE_2010
22020,ZERO_2020__POSITIVE_2010
22031,ZERO_2020__POSITIVE_2010
22037/22045,ZERO_2020__WITHHELD_2010
22040,ZERO_2020__WITHHELD_2010
22043,ZERO_2020__WITHHELD_2010
22047,ZERO_2020__WITHHELD_2010
22053,ZERO_2020__WITHHELD_2010
23082,ZERO_2020__WITHHELD_2010
23098,ZERO_2020__WITHHELD_2010
23107,ZERO_2020__WITHHELD_2010
23121,ZERO_2020__POSITIVE_2010
23125,ZERO_2020__WITHHELD_2010
23138,ZERO_2020__WITHHELD_2010
23152,ZERO_2020__WITHHELD_2010
24016,ZERO_2020__WITHHELD_2010
25016,ZERO_2020__WITHHELD_2010
25017,ZERO_2020__WITHHELD_2010
25028,ZERO_2020__POSITIVE_2010
25033,ZERO_2020__WITHHELD_2010
25045,ZERO_2020__WITHHELD_2010
25046,ZERO_2020__WITHHELD_2010
25052,ZERO_2020__WITHHELD_2010
25061,ZERO_2020__WITHHELD_2010
25064,ZERO_2020__POSITIVE_2010
25070,ZERO_2020__WITHHELD_2010
25071,ZERO_2020__WITHHELD_2010
25074,ZERO_2020__WITHHELD_2010
25083,ZERO_2020__WITHHELD_2010
25084,ZERO_2020__POSITIVE_2010
25085,ZERO_2020__WITHHELD_2010
25088,ZERO_2020__WITHHELD_2010
26015,ZERO_2020__WITHHELD_2010
27002,ZERO_2020__WITHHELD_2010
27003,ZERO_2020__POSITIVE_2010
27004,ZERO_2020__WITHHELD_2010
27005,ZERO_2020__WITHHELD_2010
27006,ZERO_2020__WITHHELD_2010
27008,ZERO_2020__WITHHELD_2010
27010,ZERO_2020__POSITIVE_2010
27012,ZERO_2020__WITHHELD_2010
27013,ZERO_2020__WITHHELD_2010
27014,ZERO_2020__WITHHELD_2010
27015,ZERO_2020__WITHHELD_2010
27017,ZERO_2020__WITHHELD_2010
27018,ZERO_2020__WITHHELD_2010
27019,ZERO_2020__WITHHELD_2010
27020,ZERO_2020__WITHHELD_2010
27042,ZERO_2020__WITHHELD_2010
27043,ZERO_2020__WITHHELD_2010
27045,ZERO_2020__WITHHELD_2010
27056,ZERO_2020__WITHHELD_2010
27057,ZERO_2020__POSITIVE_2010
27058,ZERO_2020__WITHHELD_2010
27059,ZERO_2020__WITHHELD_2010
27060,ZERO_2020__POSITIVE_2010
27066,ZERO_2020__WITHHELD_2010
27068,ZERO_2020__WITHHELD_2010
27069,ZERO_2020__WITHHELD_2010
27070,ZERO_2020__WITHHELD_2010
27072,ZERO_2020__WITHHELD_2010
27073,ZERO_2020__WITHHELD_2010
27074,ZERO_2020__POSITIVE_2010
27075,ZERO_2020__WITHHELD_2010
27076,ZERO_2020__WITHHELD_2010
27077,ZERO_2020__POSITIVE_2010
27078,ZERO_2020__WITHHELD_2010
27079,ZERO_2020__WITHHELD_2010
27080,ZERO_2020__WITHHELD_2010
27081,ZERO_2020__WITHHELD_2010
27084,ZERO_2020__WITHHELD_2010
27088,ZERO_2020__WITHHELD_2010
27089,ZERO_2020__WITHHELD_2010
27091,ZERO_2020__WITHHELD_2010
27092,ZERO_2020__WITHHELD_2010
27093,ZERO_2020__WITHHELD_2010
27094,ZERO_2020__WITHHELD_2010
27097,ZERO_2020__WITHHELD_2010
27098,ZERO_2020__WITHHELD_2010
27099,ZERO_2020__WITHHELD_2010
27101,ZERO_2020__WITHHELD_2010
27102,ZERO_2020__WITHHELD_2010
27105,ZERO_2020__WITHHELD_2010
27107,ZERO_2020__WITHHELD_2010
27108,ZERO_2020__WITHHELD_2010
27112,ZERO_2020__WITHHELD_2010
27113,ZERO_2020__POSITIVE_2010
27115,ZERO_2020__WITHHELD_2010
27117,ZERO_2020__WITHHELD_2010
27121,ZERO_2020__WITHHELD_2010
27127,ZERO_2020__WITHHELD_2010
27129/27126,ZERO_2020__WITHHELD_2010
27131,ZERO_2020__POSITIVE_2010
27133,ZERO_2020__WITHHELD_2010
27134,ZERO_2020__WITHHELD_2010
27139,ZERO_2020__WITHHELD_2010
27140,ZERO_2020__WITHHELD_2010
27141,ZERO_2020__WITHHELD_2010
27143,ZERO_2020__POSITIVE_2010
27144,ZERO_2020__POSITIVE_2010
27145,ZERO_2020__WITHHELD_2010
27147,ZERO_2020__WITHHELD_2010
27148,ZERO_2020__WITHHELD_2010
27164,ZERO_2020__POSITIVE_2010
27166,ZERO_2020__POSITIVE_2010
27173,ZERO_2020__WITHHELD_2010
27176,ZERO_2020__WITHHELD_2010
27178,ZERO_2020__WITHHELD_2010
27179,ZERO_2020__WITHHELD_2010
27181,ZERO_2020__WITHHELD_2010
27184,ZERO_2020__WITHHELD_2010
27185,ZERO_2020__WITHHELD_2010
27190,ZERO_2020__WITHHELD_2010
27192,ZERO_2020__WITHHELD_2010
27193,ZERO_2020__WITHHELD_2010
27195,ZERO_2020__WITHHELD_2010
27197,ZERO_2020__WITHHELD_2010
27198,ZERO_2020__WITHHELD_2010
27199,ZERO_2020__WITHHELD_2010
27201,ZERO_2020__WITHHELD_2010
27202,ZERO_2020__WITHHELD_2010
27203,ZERO_2020__WITHHELD_2010
27205,ZERO_2020__WITHHELD_2010
27207,ZERO_2020__WITHHELD_2010
27208,ZERO_2020__WITHHELD_2010
27210,ZERO_2020__WITHHELD_2010
27211,ZERO_2020__WITHHELD_2010
27212,ZERO_2020__WITHHELD_2010
27213,ZERO_2020__WITHHELD_2010
27214,ZERO_2020__WITHHELD_2010
28001,ZERO_2020__WITHHELD_2010
28002,ZERO_2020__WITHHELD_2010
28003,ZERO_2020__WITHHELD_2010
28004,ZERO_2020__WITHHELD_2010
28006,ZERO_2020__WITHHELD_2010
28008,ZERO_2020__WITHHELD_2010
28009,ZERO_2020__POSITIVE_2010
28026,ZERO_2020__WITHHELD_2010
28039,ZERO_2020__WITHHELD_2010
28056,ZERO_2020__WITHHELD_2010
28057,ZERO_2020__WITHHELD_2010
28061,ZERO_2020__WITHHELD_2010
28062,ZERO_2020__WITHHELD_2010
28065,ZERO_2020__WITHHELD_2010
28066,ZERO_2020__WITHHELD_2010
28067,ZERO_2020__WITHHELD_2010
28068,ZERO_2020__WITHHELD_2010
28069,ZERO_2020__WITHHELD_2010
28070,ZERO_2020__WITHHELD_2010
28071,ZERO_2020__WITHHELD_2010
28072,ZERO_2020__WITHHELD_2010
28073,ZERO_2020__WITHHELD_2010
28075,ZERO_2020__WITHHELD_2010
28077,ZERO_2020__WITHHELD_2010
29005,ZERO_2020__WITHHELD_2010
29006,ZERO_2020__POSITIVE_2010
29007,ZERO_2020__WITHHELD_2010
29009,ZERO_2020__WITHHELD_2010
29011,ZERO_2020__WITHHELD_2010
29015,ZERO_2020__WITHHELD_2010
29016,ZERO_2020__POSITIVE_2010
29017,ZERO_2020__WITHHELD_2010
29018,ZERO_2020__WITHHELD_2010
29020,ZERO_2020__POSITIVE_2010
29021,ZERO_2020__WITHHELD_2010
29022,ZERO_2020__WITHHELD_2010
29024,ZERO_2020__WITHHELD_2010
29026,ZERO_2020__WITHHELD_2010
29031,ZERO_2020__POSITIVE_2010
29032,ZERO_2020__WITHHELD_2010
29036,ZERO_2020__WITHHELD_2010
29038,ZERO_2020__WITHHELD_2010
29041,ZERO_2020__POSITIVE_2010
29042,ZERO_2020__POSITIVE_2010
29048,ZERO_2020__WITHHELD_2010
29049,ZERO_2020__WITHHELD_2010
29052,ZERO_2020__POSITIVE_2010
29055,ZERO_2020__WITHHELD_2010
29064,ZERO_2020__WITHHELD_2010
29066,ZERO_2020__WITHHELD_2010
29067,ZERO_2020__WITHHELD_2010
29068,ZERO_2020__WITHHELD_2010
29069,ZERO_2020__WITHHELD_2010
29071,ZERO_2020__WITHHELD_2010
29074,ZERO_2020__WITHHELD_2010
29075,ZERO_2020__WITHHELD_2010
29076,ZERO_2020__WITHHELD_2010
29079,ZERO_2020__WITHHELD_2010
29081,ZERO_2020__WITHHELD_2010
29082,ZERO_2020__WITHHELD_2010
29083,ZERO_2020__WITHHELD_2010
29085,ZERO_2020__WITHHELD_2010
29086,ZERO_2020__WITHHELD_2010
29087,ZERO_2020__POSITIVE_2010
29089,ZERO_2020__POSITIVE_2010
29092,ZERO_2020__WITHHELD_2010
29094,ZERO_2020__POSITIVE_2010
29096,ZERO_2020__POSITIVE_2010
29097,ZERO_2020__WITHHELD_2010
29098,ZERO_2020__WITHHELD_2010
29099,ZERO_2020__WITHHELD_2010
29101,ZERO_2020__WITHHELD_2010
29102,ZERO_2020__WITHHELD_2010
29107,ZERO_2020__WITHHELD_2010
29109,ZERO_2020__WITHHELD_2010
29111,ZERO_2020__WITHHELD_2010
29113,ZERO_2020__WITHHELD_2010
29116,ZERO_2020__WITHHELD_2010
29117,ZERO_2020__WITHHELD_2010
29118,ZERO_2020__WITHHELD_2010
29119,ZERO_2020__WITHHELD_2010
29122,ZERO_2020__WITHHELD_2010
29125,ZERO_2020__WITHHELD_2010
29127,ZERO_2020__WITHHELD_2010
29135,ZERO_2020__WITHHELD_2010
29141,ZERO_2020__WITHHELD_2010
29143,ZERO_2020__WITHHELD_2010
29148,ZERO_2020__WITHHELD_2010
29154,ZERO_2020__WITHHELD_2010
30001,ZERO_2020__WITHHELD_2010
30003,ZERO_2020__WITHHELD_2010
30004,ZERO_2020__WITHHELD_2010
30005,ZERO_2020__WITHHELD_2010
30006,ZERO_2020__WITHHELD_2010
30007,ZERO_2020__WITHHELD_2010
30008,ZERO_2020__WITHHELD_2010
30010,ZERO_2020__POSITIVE_2010
30011,ZERO_2020__WITHHELD_2010
30012,ZERO_2020__WITHHELD_2010
30016,ZERO_2020__WITHHELD_2010
30017,ZERO_2020__WITHHELD_2010
30020,ZERO_2020__WITHHELD_2010
30021,ZERO_2020__WITHHELD_2010
30022,ZERO_2020__WITHHELD_2010
30023,ZERO_2020__WITHHELD_2010
30024,ZERO_2020__WITHHELD_2010
30027,ZERO_2020__WITHHELD_2010
30032,ZERO_2020__WITHHELD_2010
30033,ZERO_2020__WITHHELD_2010
30034,ZERO_2020__WITHHELD_2010
30035,ZERO_2020__WITHHELD_2010
30036,ZERO_2020__WITHHELD_2010
30037,ZERO_2020__WITHHELD_2010
30042,ZERO_2020__WITHHELD_2010
30046/30048,ZERO_2020__WITHHELD_2010
30051,ZERO_2020__WITHHELD_2010
30054,ZERO_2020__WITHHELD_2010
30055,ZERO_2020__WITHHELD_2010
30057,ZERO_2020__WITHHELD_2010
30058,ZERO_2020__WITHHELD_2010
30061,ZERO_2020__WITHHELD_2010
30064,ZERO_2020__WITHHELD_2010
30065,ZERO_2020__WITHHELD_2010
30066,ZERO_2020__WITHHELD_2010
30067,ZERO_2020__WITHHELD_2010
30069,ZERO_2020__WITHHELD_2010
30071,ZERO_2020__WITHHELD_2010
30072,ZERO_2020__WITHHELD_2010
30073,ZERO_2020__WITHHELD_2010
30075,ZERO_2020__WITHHELD_2010
30076,ZERO_2020__WITHHELD_2010
30079,ZERO_2020__WITHHELD_2010
30083,ZERO_2020__WITHHELD_2010
30085,ZERO_2020__WITHHELD_2010
30091,ZERO_2020__WITHHELD_2010
30092,ZERO_2020__WITHHELD_2010
30099,ZERO_2020__WITHHELD_2010
30102,ZERO_2020__WITHHELD_2010
30103,ZERO_2020__WITHHELD_2010
30105,ZERO_2020__WITHHELD_2010
30108,ZERO_2020__WITHHELD_2010
30109,ZERO_2020__WITHHELD_2010
30110,ZERO_2020__WITHHELD_2010
31004,ZERO_2020__WITHHELD_2010
31007,ZERO_2020__WITHHELD_2010
31008,ZERO_2020__WITHHELD_2010
31011,ZERO_2020__WITHHELD_2010
31012,ZERO_2020__WITHHELD_2010
31013,ZERO_2020__WITHHELD_2010
31015,ZERO_2020__WITHHELD_2010
31016,ZERO_2020__WITHHELD_2010
31017,ZERO_2020__WITHHELD_2010
31018,ZERO_2020__WITHHELD_2010
31019,ZERO_2020__WITHHELD_2010
31022,ZERO_2020__WITHHELD_2010
31023,ZERO_2020__WITHHELD_2010
31026,ZERO_2020__POSITIVE_2010
31028,ZERO_2020__WITHHELD_2010
31029,ZERO_2020__WITHHELD_2010
31030,ZERO_2020__POSITIVE_2010
31031/31027,ZERO_2020__WITHHELD_2010
31032,ZERO_2020__WITHHELD_2010
31035,ZERO_2020__WITHHELD_2010
31036,ZERO_2020__POSITIVE_2010
31037,ZERO_2020__WITHHELD_2010
31039,ZERO_2020__WITHHELD_2010
31040,ZERO_2020__WITHHELD_2010
31041,ZERO_2020__WITHHELD_2010
31043,ZERO_2020__WITHHELD_2010
31046,ZERO_2020__WITHHELD_2010
31047,ZERO_2020__WITHHELD_2010
31050,ZERO_2020__WITHHELD_2010
31053,ZERO_2020__WITHHELD_2010
31054,ZERO_2020__WITHHELD_2010
31055,ZERO_2020__WITHHELD_2010
31056,ZERO_2020__POSITIVE_2010
31057,ZERO_2020__WITHHELD_2010
31058,ZERO_2020__POSITIVE_2010
31059,ZERO_2020__WITHHELD_2010
31061,ZERO_2020__WITHHELD_2010
31062,ZERO_2020__WITHHELD_2010
31063,ZERO_2020__WITHHELD_2010
31065,ZERO_2020__WITHHELD_2010
31066,ZERO_2020__POSITIVE_2010
31067/31069,ZERO_2020__WITHHELD_2010
31068,ZERO_2020__WITHHELD_2010
31070,ZERO_2020__WITHHELD_2010
31072,ZERO_2020__WITHHELD_2010
31075,ZERO_2020__WITHHELD_2010
31076,ZERO_2020__WITHHELD_2010
31077,ZERO_2020__WITHHELD_2010
31078/31071,ZERO_2020__WITHHELD_2010
31079,ZERO_2020__WITHHELD_2010
31080,ZERO_2020__POSITIVE_2010
31081,ZERO_2020__WITHHELD_2010
32009,ZERO_2020__WITHHELD_2010
32019,ZERO_2020__WITHHELD_2010
32020,ZERO_2020__WITHHELD_2010
32021,ZERO_2020__WITHHELD_2010
32026,ZERO_2020__WITHHELD_2010
32032,ZERO_2020__POSITIVE_2010
32035,ZERO_2020__POSITIVE_2010
32042,ZERO_2020__WITHHELD_2010
32043,ZERO_2020__WITHHELD_2010
32044,ZERO_2020__WITHHELD_2010
32046,ZERO_2020__POSITIVE_2010
32047,ZERO_2020__POSITIVE_2010
32063,ZERO_2020__WITHHELD_2010
32064,ZERO_2020__WITHHELD_2010
32075,ZERO_2020__WITHHELD_2010
32085,ZERO_2020__WITHHELD_2010
32091,ZERO_2020__WITHHELD_2010
32092,ZERO_2020__WITHHELD_2010
32093,ZERO_2020__WITHHELD_2010
33005,ZERO_2020__WITHHELD_2010
33007,ZERO_2020__WITHHELD_2010
33008,ZERO_2020__WITHHELD_2010
33009,ZERO_2020__WITHHELD_2010
33011,ZERO_2020__WITHHELD_2010
33022,ZERO_2020__WITHHELD_2010
33027,ZERO_2020__WITHHELD_2010
33029,ZERO_2020__WITHHELD_2010
33034,ZERO_2020__WITHHELD_2010
33066,ZERO_2020__WITHHELD_2010
33068,ZERO_2020__WITHHELD_2010
33069,ZERO_2020__WITHHELD_2010
33070,ZERO_2020__WITHHELD_2010
33072,ZERO_2020__WITHHELD_2010
33073,ZERO_2020__WITHHELD_2010
33075,ZERO_2020__POSITIVE_2010
33079,ZERO_2020__WITHHELD_2010
33080,ZERO_2020__WITHHELD_2010
33082,ZERO_2020__WITHHELD_2010
33087,ZERO_2020__WITHHELD_2010
33089,ZERO_2020__WITHHELD_2010
33090,ZERO_2020__WITHHELD_2010
33093,ZERO_2020__WITHHELD_2010
33094,ZERO_2020__WITHHELD_2010
33095,ZERO_2020__WITHHELD_2010
33097,ZERO_2020__WITHHELD_2010
33099,ZERO_2020__WITHHELD_2010
33100,ZERO_2020__WITHHELD_2010
33102,ZERO_2020__WITHHELD_2010
33103,ZERO_2020__WITHHELD_2010
33107,ZERO_2020__WITHHELD_2010
33109,ZERO_2020__WITHHELD_2010
33110,ZERO_2020__WITHHELD_2010
33115,ZERO_2020__WITHHELD_2010
33116,ZERO_2020__WITHHELD_2010
33117,ZERO_2020__WITHHELD_2010
33120,ZERO_2020__WITHHELD_2010
33121,ZERO_2020__WITHHELD_2010
33122,ZERO_2020__WITHHELD_2010
33125,ZERO_2020__WITHHELD_2010
33126,ZERO_2020__WITHHELD_2010
33127,ZERO_2020__WITHHELD_2010
33128,ZERO_2020__WITHHELD_2010
33131,ZERO_2020__WITHHELD_2010
33143,ZERO_2020__WITHHELD_2010
33145,ZERO_2020__WITHHELD_2010
33147,ZERO_2020__WITHHELD_2010
34008,ZERO_2020__POSITIVE_2010
34009,ZERO_2020__WITHHELD_2010
34012,ZERO_2020__POSITIVE_2010
34014,ZERO_2020__WITHHELD_2010
34018,ZERO_2020__WITHHELD_2010
34045,ZERO_2020__POSITIVE_2010
34049,ZERO_2020__POSITIVE_2010
34061,ZERO_2020__POSITIVE_2010
34066,ZERO_2020__WITHHELD_2010
34067,ZERO_2020__POSITIVE_2010