CSOED,County,AIM_ELECTORAL_DIVISION,MATCH_POLICY,EVIDENCE
7007,Kilkenny,DUNNAMAGGAN,BOUNDARY_ALIAS,7007:BOUNDARY_PROPNAME:Dunnamaggan
11041,Meath,TELTOWN,BOUNDARY_ALIAS,11041:BOUNDARY_EDNAME:Teltown
11053,Meath,DONAGHPATRICK,BOUNDARY_ALIAS,11053:BOUNDARY_EDNAME:Donaghpatrick
11070,Meath,ATHBOY,BOUNDARY_ALIAS,11070:BOUNDARY_EDNAME:Athboy
11082,Meath,KILBRIDE,BOUNDARY_ALIAS,11082:BOUNDARY_EDNAME:Kilbride
11084,Meath,KILDALKEY,BOUNDARY_ALIAS,11084:BOUNDARY_PROPNAME:Kildalkey
11090,Meath,RATHMORE,BOUNDARY_ALIAS,11090:BOUNDARY_EDNAME:Rathmore
12066,Offaly,DERRYCOOLY,BOUNDARY_ALIAS,12066:BOUNDARY_PROPNAME:Derrycooly
16122,Clare,CAHERHURLY,BOUNDARY_ALIAS,16122:BOUNDARY_PROPNAME:Caherhurly
18202,Cork,CLEANRATH,BOUNDARY_ALIAS,18202:BOUNDARY_EDNAME:Cleanrath
18212,Cork,KILNAMARTERY,BOUNDARY_ALIAS,18212:BOUNDARY_EDNAME:Kilnamartery
18290,Cork,CAPE CLEAR,BOUNDARY_ALIAS,18290:BOUNDARY_EDNAME:Cape Clear
19004,Kerry,BAHAGHS,BOUNDARY_ALIAS,19004:BOUNDARY_EDNAME:Bahaghs
19006,Kerry,BALLYBRACK,BOUNDARY_ALIAS,19006:BOUNDARY_EDNAME:Ballybrack
19008,Kerry,CAHERDANIEL,BOUNDARY_ALIAS,19008:BOUNDARY_EDNAME:Caherdaniel
19013,Kerry,DARRYNANE,BOUNDARY_ALIAS,19013:BOUNDARY_EDNAME:Darrynane
19015,Kerry,EMLAGH,BOUNDARY_ALIAS,19015:BOUNDARY_EDNAME:Emlagh
19019,Kerry,LOUGHCURRANE,BOUNDARY_ALIAS,19019:BOUNDARY_EDNAME:Loughcurrane
19044,Kerry,STRADBALLY,BOUNDARY_ALIAS,19044:BOUNDARY_EDNAME:Stradbally
23107,Tipperary,GRAYSTOWN,BOUNDARY_ALIAS,23107:BOUNDARY_PROPNAME:Graystown
25034,Waterford,RINGVILLE,BOUNDARY_ALIAS,25034:BOUNDARY_EDNAME:Ringville
26003,Galway,BARNA,BOUNDARY_ALIAS,26003:BOUNDARY_EDNAME:Barna
27034,Galway,MOYRUS,BOUNDARY_ALIAS,27034:BOUNDARY_EDNAME:Moyrus
27037,Galway,ROUNDSTONE,BOUNDARY_ALIAS,27037:BOUNDARY_EDNAME:Roundstone
27042,Galway,BALLINTEMPLE,BOUNDARY_ALIAS,27042:BOUNDARY_EDNAME:Ballintemple
27044,Galway,BARNA,BOUNDARY_ALIAS,27044:BOUNDARY_EDNAME:Barna
27058,Galway,LISHEENAVALLA,BOUNDARY_ALIAS,27058:BOUNDARY_EDNAME:Lisheenavalla
27065,Galway,TULLOKYNE,BOUNDARY_ALIAS,27065:BOUNDARY_EDNAME:Tullokyne
27131,Galway,MOYODE,BOUNDARY_ALIAS,27131:BOUNDARY_PROPNAME:Moyode
27156,Galway,LETTERBRICKAUN,BOUNDARY_ALIAS,27156:BOUNDARY_EDNAME:Letterbrickaun
29035,Mayo,BALLYOVEY,BOUNDARY_ALIAS,29035:BOUNDARY_EDNAME:Ballyovey
29048,Mayo,PORTROYAL,BOUNDARY_ALIAS,29048:BOUNDARY_EDNAME:Portroyal
29051,Mayo,AN GEATA MOR THUAIDH,BOUNDARY_ALIAS,29051:BOUNDARY_EDNAME:An Geata Mór Thuaidh
29059,Mayo,GOOLAMORE,BOUNDARY_ALIAS,29059:BOUNDARY_EDNAME:Goolamore
29082,Mayo,TAWNYNAGRY,BOUNDARY_ALIAS,29082:BOUNDARY_EDNAME:Tawnynagry
33012,Donegal,BINBANE,BOUNDARY_ALIAS,33012:BOUNDARY_EDNAME:Binbane
33023,Donegal,LOUGH EASK,BOUNDARY_ALIAS,33023:BOUNDARY_EDNAME:Lough Eask
33030,Donegal,CREENASMEAR,BOUNDARY_ALIAS,33030:BOUNDARY_EDNAME:Creenasmear
33031,Donegal,CREESLOUGH,BOUNDARY_ALIAS,33031:BOUNDARY_EDNAME:Creeslough
33032,Donegal,CROSS ROADS,BOUNDARY_ALIAS,33032:BOUNDARY_EDNAME:Cross Roads
33033,Donegal,DOE CASTLE,BOUNDARY_ALIAS,33033:BOUNDARY_EDNAME:Doe Castle
33034,Donegal,DUNFANAGHY,BOUNDARY_ALIAS,33034:BOUNDARY_EDNAME:Dunfanaghy
33041,Donegal,ARDARA,BOUNDARY_ALIAS,33041:BOUNDARY_EDNAME:Ardara
33050,Donegal,GLENGESH,BOUNDARY_ALIAS,33050:BOUNDARY_EDNAME:Glengesh
33052,Donegal,GLENTIES,BOUNDARY_ALIAS,33052:BOUNDARY_EDNAME:Glenties
33058,Donegal,LARGYMORE,BOUNDARY_ALIAS,33058:BOUNDARY_EDNAME:Largymore
33063,Donegal,MULMOSOG,BOUNDARY_ALIAS,33063:BOUNDARY_EDNAME:Mulmosog
33098,Donegal,CHURCH HILL,BOUNDARY_ALIAS,33098:BOUNDARY_EDNAME:Church Hill
33108,Donegal,SEACOR,BOUNDARY_ALIAS,33108:BOUNDARY_EDNAME:Seacor
33111,Donegal,CARRICKART,BOUNDARY_ALIAS,33111:BOUNDARY_EDNAME:Carrickart
33112,Donegal,CARROWKEEL,BOUNDARY_ALIAS,33112:BOUNDARY_EDNAME:Carrowkeel
33113,Donegal,CRANFORD,BOUNDARY_ALIAS,33113:BOUNDARY_EDNAME:Cranford
33114,Donegal,FANAD NORTH,BOUNDARY_ALIAS,33114:BOUNDARY_EDNAME:Fanad North
33115,Donegal,FANAD WEST,BOUNDARY_ALIAS,33115:BOUNDARY_EDNAME:Fanad West
33118,Donegal,GREENFORT,BOUNDARY_ALIAS,33118:BOUNDARY_EDNAME:Greenfort
33121,Donegal,KNOCKALLA,BOUNDARY_ALIAS,33121:BOUNDARY_EDNAME:Knockalla
33122,Donegal,LOUGHKEEL,BOUNDARY_ALIAS,33122:BOUNDARY_EDNAME:Loughkeel
33128,Donegal,TERMON,BOUNDARY_ALIAS,33128:BOUNDARY_EDNAME:Termon
33129,Donegal,ALTNAPASTE,BOUNDARY_ALIAS,33129:BOUNDARY_EDNAME:Altnapaste
33131,Donegal,CLOGHAN,BOUNDARY_ALIAS,33131:BOUNDARY_EDNAME:Cloghan
33144,Donegal,MEENCARGAGH,BOUNDARY_ALIAS,33144:BOUNDARY_EDNAME:Meencargagh
